Datetime (UTC),trend_mstl,resid_mstl,seasonal_seasonal_24,seasonal_seasonal_168
2024-01-01 00:00:00,580.4296114699931,2.8658429939073358,1.8795802686415246,-0.8550347325419797
2024-01-01 01:00:00,580.4295024256347,2.6460613520258676,-0.19344638167715936,-2.1821173959833517
2024-01-01 02:00:00,580.4294459417537,-1.0603791295311567,-1.504135670075267,-1.984931142147293
2024-01-01 03:00:00,580.429442694295,-0.6846937602072103,-0.9507862723830641,-1.463962661704607
2024-01-01 04:00:00,580.429493384919,-1.2118999062233797,-0.6091244619907177,-1.0284690167049075
2024-01-01 05:00:00,580.4295987554152,-1.7677628952076248,-2.6799048926602462,-0.9019309675472685
2024-01-01 06:00:00,580.4297595998079,-1.2971484608539186,0.21425422102452774,-0.5868653599784548
2024-01-01 07:00:00,580.4299767761569,-2.5902144603113584,-1.313082387025193,-1.0666799288202482
2024-01-01 08:00:00,580.4302512057362,-1.7940112831635133,2.3624656706685307,-1.3887055932412398
2024-01-01 09:00:00,580.4305838917161,0.27390729586613816,-0.8874622572501315,-0.5070289303321162
2024-01-01 10:00:00,580.4309758993401,-0.5412700880291368,-3.928215618844514,-0.11149019246640414
2024-01-01 11:00:00,580.4314283122967,-0.23619807041882268,-1.6368617216345762,0.7316314797565799
2024-01-01 12:00:00,580.4319422375243,-0.31989417084923844,-5.893402681468456,-0.7086453852065344
2024-01-01 13:00:00,580.4325188032057,-0.46995056758862574,-5.205045291771377,-1.5675229438455665
2024-01-01 14:00:00,580.4331591593991,-0.42381179503297517,-1.8022513147750419,-1.3970960495911293
2024-01-01 15:00:00,580.4338644811544,-0.7520369331211896,-1.7931952167166454,-1.508632331316568
2024-01-01 16:00:00,580.4346359697324,0.2391602444962473,4.661596824468371,-1.545393038697112
2024-01-01 17:00:00,580.435474853723,0.5868740290055712,1.8921921791549243,-2.7945410618835296
2024-01-01 18:00:00,580.4363823679129,1.3563603454130089,4.12003134983643,-2.7827740631622406
2024-01-01 19:00:00,580.4373597366465,1.4620915811376562,3.135886390562521,-2.205337708346679
2024-01-01 20:00:00,580.4384081556436,0.8082517087465249,1.9796051162557493,-2.57626498064593
2024-01-01 21:00:00,580.4395287888692,1.3291700344902893,1.6700345768868856,-2.2987334002464612
2024-01-01 22:00:00,580.4407227778223,1.3055505103366158,1.927457200317726,-1.8537304884765673
2024-01-01 23:00:00,580.4419912342134,1.9708122258715548,2.812660737595364,-0.9954641976803443
2024-01-02 00:00:00,580.443335234309,-0.38877326456224637,1.6288945326841726,-0.2334565024308566
2024-01-02 01:00:00,580.4447558176986,-0.5754787427720203,-0.21733099487347052,-1.4019460800531067
2024-01-02 02:00:00,580.4462540302011,1.246575203595512,-0.8830240926440521,-0.6298051411525509
2024-01-02 03:00:00,580.4478309296911,1.4420757159815594,-0.21212823097743164,-0.9477784146951943
2024-01-02 04:00:00,580.4494875501598,1.9115746525094437,0.3169834892598215,-0.658045691929041
2024-01-02 05:00:00,580.4512248865447,2.0082850997422383,-1.8346952664354648,-1.9048147198514234
2024-01-02 06:00:00,580.453043884477,1.3007053020346575,0.8401468834279896,-1.0538960699396485
2024-01-02 07:00:00,580.4549454389602,2.5323375082139137,-0.9768585562849698,-0.6404243908892131
2024-01-02 08:00:00,580.4569304005221,1.9908235391627613,2.6229134073236153,-0.2106673470084082
2024-01-02 09:00:00,580.4589995590042,0.4204557874367083,-0.8473540595054958,-1.7421012869354373
2024-01-02 10:00:00,580.4611536532432,1.6214033761170867,-3.939315272478417,-0.7732417568818322
2024-01-02 11:00:00,580.4633933952585,1.8681171292156478,-1.8976450285487432,-1.4938654959254538
2024-01-02 12:00:00,580.4657194537742,1.5058069138298151,-6.291182331806357,-2.5803440357977268
2024-01-02 13:00:00,580.4681324453022,1.4861726263491164,-5.81944689486601,-1.814858176785316
2024-01-02 14:00:00,580.4706329384585,1.2165815072690975,-2.525950779032889,-1.2212636666946182
2024-01-02 15:00:00,580.473221456153,1.4157731262051811,-2.4333253958320475,-1.6056691865261086
2024-01-02 16:00:00,580.4758984786519,0.4514979451500949,4.073420647477518,-2.0808170712795655
2024-01-02 17:00:00,580.478664444701,0.026259086559775824,1.6108178811439626,0.5642585875951494
2024-01-02 18:00:00,580.4815197689481,-0.6733282099241933,3.8838243055007378,0.5579841354752493
2024-01-02 19:00:00,580.4844648565053,-0.7293962216346017,3.016563169009861,0.43836819611952393
2024-01-02 20:00:00,580.4875001173767,0.3212357930968892,1.9458899246192356,0.6553741649071355
2024-01-02 21:00:00,580.4906259655598,0.5256864968173431,1.4585194026634165,0.45516813495932845
2024-01-02 22:00:00,580.4938427990548,0.5122776157462567,1.8994671035906578,0.22441248160827482
2024-01-02 23:00:00,580.4971509908622,-0.31051914471026976,2.8582303436556478,-0.034862189807627994
2024-01-03 00:00:00,580.5005508912212,0.845360485606534,1.4167815003102402,1.707307122862105
2024-01-03 01:00:00,580.5040428365745,1.2247189772401725,-0.22287733846943764,-0.06588447534522293
2024-01-03 02:00:00,580.5076271304918,3.544188877937131,-0.26843770833259384,0.35662169990374354
2024-01-03 03:00:00,580.5113040228265,3.1529077950276587,0.5253551887740355,-0.42956700662822894
2024-01-03 04:00:00,580.515073674777,2.679222103982852,1.2340530079646477,-1.6583487867245215
2024-01-03 05:00:00,580.5189361545747,2.889091302986685,-1.0004564968662888,-2.917570960695061
2024-01-03 06:00:00,580.5228914418898,2.366568123392426,1.442803634181218,-2.4622631994634725
2024-01-03 07:00:00,580.5269394262112,2.156378246406007,-0.6607070655655876,-1.2426106070516982
2024-01-03 08:00:00,580.5310799118222,1.7832076931478014,2.8551910180619426,-1.6094786230320566
2024-01-03 09:00:00,580.5353126218788,1.1937701372138463,-0.8155190188378656,-1.0735637402547515
2024-01-03 10:00:00,580.5396372050733,1.2718494297981806,-3.9431560325380093,-1.5183306023334782
2024-01-03 11:00:00,580.5440532441971,0.29614496471958773,-2.159046837895014,-2.6711513710216477
2024-01-03 12:00:00,580.5485602594257,1.6435853308543074,-6.687526234127277,-2.3746193561527633
2024-01-03 13:00:00,580.5531577170779,2.3475033631871156,-6.426116194572713,-2.244544885692208
2024-01-03 14:00:00,580.5578450065507,1.6474893826240304,-3.248502017438881,-1.3068323717358692
2024-01-03 15:00:00,580.5626214239878,1.9278094176609102,-3.0773339014519294,-0.3530969401968586
2024-01-03 16:00:00,580.567486176078,1.807772374462047,3.463883432804082,-0.7191419833441439
2024-01-03 17:00:00,580.572438375747,2.5903096363908844,1.3285979064269533,0.708654081435233
2024-01-03 18:00:00,580.5774770367498,0.6906787441422466,3.6519175855063364,3.049926633601623
2024-01-03 19:00:00,580.5826010664646,0.9326115358810512,2.912278452983293,3.3925089446711434
2024-01-03 20:00:00,580.5878092882504,0.9377799983805062,1.9148715246196801,2.2795391887494403
2024-01-03 21:00:00,580.5931004415788,0.40361237059596533,1.2724945500298799,1.820792637795253
2024-01-03 22:00:00,580.598473179856,-0.14124467750298209,1.876594881087474,-0.03382338344060622
2024-01-03 23:00:00,580.6039260786156,-0.5910368934642065,2.904812605654771,-0.7477017908062151
2024-01-04 00:00:00,580.6094576462788,-2.269951328532443,1.2269745806094299,0.6935191016442933
2024-01-04 01:00:00,580.6150663386006,-1.293924826804414,-0.22798777523779817,0.3768462634416295
2024-01-04 02:00:00,580.6207505823244,-1.9921348743000635,0.34400051076880206,0.1273837812069975
2024-01-04 03:00:00,580.626508767997,-2.0400060912787694,1.264961784473431,-0.7814644611917649
2024-01-04 04:00:00,580.6323392560304,-0.7850659846913004,2.146363377072331,-1.7836366484114365
2024-01-04 05:00:00,580.6382403737047,-0.5941154283459582,-0.17240807589492935,-2.2217168694637826
2024-01-04 06:00:00,580.6442103916349,-1.4222931682838862,2.018820606323532,0.06926217032539912
2024-01-04 07:00:00,580.6502475159373,-2.6491533364156794,-0.365282668917572,0.25418848939589744
2024-01-04 08:00:00,580.6563499039678,-1.472351932579386,3.062367060503278,0.19363496810829167
2024-01-04 09:00:00,580.662515680864,-0.9686073152885228,-0.7978314164016423,0.23392305082617726
2024-01-04 10:00:00,580.6687429220244,-0.9826430620147448,-3.94037221479724,0.23427235478755
2024-01-04 11:00:00,580.6750296370856,-1.1357989285160102,-2.429000930989788,-0.000229777579746359
2024-01-04 12:00:00,580.6813737654458,-0.5621650834791581,-7.073579747134679,1.9443710651680581
2024-01-04 13:00:00,580.687773173144,-1.1124939128728784,-7.0094261047434525,1.584146844472249
2024-01-04 14:00:00,580.6942256417536,0.2510562677074404,-3.9464724261467476,1.4211905166856158
2024-01-04 15:00:00,580.7007288653867,-0.26696851766746477,-3.7021448548710914,1.7783845071518305
2024-01-04 16:00:00,580.7072804248571,0.12730254692951348,2.8532801448979987,1.1421368833154246
2024-01-04 17:00:00,580.7138777832804,-1.4402334464932665,1.057483639128557,3.2088720240842026
2024-01-04 18:00:00,580.7205182821419,-1.2063896511094754,3.423182038256169,3.712689330711324
2024-01-04 19:00:00,580.727199162949,-2.159084112006667,2.821538393779883,3.51034655527783
2024-01-04 20:00:00,580.7339175700769,-1.041693147459796,1.8919963701669749,2.5857792072158743
2024-01-04 21:00:00,580.7406705576653,-1.1607895389797704,1.1143905268676606,3.1257284544468944
2024-01-04 22:00:00,580.7474550691876,-0.8042485537343964,1.859417418836206,3.6873760657106134
2024-01-04 23:00:00,580.7542679271648,0.016394537705764378,2.953488908430665,3.45584862669869
2024-01-05 00:00:00,580.7611058158476,-3.6296831118173714,1.045459944293232,4.253117351676478
2024-01-05 01:00:00,580.7679652713455,-2.930946775572579,-0.2393834233480361,3.3523649275751897
2024-01-05 02:00:00,580.7748427366445,-2.080847274922462,0.9319256045348769,2.8040789337431002
2024-01-05 03:00:00,580.7817345622359,-1.7967001759408276,1.9875643942948042,1.0074012194101407
2024-01-05 04:00:00,580.7886369840137,-1.9924377419612256,3.0349222286458355,1.0988785293015746
2024-01-05 05:00:00,580.7955461104957,-2.9973224295572436,0.6277244088203873,2.024051910241192
2024-01-05 06:00:00,580.8024579255492,-2.081079082932547,2.5539257271446414,2.5246954302387152
2024-01-05 07:00:00,580.8093683005355,-1.4511075010329932,-0.11254977456559608,2.7342889750631323
2024-01-05 08:00:00,580.8162729760462,0.2906918444608664,3.245942758571296,1.857092420921667
2024-01-05 09:00:00,580.8231675297559,-1.4946365726509612,-0.7822614330090392,1.8037304759040624
2024-01-05 10:00:00,580.8300473355615,-2.128638514802674,-3.9313165035648767,3.1299076828059995
2024-01-05 11:00:00,580.8369075935882,-0.31870645667243025,-2.700803161146305,3.7326020242304665
2024-01-05 12:00:00,580.8437433418816,-1.759458816200322,-7.440594051535223,4.016309525853943
2024-01-05 13:00:00,580.8505494229765,-1.7812694594903178,-7.563338666961536,3.7640587034752824
2024-01-05 14:00:00,580.8573205078933,-1.508343168736019,-4.593106366684577,3.2041290275273053
2024-01-05 15:00:00,580.864051107087,-1.7657581667319846,-4.290459714867209,2.6021667745122015
2024-01-05 16:00:00,580.8707355714567,-1.1322020797538244,2.273339289783898,3.138127218513248
2024-01-05 17:00:00,580.8773681026074,-1.443532033386873,0.8063156306828767,4.669848300096499
2024-01-05 18:00:00,580.8839427536559,-1.6530600526973558,3.2122615370717384,3.9968557619697105
2024-01-05 19:00:00,580.8904534539803,-1.6789325310717231,2.751613261787371,4.566865815304076
2024-01-05 20:00:00,580.896894044421,-1.427909187298951,1.8873248491797334,3.543690293698217
2024-01-05 21:00:00,580.9032583145424,-2.7140953798914325,0.9880841485504795,3.292752916798521
2024-01-05 22:00:00,580.9095400523875,-1.3833058703991128,1.8647495636788283,3.719016254332786
2024-01-05 23:00:00,580.9157331317019,-1.5180377358603891,3.0364923546402145,3.665812249518283
2024-01-06 00:00:00,580.921831565442,0.45329596254021,0.9535501689054735,2.5213223031123064
2024-01-06 01:00:00,580.9278295823528,-0.18133996819449294,-0.15391449090227394,4.1974248767439155
2024-01-06 02:00:00,580.933721685246,-0.9796289283224269,1.4165868970220807,4.62932034605432
2024-01-06 03:00:00,580.9395028043912,-0.5450703407631181,2.6429060794537875,5.4226614569181715
2024-01-06 04:00:00,580.9451685031224,-1.4455177608699614,3.8181495477817413,6.172199709965733
2024-01-06 05:00:00,580.9507151924523,-1.6982819524619117,1.3064593799107838,6.121107380098755
2024-01-06 06:00:00,580.9561404203943,-0.3120777688259295,3.0144046636036985,4.68153268482792
2024-01-06 07:00:00,580.9614431841021,-0.2399687605834515,0.023175091825434296,5.34535048465593
2024-01-06 08:00:00,580.9666242341297,-1.3711512802327661,3.38041198397537,3.9241150621277416
2024-01-06 09:00:00,580.9716864697602,-1.5152061169374065,-0.7024290060407019,2.7059486532179284
2024-01-06 10:00:00,580.9766354338295,-1.6385788751458676,-3.9099434739210364,0.9318869152374096
2024-01-06 11:00:00,580.9814798213253,-2.436203732903323,-2.9260373720924306,0.220761283670519
2024-01-06 12:00:00,580.9862320043802,-3.7137905194203995,-7.808473963212461,0.16603247825259035
2024-01-06 13:00:00,580.9909085771613,-4.451664755013326,-8.137478647036874,0.5282348248888927
2024-01-06 14:00:00,580.9955308592791,-4.916022248058425,-5.228013510241746,0.4185048990210124
2024-01-06 15:00:00,581.0001252543539,-3.7208918900690833,-4.913129121202579,0.7338957569178066
2024-01-06 16:00:00,581.0047233640968,-3.0106074223856467,1.7063882779652317,0.5994957803236748
2024-01-06 17:00:00,581.0093617117599,-4.770815516661628,0.5544771534838263,-3.3730233485820924
2024-01-06 18:00:00,581.0140809483164,-3.3926198993988237,3.068514985275723,-1.7599760341932702
2024-01-06 19:00:00,581.0189243718038,-3.9361713976600186,2.748082780148954,-2.430835754292779
2024-01-06 20:00:00,581.023935393045,-4.745304956618156,1.887771517976549,-2.3564019544035233
2024-01-06 21:00:00,581.0335332295153,-4.0915132726100865,0.8832752503896882,-3.5452952072949477
2024-01-06 22:00:00,581.0429643118508,-4.773863744191203,1.9113808577555154,-3.5704814254150574
2024-01-06 23:00:00,581.0522279216839,-4.393491433000804,3.218299196620025,-1.4870356853031397
2024-01-07 00:00:00,581.0613246823613,-2.5959141089819013,1.0830988746780492,-4.878509448057478
2024-01-07 01:00:00,581.0702562406846,-0.2162248631714192,-0.12093282760874761,-6.253098549904366
2024-01-07 02:00:00,581.0790249644668,-0.5328637376267125,1.6741725772751628,-7.520333804115221
2024-01-07 03:00:00,581.0876335785379,-1.9831951374345635,3.205734519965033,-3.530172961068416
2024-01-07 04:00:00,581.0960847118895,-0.6425884850513057,4.427582547366816,-2.89107877420497
2024-01-07 05:00:00,581.1043804728636,0.6454747364974764,1.8763950339979871,-1.2462502433589833
2024-01-07 06:00:00,581.1125223827615,-0.15801367167614444,3.228302462948623,-3.1828111740340423
2024-01-07 07:00:00,581.1205119700247,-1.872815763152289,0.02927640578491531,-1.896972612657363
2024-01-07 08:00:00,581.1283505949569,-2.3777408001186586,3.454499463118371,-4.7151092579566765
2024-01-07 09:00:00,581.136039530977,-1.3943192077769027,-0.5148458204869916,-1.3168745027130704
2024-01-07 10:00:00,581.1435806059421,-1.2738568012207452,-3.612998323393851,-3.2467254813275725
2024-01-07 11:00:00,581.150975978391,-1.0648067786577258,-2.8770371817825873,-2.619132017950582
2024-01-07 12:00:00,581.1582277553543,-0.8116952332893561,-7.954263437906796,-0.5422690841582484
2024-01-07 13:00:00,581.165337797347,-1.5148532494943083,-8.465234573512648,0.394750025660055
2024-01-07 14:00:00,581.1723082562172,-3.3200899134444626,-5.542678559788965,-0.36953978298372187
2024-01-07 15:00:00,581.1791418328415,-2.6093410218693407,-5.347878920510738,-1.201921890461464
2024-01-07 16:00:00,581.1858416635179,-2.835082154968177,1.198405291711082,-1.509164800260793
2024-01-07 17:00:00,581.1924115476809,1.6685084485565085,0.05751960981140168,-5.868439606048805
2024-01-07 18:00:00,581.1988555586208,2.7964318055924196,2.727073402531141,-6.442360766744452
2024-01-07 19:00:00,581.2051779280885,2.805146901163994,2.4897955206328866,-5.790120349885325
2024-01-07 20:00:00,581.211383050494,2.9387644683936287,1.5452650934173553,-5.275412612305026
2024-01-07 21:00:00,581.2174753812704,3.4918959253205912,0.5441871555980766,-3.153558462189026
2024-01-07 22:00:00,581.2234589920387,3.2962406409272944,1.729554388366087,-2.6692540213320295
2024-01-07 23:00:00,581.2293372843146,2.3499152238994157,3.320163528437885,-2.2594160366519778
2024-01-08 00:00:00,581.2351131011942,0.2757120639248569,1.2440520811174856,-1.0748772462366611
2024-01-08 01:00:00,581.2407889723507,0.5066694309432478,-0.1301245454115615,-2.207333857882411
2024-01-08 02:00:00,581.2463671788382,1.055387735861359,1.933737907625984,-1.9254928223255958
2024-01-08 03:00:00,581.2518496016191,1.8840418961602836,3.697249736310422,-1.3931412340897469
2024-01-08 04:00:00,581.2572377555057,2.0077661281135306,4.999631096417219,-0.9746349800365208
2024-01-08 05:00:00,581.2625330498039,1.0893299885550505,2.6524758011931757,-0.7443388395521341
2024-01-08 06:00:00,581.2677368392884,0.5468366646892946,3.5270254836875314,-0.4015989876652169
2024-01-08 07:00:00,581.272850337634,1.3371094907744236,0.18413906675360486,-0.874098895162068
2024-01-08 08:00:00,581.2778750631938,1.0570204325141503,3.622829607673369,-1.0777251033813382
2024-01-08 09:00:00,581.2828128386936,-1.1953101848599772,-0.21121572836698524,-0.44628692546675247
2024-01-08 10:00:00,581.287665635659,0.353481652300502,-3.2050496086465268,-0.11609767931296433
2024-01-08 11:00:00,581.2924354798597,0.3687765878171376,-2.7533366836100766,0.5421246159332965
2024-01-08 12:00:00,581.2971245068392,1.2423518350005907,-7.910007851183173,-0.6294684906565522
2024-01-08 13:00:00,581.301735339698,2.3726229407759547,-8.565062546913838,-1.299295733560136
2024-01-08 14:00:00,581.306270804956,2.146810284188291,-5.744695258827667,-1.3583858303165928
2024-01-08 15:00:00,581.3107334961946,3.0554383476253406,-5.653729585953539,-1.62244225786636
2024-01-08 16:00:00,581.3151255134454,2.9165500365243133,0.7671256002705443,-1.6788011502402502
2024-01-08 17:00:00,581.3194477757776,4.63357512982202,-0.4539600570452177,-2.6290628485542777
2024-01-08 18:00:00,581.3236996955167,3.3778103091385674,2.2667177136861483,-2.7282277183413717
2024-01-08 19:00:00,581.3278794763762,4.606916993694654,2.105603245762389,-2.240399715833276
2024-01-08 20:00:00,581.3319846970502,4.938776221433386,1.082619625444486,-2.5933805439280833
2024-01-08 21:00:00,581.3360122639793,5.290110794565862,0.08846696261899238,-2.3745900211641953
2024-01-08 22:00:00,581.3399583303014,4.095826569308201,1.3021805433419429,-1.9579654429515925
2024-01-08 23:00:00,581.3438175818418,3.076836120261305,3.229086710808347,-0.9997404129115064
2024-01-09 00:00:00,581.3475838662654,4.274291180552382,1.218419811392451,-0.23029485821024184
2024-01-09 01:00:00,581.3512504068892,3.8280490484871734,-0.2721532581744247,-1.2971461972020193
2024-01-09 02:00:00,581.3548096363309,3.7479978947657173,2.055054319816528,-0.6378618509131325
2024-01-09 03:00:00,581.3582531846321,4.060932742456771,3.99421181520424,-0.9133977422930873
2024-01-09 04:00:00,581.3615721202217,2.5499213627267636,5.597054098015171,-0.7685475809635866
2024-01-09 05:00:00,581.3647571541118,2.2903508576101785,3.546334450856026,-1.84144246257797
2024-01-09 06:00:00,581.3677984880238,3.247408801354368,3.7926278570845686,-1.1578351464627528
2024-01-09 07:00:00,581.3706854802664,2.6675432089537026,0.413212297196014,-0.7314409864160587
2024-01-09 08:00:00,581.3734066683145,3.973306016544143,3.9158567889750926,-0.3425694738337892
2024-01-09 09:00:00,581.3759496328075,3.8161287692778387,0.14867805036177847,-1.6507564524470928
2024-01-09 10:00:00,581.3783015402313,4.394664227700332,-2.822537602957139,-0.8404281649744809
2024-01-09 11:00:00,581.3804496649934,3.473947787552788,-2.623384050593652,-1.4210134019526202
2024-01-09 12:00:00,581.3823812343867,3.8490617070269764,-7.76790848774413,-2.4135344536696732
2024-01-09 13:00:00,581.3840834937323,3.7375129159726157,-8.457863504222013,-1.6537329054828815
2024-01-09 14:00:00,581.3855438112782,4.28202706143054,-5.708973857904995,-1.168597014803784
2024-01-09 15:00:00,581.3867497789272,3.678031038232689,-5.788304923830902,-1.5164758933290146
2024-01-09 16:00:00,581.3876888685489,3.5804463885001496,0.5088470226604228,-1.8869822797095477
2024-01-09 17:00:00,581.3883486687006,3.4034632746363513,-0.8179661533812417,0.6561542100443395
2024-01-09 18:00:00,581.3887172175723,3.385921195396577,1.837277719140313,0.6380838678907856
2024-01-09 19:00:00,581.3887827610415,3.1600091134115473,1.7295540246982828,0.5216541008486827
2024-01-09 20:00:00,581.388533781266,3.3660949799940454,0.6737861102413071,0.7215851284986132
2024-01-09 21:00:00,581.3879587612051,3.635256757306365,-0.3647200253359046,0.5415045068245126
2024-01-09 22:00:00,581.3870455660381,3.8713181997126185,0.7190972287981032,0.33253900545114656
2024-01-09 23:00:00,581.3857813853958,3.703597796343729,3.037005600571704,0.20361521768887686
2024-01-10 00:00:00,581.3841525194537,1.1219764117762452,0.9362700872038896,1.7576009815663054
2024-01-10 01:00:00,581.3821444306645,0.8245488148349978,-0.5772433118030464,0.13055006630345797
2024-01-10 02:00:00,581.3797424015344,-0.5697079379618799,1.9501631795936312,0.4798023568337893
2024-01-10 03:00:00,581.3769316987112,-2.306527070935317,4.004232835245596,-0.25463746302153484
2024-01-10 04:00:00,581.3736974209921,-3.525826669915432,6.1048409213891155,-1.352711672465831
2024-01-10 05:00:00,581.3700244146598,-4.262706151834209,4.29287010260509,-2.4801883654307724
2024-01-10 06:00:00,581.3658977139486,-1.806753210412694,3.9696453299464385,-2.2487898334822587
2024-01-10 07:00:00,581.3613028259114,-1.7457558226886931,0.718428986984093,-1.033975990206868
2024-01-10 08:00:00,581.3562254059008,-0.8969873224168623,4.449385977659771,-1.3886240611436733
2024-01-10 09:00:00,581.3506512547058,-0.01878985246639786,0.6482275948693652,-0.890088997108676
2024-01-10 10:00:00,581.3445663728947,1.0598120250873535,-2.457895551365631,-1.2964828466165645
2024-01-10 11:00:00,581.3379569041155,1.5329972727093946,-2.3246735468485955,-2.276280629976377
2024-01-10 12:00:00,581.3308094585047,0.9400917260214783,-7.613055491721341,-1.9678456928049033
2024-01-10 13:00:00,581.3231110895154,0.5258919979337406,-8.236002067445341,-1.9230010200036323
2024-01-10 14:00:00,581.3148494736897,1.6558033342630551,-5.380533347929675,-1.1301194600230007
2024-01-10 15:00:00,581.3060126980433,1.1420706202078463,-5.739419636986515,-0.2686636812645781
2024-01-10 16:00:00,581.2965891254405,1.0815951242110486,0.5112803269305237,-0.5394645765820366
2024-01-10 17:00:00,581.2865674694335,-1.2480237788431623,-1.1779635247321925,0.8894198341417978
2024-01-10 18:00:00,581.2759371942909,-0.2667017040743076,1.3655650186849624,2.945199491098453
2024-01-10 19:00:00,581.2646887045319,-0.9687297389815512,1.2568093984772006,3.287231635972527
2024-01-10 20:00:00,581.252813275482,-1.0950007568694673,0.15291317981762434,2.3792743015699407
2024-01-10 21:00:00,581.2403031211163,-0.6826052689469861,-1.070886792951572,2.0631889407821875
2024-01-10 22:00:00,581.2271508744536,1.0628375742099934,-0.038439160093704794,0.35845071143007623
2024-01-10 23:00:00,581.2133498275173,1.8929844952725716,2.7270261147886496,-0.35336043757846985
2024-01-11 00:00:00,581.1988946779566,1.570716655027013,0.6133043658278307,0.9170843011885833
2024-01-11 01:00:00,581.1837817171472,1.1194014989679317,-0.8530597743699143,0.7598765582548099
2024-01-11 02:00:00,581.1680082608013,2.4025020132369264,1.7705491734949113,0.3589405524668279
2024-01-11 03:00:00,581.1515720426908,2.396690230963486,3.887203630102454,-0.7754659037567568
2024-01-11 04:00:00,581.1344710355822,0.9213029412518381,6.481175457970357,-1.5669494348044226
2024-01-11 05:00:00,581.1167034285232,1.2560076174844426,4.952534358556073,-1.9652454045637182
2024-01-11 06:00:00,581.0982680563967,3.4016563976382486,4.229082874255277,0.020992671709846183
2024-01-11 07:00:00,581.079164411528,3.585853377559147,1.2175841609942677,0.42739804991849917
2024-01-11 08:00:00,581.0593925926078,3.848865661489981,5.170083694946613,0.2816580509557068
2024-01-11 09:00:00,581.0389538180227,2.4475687339094065,1.314324066217436,0.399153381850532
2024-01-11 10:00:00,581.0178503024326,2.1062617726958024,-2.0482929474624765,0.5141808723341681
2024-01-11 11:00:00,580.9960854050013,1.9623779875137188,-1.898658972991446,0.3601955804764233
2024-01-11 12:00:00,580.9736638899949,2.279327393031963,-7.494729338369282,2.0117380553424367
2024-01-11 13:00:00,580.9505917172515,1.2036929340690676,-8.090585591854394,1.6463009405338462
2024-01-11 14:00:00,580.9268758472432,0.4242237395715165,-5.012118312980795,1.551018726166068
2024-01-11 15:00:00,580.9025242665589,0.18921930897704442,-5.597720169657679,1.9059765941217781
2024-01-11 16:00:00,580.8775457212301,0.1487189413288661,0.6837393326342492,1.419996004806785
2024-01-11 17:00:00,580.8519494893153,-1.3638669333057578,-1.6558162835072976,3.5577337274977165
2024-01-11 18:00:00,580.8257455099201,-2.402367764819701,0.8619459448970184,4.044676310002616
2024-01-11 19:00:00,580.7989441748215,-2.13354262181997,0.6450591897992046,3.8895392571993037
2024-01-11 20:00:00,580.7715562191692,-2.039541487269844,-0.4686981835013716,3.15668345160197
2024-01-11 21:00:00,580.7435930101788,-2.1280108779009197,-1.996712676342095,3.721130544064343
2024-01-11 22:00:00,580.7150672204045,-3.3072726480553456,-0.8927541748498032,4.144959602500512
2024-01-11 23:00:00,580.685992836049,-1.7870917344542931,2.346957538236183,3.66414136016909
2024-01-12 00:00:00,580.656385073425,-1.0572195597032987,0.3634787712458319,4.4273557150324745
2024-01-12 01:00:00,580.6262602793555,-1.0723300151984176,-0.974013274763472,3.6000830106063297
2024-01-12 02:00:00,580.5956355730002,-0.6008433615626245,1.6341918849027401,2.8810159036596628
2024-01-12 03:00:00,580.5645290683923,0.18084418230796473,3.7201361273929456,1.1844906219067428
2024-01-12 04:00:00,580.5329601880784,-0.14153173323563806,6.83271242291281,1.335859122244397
2024-01-12 05:00:00,580.5009497180421,0.3185521704590428,5.701668035346419,2.1588300761523658
2024-01-12 06:00:00,580.4685194268804,-1.396331924406013,4.659090459743893,2.568722037781683
2024-01-12 07:00:00,580.4356919734684,-1.6586342914729357,1.799709387317599,2.6332329306869533
2024-01-12 08:00:00,580.4024912988425,-2.0070058848212966,5.838982797618672,1.9655317883601373
2024-01-12 09:00:00,580.368943102528,-1.8065214105906762,1.9011468725339427,1.966431435528778
2024-01-12 10:00:00,580.3350744891928,-1.2172571967565773,-1.8159266003196601,3.1681093078834417
2024-01-12 11:00:00,580.3009134073476,-3.776410657576662,-1.5082683400713215,3.7237655903004763
2024-01-12 12:00:00,580.2664883672079,-1.512113078057041,-7.371218998530263,4.06684370937945
2024-01-12 13:00:00,580.2318284810677,-0.9502028158492521,-8.080028844165732,3.8584031789471873
2024-01-12 14:00:00,580.1969635298866,-2.151407895922034,-4.865027138684854,3.4194715047202378
2024-01-12 15:00:00,580.1619235148514,-1.95782218967463,-5.567055444564495,2.892954119387677
2024-01-12 16:00:00,580.1267384636042,-1.716100602995084,0.7152309547814398,3.394131184609528
2024-01-12 17:00:00,580.0914382581005,0.4784424530770366,-1.9802422599332055,4.500361548755655
2024-01-12 18:00:00,580.0560523240389,0.6606112835096383,0.5285392848475234,3.8747971076039827
2024-01-12 19:00:00,580.0206095190886,0.3318256117020155,0.14208289770693688,4.325481971502497
2024-01-12 20:00:00,579.9851381779514,0.37703764030129605,-0.8276097588446826,3.495433940591959
2024-01-12 21:00:00,579.9496661728714,0.7738217631315365,-2.6504202880241303,3.156932352021301
2024-01-12 22:00:00,579.9142211064814,-0.6570056571555369,-1.5867607570145321,3.469545307688648
2024-01-12 23:00:00,579.8788322628093,-0.7341329159195311,1.9776292957949035,3.21767135731521
2024-01-13 00:00:00,579.8435308768268,-1.7259330108721542,0.16151290733551701,2.050889226709957
2024-01-13 01:00:00,579.8083496678958,-0.39714465068357185,-0.9260547337001765,3.6048497164880366
2024-01-13 02:00:00,579.7733228942107,-1.0911379620076787,1.4911363373843298,4.356678730412663
2024-01-13 03:00:00,579.7384864835067,-1.911218589969394,3.549005336779783,5.173726769682893
2024-01-13 04:00:00,579.7038776656801,1.1153056379589543,7.132310513150367,5.868506183210594
2024-01-13 05:00:00,579.6695342771754,0.47487181489884733,6.298100728718013,6.027493179207707
2024-01-13 06:00:00,579.6354942318026,-0.15554672375026257,5.098174658251844,4.461877833695831
2024-01-13 07:00:00,579.6017956252451,-0.6878062692413778,2.3353668707327437,5.020643773263453
2024-01-13 08:00:00,579.5684767077423,0.7141657506977026,6.344294194674659,3.5130633468853576
2024-01-13 09:00:00,579.5355757574341,1.156244694145471,2.217080824547173,2.521098723873153
2024-01-13 10:00:00,579.5031308438412,-0.6417800365974244,-1.83240054511536,1.0010497378715157
2024-01-13 11:00:00,579.4711793721034,0.9700456488234295,-1.2923237276232762,0.4510987066964517
2024-01-13 12:00:00,579.4397576854861,-0.19539426538153748,-7.342101946414434,0.08773852630989726
2024-01-13 13:00:00,579.4089007657111,0.35662497094426726,-8.185687747309135,0.3101620106536922
2024-01-13 14:00:00,579.3786421313571,0.6890206947304023,-5.0609810894251845,0.24331826333778422
2024-01-13 15:00:00,579.3490148604301,0.2189996866719639,-5.773575969492303,0.6455614223902555
2024-01-13 16:00:00,579.3200520062153,0.9406076525544904,0.5483523682148757,0.5009879730152592
2024-01-13 17:00:00,579.2917865660673,0.7122410276622304,-1.9352176307661533,-4.158809962963499
2024-01-13 18:00:00,579.2642513455482,-0.40819047052809765,0.5645308311927011,-2.4705917062127254
2024-01-13 19:00:00,579.2374791227077,0.05142401101056748,0.03142659690298157,-3.0103297306213017
2024-01-13 20:00:00,579.2115024904,-0.5422898039951178,-0.7437266163586534,-2.955486070046162
2024-01-13 21:00:00,579.1863531887257,-1.4396817439571805,-2.8068590999238654,-4.099812344844676
2024-01-13 22:00:00,579.1620616903341,-0.6565567990896852,-1.975039283341977,-4.210465607902423
2024-01-13 23:00:00,579.1386572579763,-0.5665247157426165,1.6612743314023632,-2.6134068736360643
2024-01-14 00:00:00,579.1161679742688,-0.05181956668116072,-0.017791737306605934,-5.756556670280991
2024-01-14 01:00:00,579.0946210548819,0.30821423332338327,-0.766997433174266,-6.685837855031006
2024-01-14 02:00:00,579.0740429714783,1.2026377983598877,1.3306672125231116,-7.417347982361311
2024-01-14 03:00:00,579.0544591434801,0.8733957919228033,3.419399529263721,-3.887254464666599
2024-01-14 04:00:00,579.0358935907263,0.7300213209214235,7.192339885251797,-3.25825479689957
2024-01-14 05:00:00,579.0183689819106,0.09058315156255503,6.445144774395101,-1.7740969078682995
2024-01-14 06:00:00,579.0019066040741,0.46666468435489605,5.424956690693778,-3.3335279791227364
2024-01-14 07:00:00,578.9865259040013,2.0784637050394394,2.675873970707654,-2.1208635797484225
2024-01-14 08:00:00,578.9722445704449,2.207134080075207,6.68579297314537,-4.685171623665482
2024-01-14 09:00:00,578.9590784948526,1.774184383087345,2.3164340928038003,-1.569696970743716
2024-01-14 10:00:00,578.9470419324733,2.6803256003466913,-1.9447432727446423,-3.3826242600754646
2024-01-14 11:00:00,578.9361476887666,0.9230676898828278,-1.2292751598700495,-2.849940218779365
2024-01-14 12:00:00,578.9264069588215,-0.9522956910673201,-7.474873109348874,-1.019238158405304
2024-01-14 13:00:00,578.9178295143474,-0.15404118407502665,-8.461331964804106,-0.10245636546823733
2024-01-14 14:00:00,578.9104240788595,2.05410026166453,-5.534784375334189,-0.6697399651898044
2024-01-14 15:00:00,578.9041983707401,2.346834839408075,-6.174160908329028,-1.3368723018192337
2024-01-14 16:00:00,578.8991590323654,2.415299526125409,0.2833616833340374,-1.7778202418248927
2024-01-14 17:00:00,578.895311735914,-1.9043809531349325,-1.6313291648323485,-6.069601617946742
2024-01-14 18:00:00,578.8926612740513,-0.5523521055840774,0.919971970269381,-6.400281138736598
2024-01-14 19:00:00,578.8912117691871,-0.6320191820472019,0.26565525643419596,-5.744847843574103
2024-01-14 20:00:00,578.8909665238829,-1.1941961216349455,-0.3995523601282615,-5.3272180421196005
2024-01-14 21:00:00,578.8919278691296,-2.058776009755661,-2.5521296105884144,-3.211022248785581
2024-01-14 22:00:00,578.8940973025005,-1.0405814007261824,-1.9580742919496887,-2.755441609824615
2024-01-14 23:00:00,578.8974754876897,-0.3345693883910599,1.5977140001544372,-2.3406200994529085
2024-01-15 00:00:00,578.9020621964374,-0.9393851944233802,-0.09516382710783075,-1.2775131749062174
2024-01-15 01:00:00,578.9078563096725,-2.42006947140635,-0.5856425697186437,-2.2221442685476376
2024-01-15 02:00:00,578.914855742689,-1.665772831570166,1.1851231598349419,-1.8842060709537942
2024-01-15 03:00:00,578.9230575396097,-2.386515779007823,3.3943560587257604,-1.3408978193275942
2024-01-15 04:00:00,578.9324580338931,-1.6427999711551138,7.129084640705029,-0.9387427034430693
2024-01-15 05:00:00,578.9430527504088,-0.6445369211818388,6.3451775508967785,-0.6136933801238047
2024-01-15 06:00:00,578.9548359211533,-1.5603820914225253,5.564704125341134,-0.23915795507182372
2024-01-15 07:00:00,578.967800233636,-1.7934478452574467,2.755495959067334,-0.7098483474458968
2024-01-15 08:00:00,578.9819369196799,-1.962666651357722,6.763772721818908,-0.7930429901411344
2024-01-15 09:00:00,578.997236335844,-2.466222873711331,2.1018128220328327,-0.4128262841654641
2024-01-15 10:00:00,579.0136879891762,-2.915957920649703,-2.077393419560578,-0.1403366489658677
2024-01-15 11:00:00,579.03128050065,-2.281192311551081,-1.216101430098302,0.3360132409993611
2024-01-15 12:00:00,579.0500017924445,-0.9028229040949327,-7.749707427840491,-0.5474714605091086
2024-01-15 13:00:00,579.069839049826,-2.3293469435802763,-8.93783544027005,-1.032656665975703
2024-01-15 14:00:00,579.0907787044276,-1.1298505794434277,-6.147105699948996,-1.3138224250352062
2024-01-15 15:00:00,579.1128061622939,-1.2900583039323692,-6.633470073081018,-1.7292777852803394
2024-01-15 16:00:00,579.1359059815969,-2.4869470624971655,-0.02030490448830056,-1.798654014611428
2024-01-15 17:00:00,579.1600621084746,-2.9545865122589703,-1.208168794471586,-2.457306801744051
2024-01-15 18:00:00,579.1852574631596,-3.691930446547417,1.4386793814112286,-2.6620063980233932
2024-01-15 19:00:00,579.2114740779421,-4.430105033844825,0.6564854423531858,-2.257854486450415
2024-01-15 20:00:00,579.2386933442767,-2.684401158035257,-0.023217320512315537,-2.5910748657290585
2024-01-15 21:00:00,579.2668959727956,-3.19606299229838,-2.097196414586358,-2.4236365659108405
2024-01-15 22:00:00,579.2960618580083,-3.3945686768641963,-1.5728144425730466,-2.0486787385710543
2024-01-15 23:00:00,579.3261703863058,-3.4463491428903126,1.8289072097699473,-0.9887284531853592
2024-01-16 00:00:00,579.3571996991408,-2.843212595352611,0.06231204794304587,-0.22629915173113305
2024-01-16 01:00:00,579.3891261869056,-2.2050190661914257,-0.36714338976843686,-1.1969637309457228
2024-01-16 02:00:00,579.4219242651725,-4.616784740113417,1.1327743808955417,-0.6379139059546143
2024-01-16 03:00:00,579.4555662029433,-3.7668633282133897,3.3995388003681453,-0.8682416750980806
2024-01-16 04:00:00,579.490022363091,-4.285797113332137,6.848732289073756,-0.8729575388326523
2024-01-16 05:00:00,579.5252613636242,-4.569649694737791,6.014352901676502,-1.7799645705627554
2024-01-16 06:00:00,579.5612505162713,-3.940109204406099,5.558020992301046,-1.259162304166409
2024-01-16 07:00:00,579.5979569720698,-4.815678094701184,2.6694393993699497,-0.8117182767385824
2024-01-16 08:00:00,579.6353487475017,-3.9087007215314316,6.619056859409602,-0.45570488537986464
2024-01-16 09:00:00,579.6733944774583,-3.451301451981749,1.6173187472091108,-1.5594117726855958
2024-01-16 10:00:00,579.7120630067171,-4.058874459488834,-2.1205423482165737,-0.8926461990117325
2024-01-16 11:00:00,579.7513237067736,-3.061876781635192,-1.136256384807226,-1.3331905403311517
2024-01-16 12:00:00,579.791147548549,-2.565322442918159,-7.990099606271767,-2.2257254993590667
2024-01-16 13:00:00,579.8315073955965,-2.4861110430026656,-9.404765666675182,-1.470630685918697
2024-01-16 14:00:00,579.8723776388064,-3.7466325080379193,-6.680747952287581,-1.0949971784808654
2024-01-16 15:00:00,579.9137338295177,-3.984831086042618,-7.009750908326818,-1.4091518351482217
2024-01-16 16:00:00,579.95555273765,-3.715623684085017,-0.25130330850348936,-1.6886257450615472
2024-01-16 17:00:00,579.997811934506,-2.7694652229728263,-0.696771053032056,0.7584243414989086
2024-01-16 18:00:00,580.040489621899,-0.09166303304698431,1.8767051996543955,0.7344682114934321
2024-01-16 19:00:00,580.0835645431176,0.6722855905147753,0.9967489339474915,0.6274009324200708
2024-01-16 20:00:00,580.1270162087637,-1.1501762224065715,0.33913803099681517,0.8140219826460284
2024-01-16 21:00:00,580.1708249643315,-2.5922119889924033,-1.5186447197185835,0.6500317443796331
2024-01-16 22:00:00,580.2149717453408,-3.127336581162467,-1.0108425647969386,0.4632074006185386
2024-01-16 23:00:00,580.2594373356535,-4.767375899421154,2.280466095061844,0.4474724687058572
2024-01-17 00:00:00,580.3042026854353,-5.571231204139394,0.28574875662155536,1.8112797620826275
2024-01-17 01:00:00,580.3492489425381,-3.21540031230586,-0.15742550995714086,0.33357687972493183
2024-01-17 02:00:00,580.3945573734433,-3.116103951794912,1.1268970548825514,0.6146495234690945
2024-01-17 03:00:00,580.4401097504805,-2.1547423490846995,3.396209652027263,-0.071577053422999
2024-01-17 04:00:00,580.4858886968608,-2.0972053256381287,6.404320596012547,-1.0530039672351938
2024-01-17 05:00:00,580.5318780309858,-1.6175523432815453,5.598141384454795,-2.052467072159074
2024-01-17 06:00:00,580.5780632887207,-0.7140000791854391,5.387496981938003,-2.031560191473339
2024-01-17 07:00:00,580.6244316346138,-1.3769408669315908,2.40791690120874,-0.8254076688908509
2024-01-17 08:00:00,580.6709715256734,-2.519879047566974,6.371453800446538,-1.172546278552918
2024-01-17 09:00:00,580.7176725507844,-1.9512065237975094,0.9461381300143247,-0.7026041570011969
2024-01-17 10:00:00,580.764525781463,-2.9041089368350868,-2.0505862517713402,-1.0698305928565779
2024-01-17 11:00:00,580.8115236140808,-3.994278633761951,-0.9337762234438863,-1.893468756874919
2024-01-17 12:00:00,580.8586596008306,-3.1707127615342188,-8.233718885659423,-1.554227953636994
2024-01-17 13:00:00,580.9059284410488,-3.621993226184827,-9.731771062532307,-1.592164152331677
2024-01-17 14:00:00,580.9533259412359,-5.613825334191802,-7.168869037029658,-0.9406315700143796
2024-01-17 15:00:00,581.0008487465072,-4.656419583495904,-7.383180510789788,-0.1712486522216385
2024-01-17 16:00:00,581.0484938834742,-3.9060013432931555,-0.48178593982960644,-0.3507066003514577
2024-01-17 17:00:00,581.096258716932,-3.9890533858299477,-0.16778505346327433,1.0805797223612752
2024-01-17 18:00:00,581.1441410287498,-3.6537141687737176,2.1110251870035044,2.848547953020469
2024-01-17 19:00:00,581.192139045817,-3.7748072309076406,1.2109602039931309,3.1817079810973756
2024-01-17 20:00:00,581.2402514903512,-4.685730573497267,0.7311182976370243,2.47436078550903
2024-01-17 21:00:00,581.2884779824595,-3.298450432995992,-0.7732430661213736,2.303215516657773
2024-01-17 22:00:00,581.3368194601967,-3.5861499679316466,-0.35876607533739957,0.7580965830723505
2024-01-17 23:00:00,581.3852782462164,-3.179653186440987,2.843323132691837,0.05105180753272795
2024-01-18 00:00:00,581.4338578242682,-3.7321669958514576,0.34615020319061646,1.1221589683925748
2024-01-18 01:00:00,581.4825630453932,-3.764084712193835,-0.006847357521650079,1.1283690243222408
2024-01-18 02:00:00,581.5314002892815,-2.9374639065985093,1.1704298498737542,0.5856337674434163
2024-01-18 03:00:00,581.5803775332034,-0.5185113130271475,3.3670557395900302,-0.7589219597663578
2024-01-18 04:00:00,581.6295039072628,-1.1847376323790968,5.902721152357053,-1.347487427240686
2024-01-18 05:00:00,581.6787897630495,-2.3499093689501933,5.163269504002908,-1.7121498981022603
2024-01-18 06:00:00,581.7282469579113,-2.7647254934704506,5.197983426730568,-0.021504891171495254
2024-01-18 07:00:00,581.7778883987972,-2.8702159564064686,2.163258058131833,0.5890694994773531
2024-01-18 08:00:00,581.8277276530174,-1.9222334619202002,6.225401534624714,0.38910427427810873
2024-01-18 09:00:00,581.8777788408721,-2.999388096943335,0.36927203137395775,0.5723372246972717
2024-01-18 10:00:00,581.9280574036216,-3.352475770049864,-1.8162263626248958,0.8006447290531372
2024-01-18 11:00:00,581.9785799002419,-3.337119744104257,-0.5393353329541984,0.7178751768165961
2024-01-18 12:00:00,582.0293626595353,-4.0736818109786554,-8.556718688029447,2.0910378394727953
2024-01-18 13:00:00,582.0804216760555,-3.64041196414405,-10.003934681311433,1.7039249693999123
2024-01-18 14:00:00,582.1317726241316,-3.316496860273446,-7.571390238487089,1.6861144746288814
2024-01-18 15:00:00,582.1834312514015,-2.603264062413132,-7.732261853414906,2.0320946644264537
2024-01-18 16:00:00,582.2354130909489,-4.060070322881074,-0.6907596782990307,1.695416910231133
2024-01-18 17:00:00,582.2877334452113,4.074658205555238,0.3027196206901426,3.914888728543327
2024-01-18 18:00:00,582.3404073577742,3.9473953508648947,2.1156481887032603,4.376549102657627
2024-01-18 19:00:00,582.3934493703266,4.329956943195043,1.294386929324783,4.262206757153584
2024-01-18 20:00:00,582.4468731655576,2.230451539983619,0.8630684763055881,3.7196068181532342
2024-01-18 21:00:00,582.5006913013915,2.514750892846223,-0.23863654878387838,4.3031943545462195
2024-01-18 22:00:00,582.5549150064477,2.4606678904666524,0.10540612073525069,4.589010982350492
2024-01-18 23:00:00,582.6095551076733,2.0736047362369163,3.314779147371906,3.8820610087178644
2024-01-19 00:00:00,582.6646220270798,5.435588187885173,0.35726045620582525,4.5925293288292295
2024-01-19 01:00:00,582.7201255169093,4.035594776708535,0.14286173040020797,3.8414179759819054
2024-01-19 02:00:00,582.776075229024,3.2297226653462303,1.4685937652949297,2.9656083403349522
2024-01-19 03:00:00,582.8324805890577,2.7726539848603124,3.297509583645676,1.3773558424362595
2024-01-19 04:00:00,582.8893503169974,3.145548205971977,5.342272926736228,1.5828285502945494
2024-01-19 05:00:00,582.9466922050714,2.3472876026019094,4.6645861058234335,2.291434086503323
2024-01-19 06:00:00,583.0045133987026,3.8623761245952437,5.030923437154486,2.6121870395477194
2024-01-19 07:00:00,583.0628203950187,3.307798839169209,2.106318028187769,2.5330627376244035
2024-01-19 08:00:00,583.1216182754008,1.2781270474587245,6.199877063743465,2.080377613396997
2024-01-19 09:00:00,583.1809108023141,3.5553189467087805,0.055737045226537954,2.128033205750487
2024-01-19 10:00:00,583.2407003631818,4.351826498897594,-1.3227390743960339,3.210212212316768
2024-01-19 11:00:00,583.3009878304158,4.361738852839267,0.015635527540760846,3.7216377892041685
2024-01-19 12:00:00,583.3617727189645,5.363575636770406,-8.93981600729759,4.124467651562623
2024-01-19 13:00:00,583.4230532712119,4.448060446008071,-10.273423849592193,3.9623101323722367
2024-01-19 14:00:00,583.4848268333091,4.951802386691156,-7.674990448447332,3.6383612284471534
2024-01-19 15:00:00,583.5470898951355,6.452068005578781,-7.844127824880986,3.184969924166655
2024-01-19 16:00:00,583.6098380569337,5.80524576222183,-0.7044287546169751,3.659344935461526
2024-01-19 17:00:00,583.6730659189948,5.331045507677459,0.5822329764037075,4.353655596924156
2024-01-19 18:00:00,583.7367666586916,5.979990519937473,1.8523319557397657,3.780910865631184
2024-01-19 19:00:00,583.8009316360309,5.3943719400357395,1.1337955789967429,4.110900844936676
2024-01-19 20:00:00,583.8655504270903,4.46870686224247,0.6521312458693124,3.4736114647979273
2024-01-19 21:00:00,583.9306109091342,4.248914339669909,-0.025568185000395573,3.0360429361964125
2024-01-19 22:00:00,583.9960996001305,4.93272157009676,0.34876498611072965,3.2424138436619674
2024-01-19 23:00:00,584.0620018541781,5.342827204757214,3.7389669593183443,2.7862039817463047
2024-01-20 00:00:00,584.1283022621477,4.091083268719785,0.6048110202949513,1.5958034488375352
2024-01-20 01:00:00,584.1949847061614,3.3649284369167844,0.40366482940300175,3.0364220275187224
2024-01-20 02:00:00,584.2620320886577,3.1245040307860563,1.9618996932541493,4.091564187302035
2024-01-20 03:00:00,584.3294261553223,3.3121529025362406,3.104489516203724,4.9339314259378195
2024-01-20 04:00:00,584.3971477767869,3.8568787210313076,4.7215592912574955,5.59441421092435
2024-01-20 05:00:00,584.4651772802741,4.322577609743121,4.152792435955139,5.959452674027551
2024-01-20 06:00:00,584.5334950876414,1.5023351317857987,4.772414203688332,4.261755576884476
2024-01-20 07:00:00,584.6020818175728,1.1180357286675644,2.1104324679024042,4.70944998585717
2024-01-20 08:00:00,584.67091862594,3.5920675979617727,6.088434103814846,3.1285796722834034
2024-01-20 09:00:00,584.7399870485417,1.5092130975900773,-0.08230751436673452,2.3531073682349875
2024-01-20 10:00:00,584.8092683630936,3.0277573777478892,-0.7708881960425001,1.0738624552010354
2024-01-20 11:00:00,584.8787437685369,3.284401544414436,0.5606395831634525,0.6962151038851636
2024-01-20 12:00:00,584.9483951402128,2.8825595151405423,-9.336666824523741,-0.004287830829494358
2024-01-20 13:00:00,585.018205368056,4.0814135036005155,-10.591174184425894,0.0815553127694095
2024-01-20 14:00:00,585.0881582683273,2.723996601357385,-7.450837933831242,0.04868306414654427
2024-01-20 15:00:00,585.1582374956347,2.446140128012985,-7.72121525820674,0.5368376345589675
2024-01-20 16:00:00,585.2284266706323,2.541364447019646,-0.5820487877624865,0.3922576701105148
2024-01-20 17:00:00,585.2987094263464,2.236699656006067,0.7869154750288924,-4.9623245573813275
2024-01-20 18:00:00,585.3690689746735,2.2045829163132566,1.3588059381419957,-3.2024578291287527
2024-01-20 19:00:00,585.4394878424413,2.5935158334129937,0.6680187542611677,-3.611022430115496
2024-01-20 20:00:00,585.5099483430089,4.353391816768749,0.3637072635233533,-3.577047423301048
2024-01-20 21:00:00,585.5804327308127,4.086034181503123,0.057417867926741334,-4.683884780242539
2024-01-20 22:00:00,585.6509224834282,3.911590845441083,0.5851750384067268,-4.877688367276004
2024-01-20 23:00:00,585.7213970466833,3.283168321807466,4.205673778843041,-3.7602391473336656
2024-01-21 00:00:00,585.7918339428655,0.005862015879074534,1.080989060585092,-6.658685019329732
2024-01-21 01:00:00,585.8622091265875,-0.3773189972214368,0.809909770122621,-7.104799899488608
2024-01-21 02:00:00,585.932497659378,-0.9681636007146608,2.4495658674541114,-7.313899926117452
2024-01-21 03:00:00,586.0026744016533,1.208775316431911,2.8610232962530553,-4.252473014338152
2024-01-21 04:00:00,586.0727142808129,0.46166985930165083,4.039728324751479,-3.6241124648658936
2024-01-21 05:00:00,586.1425918529965,-0.01699014425673795,3.678439001533032,-2.284040710272719
2024-01-21 06:00:00,586.2122808610932,0.4433312320516052,4.420748731571869,-3.486360824716553
2024-01-21 07:00:00,586.2817543261167,0.06459517256996605,2.12400238663675,-2.3503518853234993
2024-01-21 08:00:00,586.3509851164968,0.5071650017301863,5.911773480628713,-4.659923598855676
2024-01-21 09:00:00,586.4199460786917,-1.0493852821152814,-0.08879436282803949,-1.8217664337483452
2024-01-21 10:00:00,586.4886101352162,-0.5920672488953187,-0.3034455848382418,-3.513097301482588
2024-01-21 11:00:00,586.5569505257827,0.30488659365778403,0.9803457091401641,-3.072182828580581
2024-01-21 12:00:00,586.6249410300888,-1.9814409473281103,-9.698613389949015,-1.524886692811776
2024-01-21 13:00:00,586.6925557684275,-1.8377496296542404,-10.909466039394841,-0.6253400993784182
2024-01-21 14:00:00,586.7597687120111,-1.741963193053948,-7.133603609033387,-0.9942019099238594
2024-01-21 15:00:00,586.8265536957937,-2.231523171829963,-7.5820692450746545,-1.4929612788890498
2024-01-21 16:00:00,586.8928848557565,-2.317890070897761,-0.5074155012253584,-2.067579283633302
2024-01-21 17:00:00,586.9587367191062,-0.770992680215727,0.877626210542726,-6.285370249433327
2024-01-21 18:00:00,587.0240846395711,-2.6410207886575563,0.9000165634842094,-6.3630804143978485
2024-01-21 19:00:00,587.0889044146766,-2.511306616050433,0.23803331192616023,-5.7056311105522495
2024-01-21 20:00:00,587.153172188473,-1.9622575527741901,0.17350169523627704,-5.38441633093515
2024-01-21 21:00:00,587.2168643731824,-1.9733890053654477,0.08285145583679157,-3.2663268236537966
2024-01-21 22:00:00,587.2799578591498,-3.299535749798224,0.8322961225440687,-2.84271823189566
2024-01-21 23:00:00,587.3424311778084,-3.4842740927809928,4.54373669080569,-2.421893775833077
2024-01-22 00:00:00,587.4042645580789,-3.9543920851091343,1.4989557020903599,-1.4788281750601684
2024-01-22 01:00:00,587.4654396606538,-2.0619342963440204,1.1698827377130696,-2.243388102022898
2024-01-22 02:00:00,587.5259397830836,0.07179451945478377,2.867363971342864,-1.8650982738811943
2024-01-22 03:00:00,587.5857501535027,-1.5800339587478902,2.691939249744252,-1.3176554444990347
2024-01-22 04:00:00,587.6448575986275,-2.560854891460963,3.513600795084255,-0.9276035022507958
2024-01-22 05:00:00,587.7032507461552,-1.9866297971524318,3.275969414737018,-0.5125903637397348
2024-01-22 06:00:00,587.7609202783553,0.43196013672309164,4.1567085782188515,-0.09958899329726324
2024-01-22 07:00:00,587.8178588915059,1.3886335943874428,2.223900421514734,-0.570392907408049
2024-01-22 08:00:00,587.8740609779412,0.4453057839585881,5.815709309188049,-0.5350760710878137
2024-01-22 09:00:00,587.9295225508888,1.2553603037553103,0.11451863106558165,-0.4094014857097011
2024-01-22 10:00:00,587.9842412777882,1.379813719539925,0.3420460799924466,-0.18610107732061837
2024-01-22 11:00:00,588.0382163836375,0.42498994936579493,1.4171393617458723,0.10965430525083246
2024-01-22 12:00:00,588.0914482108842,0.7173543382868957,-9.932468838405011,-0.4663337107661134
2024-01-22 13:00:00,588.1439381748646,0.13298198508516634,-11.22083789057314,-0.7760822693765715
2024-01-22 14:00:00,588.195688777705,0.23899596306853255,-6.975139103548584,-1.2695456372248584
2024-01-22 15:00:00,588.2467039453851,-0.058220019206260076,-7.571908273885311,-1.8365756522934498
2024-01-22 16:00:00,588.2969897091237,-0.3977382630274633,-0.5442739218357162,-1.914977524260537
2024-01-22 17:00:00,588.3465545429821,-3.965291691361017,0.7304285966458288,-2.301691448266942
2024-01-22 18:00:00,588.3954087973766,-2.975246696664726,0.4743287499154541,-2.604490850627423
2024-01-22 19:00:00,588.4435639833255,-4.104361646147254,-0.16825688440515435,-2.280945452773092
2024-01-22 20:00:00,588.4910324225431,-4.716407961348295,-0.1259830675376237,-2.5886413936572152
2024-01-22 21:00:00,588.537826566388,-3.278967045619993,-0.07177674723161577,-2.4670827735363456
2024-01-22 22:00:00,588.5839584998998,-3.7401503445379376,0.9852354600125802,-2.1490436153745276
2024-01-22 23:00:00,588.6294391378462,-3.2340943360627534,4.610609047486039,-0.9859538492695479
2024-01-23 00:00:00,588.6742779518542,-1.3539781996581723,1.7153114013041577,-0.23561115350011175
2024-01-23 01:00:00,588.7184830852411,-1.7495983549097218,1.3575246403510859,-1.1164093706825025
2024-01-23 02:00:00,588.7620616402852,-2.5620601006334027,3.3223667252574396,-0.652368264909192
2024-01-23 03:00:00,588.8050205413863,-4.320563300501135,2.6627780222551674,-0.8372352631403003
2024-01-23 04:00:00,588.8473669807686,-2.8287064019384616,3.2051682176646117,-0.9938287964947832
2024-01-23 05:00:00,588.8891085482962,-3.5347794506603805,2.9913140129222286,-1.745643110558028
2024-01-23 06:00:00,588.9302526824771,-4.08676191738175,4.0868375758512405,-1.3803283409466227
2024-01-23 07:00:00,588.9708069003947,-4.473058881548582,2.439505645981189,-0.9072536648273215
2024-01-23 08:00:00,589.0107792464872,-5.251674901579918,5.776290378901305,-0.5753947238085636
2024-01-23 09:00:00,589.0501780355745,-3.5673674453962576,0.4940216056544525,-1.486832195832708
2024-01-23 10:00:00,589.0890122070721,-6.71411816646912,1.0610314879731815,-0.9559255285761573
2024-01-23 11:00:00,589.127291456077,-5.723584808518012,1.8321345308005352,-1.2558411783595536
2024-01-23 12:00:00,589.1650260796564,-4.4479652325924235,-9.998525737346267,-2.0385351097177553
2024-01-23 13:00:00,589.2022269804187,-3.8101088436827695,-11.515722364880846,-1.2863957718550358
2024-01-23 14:00:00,589.2389055953947,-1.5892362121606993,-6.909201860473213,-1.0204675227607767
2024-01-23 15:00:00,589.2750735939612,-1.6988257227897066,-7.602277602362635,-1.3039702688089285
2024-01-23 16:00:00,589.3107426351438,-1.1230496170786637,-0.5645450008309759,-1.503148017234165
2024-01-23 17:00:00,589.345923425774,-0.39603195263566704,0.480024053984725,0.860084472876903
2024-01-23 18:00:00,589.3806247115127,-1.8722185102728872,0.17137265062499854,0.8402211481350763
2024-01-23 19:00:00,589.4148532395059,-1.4731749717491311,-0.5317864607644708,0.7501081930076562
2024-01-23 20:00:00,589.4486136870923,-0.9407753871164459,-0.4997026398321867,0.92186433985625
2024-01-23 21:00:00,589.4819087054517,-0.5753676115263033,-0.355063032947593,0.7685219390221795
2024-01-23 22:00:00,589.5147389273709,-0.38438129439589375,1.1347904083892555,0.6048519586357994
2024-01-23 23:00:00,589.5471029635174,1.0858700169472968,4.529693708379258,0.6873333111560781
2024-01-24 00:00:00,589.5789976224686,3.5376702851357322,1.882189905471517,1.8611421869241749
2024-01-24 01:00:00,589.6104183573092,1.6662371222927277,1.428489998381954,0.5348545220161917
2024-01-24 02:00:00,589.6413591631638,0.5700340619949884,3.810712038632205,0.7478947362089553
2024-01-24 03:00:00,589.6718125686559,3.3068846828133474,2.6356292798688856,0.11567346866187864
2024-01-24 04:00:00,589.701770058595,5.8913013609436575,2.936778283685469,-0.7598497032241561
2024-01-24 05:00:00,589.7312219212872,4.701196756195486,2.7641415867408488,-1.636560264223586
2024-01-24 06:00:00,589.7601570183414,0.8160867252972821,4.068928298999604,-1.81517204263825
2024-01-24 07:00:00,589.7885627954865,2.0913851439005384,2.571355698573027,-0.6213036379600243
2024-01-24 08:00:00,589.8164254834154,1.4271170268721107,5.524067315447646,-0.9676098257351192
2024-01-24 09:00:00,589.8437299441952,1.4269537951527127,0.8251247136469094,-0.5158084529946916
2024-01-24 10:00:00,589.8704593079542,-0.3009517143668745,1.6493574503781765,-0.8488650439654785
2024-01-24 11:00:00,589.896594956825,0.4394556804035119,2.057719321615559,-1.5337699588439986
2024-01-24 12:00:00,589.922116612007,0.16863804907438862,-9.924843338882667,-1.1459113221987591
2024-01-24 13:00:00,589.9470023831867,0.6615620213734701,-11.783237519287207,-1.2653268852729427
2024-01-24 14:00:00,589.9712289796503,1.0413660549013457,-6.931443394266513,-0.7511516402850902
2024-01-24 15:00:00,589.9947732945438,1.0530748005717214,-7.575207331894301,-0.07264076322130894
2024-01-24 16:00:00,590.017613062819,0.4196617124343902,-0.4921235984836315,-0.16515117676972932
2024-01-24 17:00:00,590.0397270500916,3.3228748802162045,0.3273667099724453,1.2800313597197308
2024-01-24 18:00:00,590.0610946021953,3.9957444122055676,0.10750009829907542,2.7656608872999326
2024-01-24 19:00:00,590.0816953882281,3.9054277674600826,-0.7381554003923312,3.081032244704096
2024-01-24 20:00:00,590.1015093261038,4.280289319855228,-0.7410878773474239,2.56928923138843
2024-01-24 21:00:00,590.1205166415616,4.124715218483516,-0.581649865275451,2.546418005230363
2024-01-24 22:00:00,590.1386982348578,3.313443029033351,1.4291539590424145,1.1687047770664067
2024-01-24 23:00:00,590.1560356165551,3.340513085388011,4.565273324051173,0.46817797400564165
2024-01-25 00:00:00,590.1725107309866,3.2425115865751195,1.9585537983178207,1.3164238841205456
2024-01-25 01:00:00,590.1881058318188,3.3702642046565643,1.2655707044121178,1.4860592591124602
2024-01-25 02:00:00,590.2028035714533,2.065868367500002,4.12870201072123,0.8126260503255401
2024-01-25 03:00:00,590.2165871376519,1.636680427528745,2.5815820469378674,-0.7248496121185084
2024-01-25 04:00:00,590.229440343488,2.0069236235746075,2.76509644378945,-1.1214604108520807
2024-01-25 05:00:00,590.2413473597418,1.2035130722053964,2.6475982875131794,-1.462458719460465
2024-01-25 06:00:00,590.2522924219204,1.6807994524317564,4.006435096720936,-0.05952697107308477
2024-01-25 07:00:00,590.2622600467124,1.8221706289464237,2.505932403602788,0.73963692073842
2024-01-25 08:00:00,590.2712352533175,2.7448218508314994,5.167178981975277,0.516763913875651
2024-01-25 09:00:00,590.2792033198148,2.6287658330493286,0.9981138512087406,0.7539169959272063
2024-01-25 10:00:00,590.2861497514747,4.148144917326022,2.1198795286850625,1.0958258025142853
2024-01-25 11:00:00,590.2920602570604,3.622091030057277,2.1727773600926295,1.073071352789673
2024-01-25 12:00:00,590.2969209779662,3.023829781078007,-9.734224283725764,2.1834735246814825
2024-01-25 13:00:00,590.3007188203393,2.888697868924055,-11.86238556690936,1.7629688776459675
2024-01-25 14:00:00,590.3034411145718,2.5718172468905323,-7.084309267954519,1.8290509064922007
2024-01-25 15:00:00,590.3050755731159,2.3568389347728953,-7.483508943186104,2.161594435297278
2024-01-25 16:00:00,590.3056104620292,3.135266786799093,-0.20210948630322229,1.9712322374749955
2024-01-25 17:00:00,590.3050349124825,2.7371197895174646,0.20171246544814841,4.296132832551894
2024-01-25 18:00:00,590.3033396836456,3.4337578581913704,0.11803865715966118,4.724863801003392
2024-01-25 19:00:00,590.3005164883159,3.8469991107207306,-0.7855929256135368,4.648077326576832
2024-01-25 20:00:00,590.296558383311,2.8213620237632995,-0.7844550567372333,4.286534649662952
2024-01-25 21:00:00,590.2914601295744,2.5027815588623525,-0.6668594115982105,4.882617723161455
2024-01-25 22:00:00,590.2852177623375,3.2553820234965087,1.735482502625469,5.033917711540378
2024-01-25 23:00:00,590.2778283157237,1.8594885606654543,4.643622265158589,4.119060858452236
2024-01-26 00:00:00,590.2692909291493,4.383643119707472,1.675993562172183,4.771072388971107
2024-01-26 01:00:00,590.2596072601048,3.8551101846477422,0.8194105858771004,4.095871969370401
2024-01-26 02:00:00,590.2487817896917,4.063973506090861,4.13265474969403,3.074589954523394
2024-01-26 03:00:00,590.2368210668076,5.389338324163987,2.3954166774565437,1.5984239315718682
2024-01-26 04:00:00,590.2237314440545,5.4667302752357045,2.7363526091810906,1.8531856715287653
2024-01-26 05:00:00,590.209518531814,4.467476412116184,2.5270860396575507,2.435919016412267
2024-01-26 06:00:00,590.1941892747194,5.439162233351681,4.07358803856466,2.673060453364246
2024-01-26 07:00:00,590.1777513730698,5.462688002407617,2.33052013914172,2.4490404853808103
2024-01-26 08:00:00,590.1602131478943,6.252846940875088,5.0472839731044585,2.2096559381261183
2024-01-26 09:00:00,590.1415827794808,5.595996239626288,1.3279027145855358,2.304518266307315
2024-01-26 10:00:00,590.1218681064628,5.493011458542128,2.4200499221951555,3.2750705127998287
2024-01-26 11:00:00,590.1010770629321,5.619178936375533,2.324468028816031,3.74527597187637
2024-01-26 12:00:00,590.0792174832864,4.20548600651523,-9.442124037497237,4.20742054769561
2024-01-26 13:00:00,590.0562971956238,3.705029753383201,-11.582787593343626,4.091460644336623
2024-01-26 14:00:00,590.0323236729586,4.696013057206642,-7.167637275668221,3.8793005455030243
2024-01-26 15:00:00,590.0073046083501,4.177824062074819,-7.322000863566545,3.4968721931417077
2024-01-26 16:00:00,589.9812480562709,2.989565070756612,0.32084335301978345,3.9483435199527186
2024-01-26 17:00:00,589.9541628185115,-0.5972236775857027,0.10375310764692466,4.239307751427335
2024-01-26 18:00:00,589.9260599783412,-0.37940678033010045,0.2066928686548182,3.726653933334042
2024-01-26 19:00:00,589.8969541711733,0.38800493543942594,-0.6314747036505334,3.9365155970377814
2024-01-26 20:00:00,589.8668634361269,0.6102261323406992,-0.6168683152874841,3.489778746819898
2024-01-26 21:00:00,589.835808921661,0.9566097903799573,-0.7163824983362616,2.94396378629533
2024-01-26 22:00:00,589.8038134649549,2.426141722751936,1.8365084290439306,3.053536383249298
2024-01-26 23:00:00,589.7709003129796,1.4158714185620056,4.535797503303353,2.3874307651549964
2024-01-27 00:00:00,589.7370929487607,-0.2068136200804247,1.1288298675212014,1.1608908037985375
2024-01-27 01:00:00,589.7024157496957,-0.04529922644553608,0.3044699330371594,2.4984135437128194
2024-01-27 02:00:00,589.6668939334488,2.3792258544108336,3.7990995442416033,3.8447806678988017
2024-01-27 03:00:00,589.6305532390763,1.5689984125646106,2.0240399580904334,4.71640839026865
2024-01-27 04:00:00,589.5934200735483,0.2466262981787395,2.720808414827252,5.359145213445704
2024-01-27 05:00:00,589.5555212066489,1.667498581142354,2.167585951787513,5.929394260421327
2024-01-27 06:00:00,589.5168835746243,1.231364110658319,4.0137116822794665,4.088040632437978
2024-01-27 07:00:00,589.477533825929,0.8022004470291222,1.8901365022740697,4.420129224767814
2024-01-27 08:00:00,589.4374978778817,-0.6179778927966026,5.058952165401181,2.7815278495137727
2024-01-27 09:00:00,589.3968002611227,-0.4759671880033238,1.728499670339949,2.210667256540684
2024-01-27 10:00:00,589.3554638102463,1.694070312830604,2.217717901432472,1.1627479754905194
2024-01-27 11:00:00,589.3135102105325,1.2393128358752392,2.288936652835528,0.9682403007566637
2024-01-27 12:00:00,589.2709603481339,2.349594878672974,-8.997032983025793,-0.09352224378125037
2024-01-27 13:00:00,589.2278340897028,0.9715761212486314,-11.07837180212129,-0.14103840883008564
2024-01-27 14:00:00,589.1841498636397,0.813391464647907,-6.977073666722481,-0.15046766156514924
2024-01-27 15:00:00,589.1399250139094,0.47191832506894116,-6.95200075915614,0.42015742017777424
2024-01-27 16:00:00,589.0951760318237,-0.37203620818002037,1.0658584606183383,0.2810017157381048
2024-01-27 17:00:00,589.0499187863312,3.4943837588280076,0.1441274600944386,-5.768430005253691
2024-01-27 18:00:00,589.0041684447342,4.234902849751052,0.3924654724377673,-3.9415367669229457
2024-01-27 19:00:00,588.9579391954168,2.9471111400979453,-0.3357236011356785,-4.219326734378999
2024-01-27 20:00:00,588.9112443902096,3.86967204115399,-0.32919197506524256,-4.201724456298423
2024-01-27 21:00:00,588.8640965570305,6.716067345180477,-0.7733070708626983,-5.276856831348372
2024-01-27 22:00:00,588.8165071967411,4.597244060099115,1.8789074722994097,-5.552658729139619
2024-01-27 23:00:00,588.7684871550555,6.281994887647784,4.405761526203201,-4.90624356890648
2024-01-28 00:00:00,588.7200471889392,7.444280490833876,0.5308422757784745,-7.575169955551604
2024-01-28 01:00:00,588.6711974865284,8.00004738335781,-0.10582353422221652,-7.505421335664139
2024-01-28 02:00:00,588.621947270088,10.102873635114179,3.409949722672175,-7.214770627874398
2024-01-28 03:00:00,588.5723050784783,10.4042722649491,1.555828272111569,-4.622405615539011
2024-01-28 04:00:00,588.5222792955439,11.22347333675782,2.644778307947119,-3.990530940248831
2024-01-28 05:00:00,588.47187870334,9.40640634505985,1.6391202120152901,-2.777405260415151
2024-01-28 06:00:00,588.4211122808143,12.827392363148874,3.678426167032597,-3.6469308109957552
2024-01-28 07:00:00,588.3699892975076,11.028816670607739,1.1984324384647347,-2.5872384065800005
2024-01-28 08:00:00,588.3185193086464,11.361698764185576,4.9182452173517515,-4.638463290183674
2024-01-28 09:00:00,588.2667124847718,8.43393591424092,1.7519913718470976,-2.072639770859781
2024-01-28 10:00:00,588.2145789847029,11.305268948804496,1.8426494627779058,-3.6424973962852625
2024-01-28 11:00:00,588.1621287927671,9.915156947416108,2.053829105421578,-3.2811148456047174
2024-01-28 12:00:00,588.1093725776541,7.873723405807709,-8.568205489551229,-2.054890493910503
2024-01-28 13:00:00,588.0563222295891,5.19695865358301,-10.574969209164934,-1.1683116740072033
2024-01-28 14:00:00,588.0029904337589,5.546374076250572,-6.5708292626876705,-1.3385352473218477
2024-01-28 15:00:00,587.9493902002191,3.624076280721738,-6.403602121205132,-1.6698643597356648
2024-01-28 16:00:00,587.8955339494727,3.03419225989785,1.9662835522446638,-2.3760097616153026
2024-01-28 17:00:00,587.841433502521,0.023071197000376742,0.4692933952694621,-6.523798094790898
2024-01-28 18:00:00,587.7871006547642,-1.0187539360571236,0.6994487196234955,-6.3477954383306825
2024-01-28 19:00:00,587.7325473619622,-1.67690088360564,0.1333371418276451,-5.6889836201841675
2024-01-28 20:00:00,587.6777856990096,-1.5163514265278764,0.14012455807926266,-5.461558830560939
2024-01-28 21:00:00,587.6228278954106,0.9046695682974359,-0.6975734466856369,-3.3299240170224107
2024-01-28 22:00:00,587.5676857968588,0.44141516745503395,2.0368120383061297,-2.945913002619968
2024-01-28 23:00:00,587.5123698897652,1.4290161061447861,4.395478815983632,-2.51686481189359
2024-01-29 00:00:00,587.4568894233951,0.06328438559899041,0.09433869067777945,-1.6945124996718628
2024-01-29 01:00:00,587.4012526002297,0.39321592345800127,-0.2998389532720683,-2.2846295704155404
2024-01-29 02:00:00,587.3454665914779,2.4651027805218746,3.0390867340245853,-1.8696561060244508
2024-01-29 03:00:00,587.2895377697844,1.4555333652658646,1.0353330071967535,-1.330404142246902
2024-01-29 04:00:00,587.2334713868005,2.563311107631421,2.378425686546,-0.9452081809779992
2024-01-29 05:00:00,587.1772723635825,3.1751720645153227,0.979613226239693,-0.4420576543375128
2024-01-29 06:00:00,587.120945707931,2.9962588430501,3.121769955769785,0.021025493249081702
2024-01-29 07:00:00,587.0644955018364,3.273539722311625,0.4301957161060568,-0.4482309402540017
2024-01-29 08:00:00,587.0079253005221,3.3322107916825416,4.499777621444919,-0.29991371364954406
2024-01-29 09:00:00,586.9512379019284,2.7110153648752657,1.5185172922114503,-0.4307705590150181
2024-01-29 10:00:00,586.8944352456496,3.0838144652956316,1.140023346946009,-0.24827305789125154
2024-01-29 11:00:00,586.8375178659473,1.1929743847678083,1.5745751406192217,-0.13506739133432966
2024-01-29 12:00:00,586.7804850790517,-1.8115714378287748,-8.237819791936957,-0.3910938492858502
2024-01-29 13:00:00,586.7233354407236,-1.2280433169215712,-10.048255300160235,-0.5370368236418275
2024-01-29 14:00:00,586.6660676507934,-3.324290304036708,-5.9280594134796125,-1.233717933277176
2024-01-29 15:00:00,586.6086803848766,-3.7281228376868967,-5.646049006642163,-1.9545085405475342
2024-01-29 16:00:00,586.5511719203837,-2.2305742930258248,2.7862849267990937,-2.0368825541569158
2024-01-29 17:00:00,586.4935408930162,-3.965999633102001,1.016678469538506,-2.184219729452763
2024-01-29 18:00:00,586.4357868528573,-3.2777123672093467,1.2550530359515366,-2.5731275215994143
2024-01-29 19:00:00,586.3779101238979,-3.0148966032633098,0.8764243428592465,-2.329437863493863
2024-01-29 20:00:00,586.3199113300332,-2.9091532501317943,0.7744886493120039,-2.605246729213387
2024-01-29 21:00:00,586.2617917173427,-3.717242841880079,-0.3485046797181779,-2.5260441957444777
2024-01-29 22:00:00,586.2035543132649,-6.169190330522042,2.2365801943168835,-2.2809441770597636
2024-01-29 23:00:00,586.1452032219655,-5.931751774960958,4.479680886710546,-1.0131323337151243
2024-01-30 00:00:00,586.0867430958325,-4.69939969504901,-0.04621932820857698,-0.27112407257487653
2024-01-30 01:00:00,586.0281804144454,-5.355052163268738,-0.3222153272758409,-1.0709129239008683
2024-01-30 02:00:00,585.9695246225964,-5.763333297301415,2.513682909408926,-0.6998742347038848
2024-01-30 03:00:00,585.9107875512877,-5.633920783766598,0.42614091956972383,-0.8430076870909206
2024-01-30 04:00:00,585.8519818400958,-4.227794319966847,1.9446807460886286,-1.1488682662176672
2024-01-30 05:00:00,585.7931208129037,-4.368595997933653,0.183389106595644,-1.7579139215656088
2024-01-30 06:00:00,585.7342182667048,-3.3620450081102717,2.4470595852897543,-1.5392328438843452
2024-01-30 07:00:00,585.6752879987079,-3.9406675887046276,-0.39621311797463626,-1.0384072920286425
2024-01-30 08:00:00,585.6163435193142,-3.689857746161465,4.007848827985566,-0.7243346011382491
2024-01-30 09:00:00,585.557398704566,-2.3770914470189837,1.2479512379660807,-1.448258495513066
2024-01-30 10:00:00,585.498467923857,-4.945201011544668,0.2604550541409962,-1.0537219664532256
2024-01-30 11:00:00,585.4395658859545,-5.590466597618956,1.034701373276693,-1.2138006616122623
2024-01-30 12:00:00,585.380707416487,-5.013642880098587,-7.953076799712697,-1.8739877366757265
2024-01-30 13:00:00,585.3219072944178,-4.854586931989729,-9.464631306624742,-1.1226890558033118
2024-01-30 14:00:00,585.263180204792,-4.839678941678358,-5.249132397168777,-0.9643688659448892
2024-01-30 15:00:00,585.2045414673094,-5.125896784738302,-4.8692296567743325,-1.2194150257967231
2024-01-30 16:00:00,585.1460072057451,-4.5221104167637804,3.3519677394908136,-1.345864528472122
2024-01-30 17:00:00,585.0875947318283,-4.438383924253117,1.5898507687899235,0.9509384236349147
2024-01-30 18:00:00,585.0293225849774,-4.368942194352371,1.9375694740273275,0.9420501353475492
2024-01-30 19:00:00,584.9712105057706,-4.189683858999956,1.6939388307846093,0.8745345224447072
2024-01-30 20:00:00,584.9132793376215,-4.3818774164811884,1.3496288469676487,1.0289692318920602
2024-01-30 21:00:00,584.8555509969411,-5.658661571401467,0.11926126029936782,0.883849314160986
2024-01-30 22:00:00,584.7980484391186,-5.07926647127772,2.294590094203891,0.7466279379552682
2024-01-30 23:00:00,584.7407958353111,-4.436712798848134,4.477656070551929,0.9182608929851375
2024-01-31 00:00:00,584.6838181207243,-5.554668192982604,0.12369157865880706,1.9071584935995154
2024-01-31 01:00:00,584.6271406845528,-4.670576032245094,-0.22693805198162478,0.7303733996738526
2024-01-31 02:00:00,584.5707892360595,-5.465377836280254,1.792258839377796,0.8723297608429395
2024-01-31 03:00:00,584.5147893982253,-4.082948500907037,-0.051259850201824636,0.3094189528836375
2024-01-31 04:00:00,584.4591667681011,-3.042357563939049,1.4086980965603404,-0.4655073007224023
2024-01-31 05:00:00,584.4039468658635,-3.921841749020018,-0.7846683529914378,-1.2274367638520791
2024-01-31 06:00:00,584.3491553374466,-4.960995625281271,1.7235329523891791,-1.6016926645545277
2024-01-31 07:00:00,584.2948181216611,-5.999260466374153,-1.1934192054311066,-0.4221384498558305
2024-01-31 08:00:00,584.2409617741902,-3.085017363168845,3.6775210892051997,-0.7734655002266749
2024-01-31 09:00:00,584.1876133308077,-3.991945642519795,0.9651598569875726,-0.33082754527546354
2024-01-31 10:00:00,584.1347999584109,-2.6173966140913763,-0.5979827048470415,-0.6394206394725674
2024-01-31 11:00:00,584.0825488551635,-3.313783489962475,0.5930401144976604,-1.2018054796986644
2024-01-31 12:00:00,584.0308870593132,-8.10805409228658,-7.5722902016590865,-0.7505427653674568
2024-01-31 13:00:00,583.979841379356,-5.9161485526936985,-8.783400673277281,-0.9502921533849767
2024-01-31 14:00:00,583.9294384383315,-7.413339818609302,-4.4280645294010545,-0.5680340903212274
2024-01-31 15:00:00,583.8797047853533,-8.259990534952863,-4.141618341888174,0.02190409148768534
2024-01-31 16:00:00,583.830667053248,-8.201437104153797,3.749910870465079,0.010859180440671986
2024-01-31 17:00:00,583.7823519683304,0.6657695399180739,2.035565304077998,1.4963131876735225
2024-01-31 18:00:00,583.734786039965,3.9906249521546897,2.5521923352701106,2.712396672610217
2024-01-31 19:00:00,583.6879950864599,4.024111389290397,2.4458781018031672,3.002015422446615
2024-01-31 20:00:00,583.6420038813686,5.535053954851605,1.8310219314845364,2.6819202322953073
2024-01-31 21:00:00,583.5968360140317,4.440991374926739,0.5938261213013676,2.808346489740213
2024-01-31 22:00:00,583.5525143104907,1.0718494137584003,2.2642875273162026,1.6013487484346942
2024-01-31 23:00:00,583.5090609133816,-0.7707718311286271,4.435971320685824,0.9057395970612494
2024-02-01 00:00:00,583.4664973481404,4.57902649916241,0.5077324608212217,1.5167436918760975
2024-02-01 01:00:00,583.4248441872851,2.5753092572728065,-0.21513037569535215,1.844976931137502
2024-02-01 02:00:00,583.3841208252755,2.661120529426171,1.0942829554494682,1.0504756898489411
2024-02-01 03:00:00,583.3443461411449,0.06398594775828315,-0.23983227671934199,-0.6684998121838798
2024-02-01 04:00:00,583.3055388263189,-0.4448860128278511,0.8428617010325526,-0.8835145145235115
2024-02-01 05:00:00,583.2677176657901,-0.0802871111109198,-1.7659986641161467,-1.2114318905629422
2024-02-01 06:00:00,583.230901392246,-0.7713767753987213,0.892732848071437,-0.0922574649187517
2024-02-01 07:00:00,583.195108519162,0.2672179918239408,-1.8447614309527074,0.8824349199668359
2024-02-01 08:00:00,583.1603575346658,-2.4960985655684453,3.211948879218216,0.6637921516844514
2024-02-01 09:00:00,583.1266668751199,0.10556443139648763,0.16006169672548975,0.947706996758181
2024-02-01 10:00:00,583.0940549863534,-0.15791064632389862,-1.5025015548619625,1.4063572148324648
2024-02-01 11:00:00,583.062540104689,-0.47752730198408244,0.28419954255080165,1.4307876547441947
2024-02-01 12:00:00,583.03214021997,1.2384054207020654,-7.036772470173547,2.2962268295015584
2024-02-01 13:00:00,583.0028729621831,3.9946047233054287,-8.155773106365768,1.8382954208772615
2024-02-01 14:00:00,582.9747550673201,2.727270707086859,-3.6325293009763318,1.9905035265693525
2024-02-01 15:00:00,582.9478011637052,3.881472924071886,-3.6262005139593962,2.3069264261822866
2024-02-01 16:00:00,582.9220235939744,3.2539172250958472,3.8936788190981364,2.260380361831732
2024-02-01 17:00:00,582.8974325940464,0.8955031512053893,2.479484976149008,4.707579278599204
2024-02-01 18:00:00,582.8740363997005,1.200126898482381,3.1775692917680596,5.098267410049187
2024-02-01 19:00:00,582.8518415061973,1.6303486000701923,3.129133739756062,5.058676153976472
2024-02-01 20:00:00,582.8308529601003,1.5452385891778704,2.3187398720396195,4.865168578682154
2024-02-01 21:00:00,582.811073968768,0.8956424383452486,1.0682719324767251,5.465011660410006
2024-02-01 22:00:00,582.7925051437552,2.0846568081076384,2.2917285230604962,5.491109525076741
2024-02-01 23:00:00,582.7751435474213,1.1595699029710431,4.375211737824076,4.380074811783586
2024-02-02 00:00:00,582.7589827706383,0.5531261228876474,0.8435270608670087,4.974364045606977
2024-02-02 01:00:00,582.7440131269198,0.7013435565542068,-0.31912391400089707,4.373767230526897
2024-02-02 02:00:00,582.7302215721484,-0.2410558315250455,0.6254304698414612,3.2154037895351784
2024-02-02 03:00:00,582.7175920988593,-2.948041896157406,-0.19810559577133982,1.8485553930693923
2024-02-02 04:00:00,582.7061065575804,-3.0835203702919216,0.5386386975119447,2.1487751151995265
2024-02-02 05:00:00,582.6957451700089,-1.276696345756477,-2.2561425674022297,2.597093743149796
2024-02-02 06:00:00,582.6864860891764,-0.1843436645226575,0.23889647065928254,2.758961104687102
2024-02-02 07:00:00,582.6783052927124,-0.5610724833647964,-2.1845563626335482,2.3873235532860804
2024-02-02 08:00:00,582.6711772562124,-1.9060739085912246,2.6471092798508495,2.3577873725279583
2024-02-02 09:00:00,582.6650753110475,-1.5422973005200902,-0.6463083734850892,2.503530362957675
2024-02-02 10:00:00,582.659972293881,-0.7178138764934374,-2.332993749010112,3.3708353316225868
2024-02-02 11:00:00,582.6558408164902,-0.09908187020482728,0.03715841463336889,3.8060826390811795
2024-02-02 12:00:00,582.6526529067256,-0.536675676528489,-6.768525387673629,4.322548157476522
2024-02-02 13:00:00,582.6503798802319,-0.8023556128018754,-7.83814529839949,4.250121030969446
2024-02-02 14:00:00,582.648992060952,0.13127600729126243,-3.1511427085858954,4.150874640342678
2024-02-02 15:00:00,582.648459527237,0.1362768255435185,-3.25133307487255,3.836596722092014
2024-02-02 16:00:00,582.6487525353652,-0.665936826558891,3.8430649556927454,4.26411933550089
2024-02-02 17:00:00,582.6498416764283,0.2480033568174349,2.8483569369389192,4.15379802981528
2024-02-02 18:00:00,582.6516978072153,1.0470976140650237,3.751971679646544,3.7092328990730543
2024-02-02 19:00:00,582.6542918762724,0.5371233432363169,3.6462740313982462,3.8023107490930497
2024-02-02 20:00:00,582.6575951079005,-0.1272646341917607,2.7165976987593283,3.5430718275319033
2024-02-02 21:00:00,582.6615790104444,0.6949461334022544,1.5408886349547155,2.8825862211985718
2024-02-02 22:00:00,582.6662150880504,-0.1555273468403584,2.3519949043181247,2.907317354471806
2024-02-02 23:00:00,582.671473741129,0.5308689395031934,4.270641923859876,2.0270153955078754
2024-02-03 00:00:00,582.6773233266855,-0.036118510215374044,1.136950794988719,0.741844388541192
2024-02-03 01:00:00,582.6837298421995,0.11635153470990645,-0.3676338489227605,1.9875524720133082
2024-02-03 02:00:00,582.6906568589635,-1.371459286385175,0.4915804017449814,3.619222025676659
2024-02-03 03:00:00,582.6980660079774,1.449570048769374,0.014045877494634536,4.528318065758586
2024-02-03 04:00:00,582.7059161472009,-1.3248369655210581,0.41932144623780243,5.159599372082306
2024-02-03 05:00:00,582.7141632500783,-1.2135401636570577,-2.347641902419932,5.937018815998702
2024-02-03 06:00:00,582.7227607921747,0.4727932804178181,-0.09813269084165126,3.942578618249164
2024-02-03 07:00:00,582.7316605932654,3.800542860076007,-2.291208267566406,4.159004814225055
2024-02-03 08:00:00,582.7408119136664,1.6828651032806192,2.053380545757378,2.4729424372956608
2024-02-03 09:00:00,582.7501617176529,3.569460242658124,-1.267395429130641,2.0977734688196077
2024-02-03 10:00:00,582.7596559751798,-0.32759457349004606,-2.795424683313333,1.2733632816235017
2024-02-03 11:00:00,582.7692406791494,-0.4894941598167861,-0.14892693799656337,1.2691804186638005
2024-02-03 12:00:00,582.7788621513771,0.8254491197856169,-6.784261174790705,-0.1700500963720045
2024-02-03 13:00:00,582.7884673615328,0.917117093514662,-7.724943447711161,-0.35064100733619086
2024-02-03 14:00:00,582.7980039938265,0.2918798307595125,-3.133989353032887,-0.3458944715530675
2024-02-03 15:00:00,582.8074200415931,0.70340820253125,-3.193883829352558,0.30305558522818815
2024-02-03 16:00:00,582.816663416872,-1.0121840948582985,3.547423483099745,0.16809719488664607
2024-02-03 17:00:00,582.8256818280632,-3.6200215436242615,3.053556734410826,-6.569217018849685
2024-02-03 18:00:00,582.834423343082,-2.784955958679916,4.260145042201126,-4.679612426603153
2024-02-03 19:00:00,582.8428374114718,-2.4994259890723924,3.965765091126122,-4.829176513525532
2024-02-03 20:00:00,582.8508749166703,-3.330490580288938,3.0200257086454827,-4.820410045026725
2024-02-03 21:00:00,582.858488306611,-2.1311441216242883,2.029078087308431,-5.866422272295194
2024-02-03 22:00:00,582.8656315008051,-4.012514039129542,2.3018724826003845,-6.224989944276006
2024-02-03 23:00:00,582.8722600240766,-1.9784179341924073,4.133791863303122,-6.0376339531873136
2024-02-04 00:00:00,582.8783315712564,-0.3278747237333164,1.3946609035820674,-8.49511775110507
2024-02-04 01:00:00,582.8838061513511,-3.9673668828858126,-0.3828675022455577,-7.883571766219748
2024-02-04 02:00:00,582.8886463208137,-3.285621382895897,0.6028881589646284,-7.125913096882469
2024-02-04 03:00:00,582.892817507519,-4.109595438598262,0.35586015110253155,-4.999082220023261
2024-02-04 04:00:00,582.8962880922334,-2.7278903851940868,0.5246886662501891,-4.363086373289487
2024-02-04 05:00:00,582.899029578828,-4.995215779315345,-2.1553155686203422,-3.258498230892351
2024-02-04 06:00:00,582.9010167030827,-4.595166870384446,-0.04175609012602543,-3.824093742572275
2024-02-04 07:00:00,582.9022276640175,-4.434280056123271,-2.1506967816281914,-2.837250826265974
2024-02-04 08:00:00,582.9026444640832,-2.200125703738422,1.702649611798045,-4.625168372142849
2024-02-04 09:00:00,582.9022524940939,-3.445524697503174,-1.6143942751946108,-2.3223335213961294
2024-02-04 10:00:00,582.9010398976606,-4.256455717451104,-2.846437026842694,-3.778147153366763
2024-02-04 11:00:00,582.8989973409056,-1.6297025769133597,-0.22484787756124464,-3.4744468864308695
2024-02-04 12:00:00,582.8961174980939,0.11129451168540072,-7.021973401922224,-2.59543860785714
2024-02-04 13:00:00,582.8923946973657,-0.3083111896471564,-7.825285450829035,-1.7187980568895904
2024-02-04 14:00:00,582.8878251690941,-1.4932596781810616,-3.6887105783490344,-1.695854912563932
2024-02-04 15:00:00,582.882406906244,-2.515912352624923,-3.812700469970428,-1.8637940836486404
2024-02-04 16:00:00,582.8761401194029,-0.953107218800028,2.9929461514912883,-2.6959790520941356
2024-02-04 17:00:00,582.8690272475869,-1.6597948943006031,3.1389410745708513,-6.788173427857212
2024-02-04 18:00:00,582.861073299654,-2.2721124383816687,4.8051800153322,-6.364140876604583
2024-02-04 19:00:00,582.852285806094,-1.532962213934411,3.964172455487927,-5.703496047647524
2024-02-04 20:00:00,582.8426749911451,-0.8545252464430177,3.0073139878569233,-5.565463732559099
2024-02-04 21:00:00,582.8322539438586,-1.4913835869664354,2.4033037313787817,-3.404174088270928
2024-02-04 22:00:00,582.8210388299646,-2.119180773377252,2.1082559890213712,-3.0701140456087037
2024-02-04 23:00:00,582.8090488494996,-2.559981581959846,3.9821440859958233,-2.6312113535355692
2024-02-05 00:00:00,582.7963058184412,-2.290763709731891,1.4433178962758682,-1.928860004985105
2024-02-05 01:00:00,582.7828340358857,-3.4381770026022878,-0.4248783840736494,-2.349778649209781
2024-02-05 02:00:00,582.7686601509956,-2.356944254030509,0.8854359645081974,-1.8971518614733511
2024-02-05 03:00:00,582.7538129096318,-0.10488393716934752,0.7684965627879355,-1.3774255352505145
2024-02-05 04:00:00,582.7383231749765,0.8731242161620685,1.0335868700321433,-0.9850342611707288
2024-02-05 05:00:00,582.7222230435949,0.6496129644841631,-1.536814577392874,-0.3950214306861842
2024-02-05 06:00:00,582.7055452316514,-0.5672186501135457,0.2525004923818694,0.12917292608030165
2024-02-05 07:00:00,582.6883232409953,-0.47494667908063093,-1.8668384675648009,-0.33653809434982246
2024-02-05 08:00:00,582.6705912144943,0.0005174202397029148,1.6198406273599704,-0.08094926209385593
2024-02-05 09:00:00,582.6523836406461,-0.40135539136815623,-1.7236804269454498,-0.4673478223325906
2024-02-05 10:00:00,582.6337346474611,-1.7115716384055304,-2.6329497151204273,-0.3192132939351089
2024-02-05 11:00:00,582.6146781286524,0.1553908067737666,-0.25905766344149384,-0.3910112719846362
2024-02-05 12:00:00,582.5952485110513,-0.3653031604192165,-7.3618879066586445,-0.3280574439733954
2024-02-05 13:00:00,582.5754805395824,-0.023007978073223967,-8.181753692685142,-0.3207188688241415
2024-02-05 14:00:00,582.5554088212145,0.6583722913153451,-4.329570491034006,-1.2142106214959365
2024-02-05 15:00:00,582.5350674698209,1.0613911221904573,-4.443746963016556,-2.0927116289948624
2024-02-05 16:00:00,582.5144900135887,0.8210670328678589,2.5834314295307252,-2.168988475987243
2024-02-05 17:00:00,582.4937091873117,2.9844260063589445,3.023745581181221,-2.1118807748517536
2024-02-05 18:00:00,582.4727577160938,3.0031683482245626,4.995059621365903,-2.5709856856843496
2024-02-05 19:00:00,582.4516682552609,3.937570283195214,3.696739980236952,-2.4059785186931038
2024-02-05 20:00:00,582.4304730774494,5.398540778225538,2.86656268290427,-2.6455765385792147
2024-02-05 21:00:00,582.4092042120519,2.2945692807400064,2.5459157267954935,-2.6096892195874095
2024-02-05 22:00:00,582.3878931742897,3.785569165669699,1.957605973697385,-2.4510683136567786
2024-02-05 23:00:00,582.3665709716568,2.4904999915348753,3.7703792894705366,-1.0774502526622014
2024-02-06 00:00:00,582.345267704575,3.0014319044745434,1.279342210545615,-0.3360418195951536
2024-02-06 01:00:00,582.3240125564661,4.754264073653076,-0.45230827789344363,-1.0659683522258043
2024-02-06 02:00:00,582.3028334965715,4.486001055384804,1.3550035089273909,-0.7838380608837218
2024-02-06 03:00:00,582.2817563736212,3.814118778148895,1.1446176651628688,-0.8904928169328997
2024-02-06 04:00:00,582.2608049268608,2.876469468909363,1.7812627048900624,-1.338537100660237
2024-02-06 05:00:00,582.2400007213558,3.6914505272060296,-0.6460841666909739,-1.8153670818707721
2024-02-06 06:00:00,582.2193637980487,3.509661771465858,0.5749535495781664,-1.7339791190925753
2024-02-06 07:00:00,582.198912659992,4.315614288881534,-1.5401753267085911,-1.204351622164997
2024-02-06 08:00:00,582.1786643524556,2.299020518151565,1.499507561432607,-0.9071924320396818
2024-02-06 09:00:00,582.1586345181119,3.9424686632494286,-1.6693747258989708,-1.441728455462347
2024-02-06 10:00:00,582.1388370013334,5.243806963144948,-2.351681932141235,-1.1909620323371488
2024-02-06 11:00:00,582.1192833667125,3.868132925647501,-0.44229897157045595,-1.2151173207893833
2024-02-06 12:00:00,582.0999825249545,3.762915257595978,-7.863397600736068,-1.7395001818144045
2024-02-06 13:00:00,582.0809407654602,3.420100223400368,-8.672856327382725,-0.9881846614778121
2024-02-06 14:00:00,582.0621618807759,1.772462757688686,-4.976865097797888,-0.9377595406667114
2024-02-06 15:00:00,582.043648252197,2.7681973914103537,-4.927972631349626,-1.1638730122578484
2024-02-06 16:00:00,582.0254018696453,3.0841696480206338,2.263201199020482,-1.2227727166864437
2024-02-06 17:00:00,582.0074246974726,6.9840627970984315,2.8525181676025024,1.025994337826412
2024-02-06 18:00:00,581.9897187239985,7.430505670485104,4.880229608676945,1.0295459968394447
2024-02-06 19:00:00,581.9722858320048,9.99942357444661,3.695260422581033,0.9830301709676207
2024-02-06 20:00:00,581.955127081469,10.694733133630734,3.0215621285370937,1.1185776563632166
2024-02-06 21:00:00,581.9382423462037,7.932354134741217,2.6133958208577495,0.9860076981974557
2024-02-06 22:00:00,581.9216310400371,7.620068634261543,1.9666092827542851,0.8816910429470147
2024-02-06 23:00:00,581.9052923338942,6.000983310787092,3.564546437745869,1.1391779175728887
2024-02-07 00:00:00,581.8892248911657,6.863071101544961,0.9084996062953167,1.949204400994082
2024-02-07 01:00:00,581.8734258755787,8.241697008668098,-0.43359110762079434,0.9184682233740596
2024-02-07 02:00:00,581.8578903083421,6.296422016584529,1.9170917243942316,0.9885959506790096
2024-02-07 03:00:00,581.8426113449578,6.2579648859133385,1.3775233523859487,0.5119004167428441
2024-02-07 04:00:00,581.8275807910387,5.284023388819378,2.3810743820646096,-0.16267856192273525
2024-02-07 05:00:00,581.8127894295791,4.152154579727835,0.10503597451665878,-0.8199799838235702
2024-02-07 06:00:00,581.79822671936,5.703992479212275,0.9161239509256528,-1.3883431494978855
2024-02-07 07:00:00,581.7838808888324,4.228323587605473,-1.2462070740404736,-0.22599740239737756
2024-02-07 08:00:00,581.7697389784994,5.3412104710066615,1.2421597492414016,-0.5831091987475064
2024-02-07 09:00:00,581.7557870058765,4.526913283919043,-1.6071696573427035,-0.1455306324528689
2024-02-07 10:00:00,581.7420107352061,5.267785283841363,-1.9915594152623903,-0.43823660378503543
2024-02-07 11:00:00,581.7283965508766,4.777620406949723,-0.823226944288336,-0.8927900135379911
2024-02-07 12:00:00,581.7149313426269,4.207460387889,-8.42373602555107,-0.3686557049648324
2024-02-07 13:00:00,581.7016024620453,3.8344509352210707,-9.178128073212134,-0.6479253240541498
2024-02-07 14:00:00,581.6883976106668,4.004955244312896,-5.510968233015187,-0.39238462196456647
2024-02-07 15:00:00,581.6753042542866,2.987753947784995,-5.17530817195569,0.11224996988404687
2024-02-07 16:00:00,581.6623096228343,3.361219908496537,2.048202366579413,0.1782681020898138
2024-02-07 17:00:00,581.6494007107324,-1.5687682542658195,2.889504049687052,1.739863493846374
2024-02-07 18:00:00,581.6365640133524,-3.635878307400503,4.917223151586486,2.7020911424615637
2024-02-07 19:00:00,581.6237856113248,-2.4952857231734242,3.780223030311038,2.9612770815375526
2024-02-07 20:00:00,581.6110517917889,-2.1992034211584723,3.198036452233657,2.830115177135989
2024-02-07 21:00:00,581.5983490424424,-3.204724889318868,2.614477428912805,3.101898417963789
2024-02-07 22:00:00,581.5856640521833,-0.382064072742196,2.071166699302407,2.0652333212564966
2024-02-07 23:00:00,581.5729832110952,1.324968123426629,3.423705667930321,1.368342997547834
2024-02-08 00:00:00,581.5602917370836,0.7076228069682884,0.393941677338802,1.738143778609233
2024-02-08 01:00:00,581.5475726747227,0.06155399684803342,-0.3641852941185676,2.215058622547902
2024-02-08 02:00:00,581.534807020773,0.4352576326811004,2.3626045325359977,1.3073308140098674
2024-02-08 03:00:00,581.5219744817267,0.5234656568584342,1.5762729007869916,-0.5917130393721868
2024-02-08 04:00:00,581.5090541169053,1.2946751995899604,2.687362612837275,-0.6310919293325942
2024-02-08 05:00:00,581.496024525458,3.523295120620446,0.562469967587347,-0.9517896136658184
2024-02-08 06:00:00,581.4828632597624,1.3134256017561938,1.3147309036905854,-0.12101976520923369
2024-02-08 07:00:00,581.4695469078752,1.9308047951598155,-0.9685372141240735,1.0181855110892548
2024-02-08 08:00:00,581.4560511653242,0.33158056952788684,1.06126643658671,0.821101828561116
2024-02-08 09:00:00,581.4423505201421,0.02683717433558286,-1.562359663131805,1.1531719686540565
2024-02-08 10:00:00,581.4284184775589,0.4298494471038339,-1.5707467656841203,1.7324788410213077
2024-02-08 11:00:00,581.414228077994,0.56646481947746,-1.2324851365264176,1.7917922390548968
2024-02-08 12:00:00,581.3997526677147,-0.5925391382813814,-8.72959714549883,2.4323836160655596
2024-02-08 13:00:00,581.3849658752825,-0.20590049711734082,-9.422610024955214,1.9435446467900723
2024-02-08 14:00:00,581.3698414929047,-0.9524126745238846,-5.797762327208329,2.180333508827551
2024-02-08 15:00:00,581.3543537038323,-0.7830676436907424,-5.090995260238028,2.4797092000964875
2024-02-08 16:00:00,581.338477751743,-0.1527675360024432,1.9788572407945089,2.5754325434650083
2024-02-08 17:00:00,581.3221905077725,-5.823522311763327,2.8533240260824093,5.138007777908511
2024-02-08 18:00:00,581.3054697071074,-6.030067061851128,4.795730186229235,5.488867168514479
2024-02-08 19:00:00,581.2882941079273,-3.5888556837766146,3.6425503360511673,5.4880112397981735
2024-02-08 20:00:00,581.2706434736302,-3.1887567803208867,3.0563084172286636,5.4518048894619975
2024-02-08 21:00:00,581.252498815911,-2.443676863025189,2.425959413306683,6.045218633807409
2024-02-08 22:00:00,581.2338423366764,-2.504291336093388,2.0297104797940015,5.9607385196230505
2024-02-08 23:00:00,581.2146568320844,-3.189579588913034,3.3145663553670026,4.660356401461682
2024-02-09 00:00:00,581.1949254316801,-2.817582342422156,-0.01984401573438972,5.19250092647645
2024-02-09 01:00:00,581.1746324588847,-2.753411041216623,-0.3881533772960076,4.666931959627948
2024-02-09 02:00:00,581.1537629083543,-3.361471273885627,2.611397525617065,3.376310839914155
2024-02-09 03:00:00,581.1323023481426,-3.6046200915565123,1.7656202769127114,2.1066974665011924
2024-02-09 04:00:00,581.1102378733161,-2.771302136433519,2.9110698521544744,2.4499944109629714
2024-02-09 05:00:00,581.0875588239019,-2.216268185499871,0.9380896724018716,2.7606196891962576
2024-02-09 06:00:00,581.0642566171468,-4.157163658066338,1.6981408396392337,2.8547662012803445
2024-02-09 07:00:00,581.0403252689574,-4.068949441661857,-0.6446628017216577,2.333286974426068
2024-02-09 08:00:00,581.0157604938628,-3.5850746394172575,1.1039969028700072,2.515317242684418
2024-02-09 09:00:00,580.9905593469696,-3.064470118282429,-1.380777435531924,2.714688206844756
2024-02-09 10:00:00,580.9647209066774,-5.360150128415853,-1.1782674473610746,3.483696669099628
2024-02-09 11:00:00,580.9382465745787,-4.676515008289698,-1.3571040492161204,3.8953724829270815
2024-02-09 12:00:00,580.9111402789956,-6.548491942132273,-8.817755512267238,4.455107175403902
2024-02-09 13:00:00,580.8834086594703,-7.377295666179748,-9.468032333191482,4.42191933990089
2024-02-09 14:00:00,580.855060467372,-6.190300712355338,-5.875482128561647,4.4407223735449515
2024-02-09 15:00:00,580.8261057426773,-5.60587198623773,-4.921216237874213,4.190982481434621
2024-02-09 16:00:00,580.7965557291875,-5.933796970087997,1.9468054977941107,4.590435743106392
2024-02-09 17:00:00,580.7664231847668,-4.842763065476106,2.5237070024809136,4.082632878228333
2024-02-09 18:00:00,580.7357221039059,-4.185581544799447,4.358057734343489,3.71180170655006
2024-02-09 19:00:00,580.7044678356649,-2.976522006296591,3.299066502389457,3.6929876682422127
2024-02-09 20:00:00,580.6726767128984,-2.898626292526501,2.7176553115264728,3.6182942681016472
2024-02-09 21:00:00,580.6403663304656,-3.2344652316486417,2.0053260015515786,2.838772899631498
2024-02-09 22:00:00,580.6075558717893,-4.569553558118287,1.8725280242538784,2.78946966207526
2024-02-09 23:00:00,580.5742654428174,-4.074935122617376,3.274494729857184,1.6961749499428165
2024-02-10 00:00:00,580.5405162375142,-4.744684794079831,-0.3027498415460652,0.3269183981117171
2024-02-10 01:00:00,580.5063305079304,-4.395735761858873,-0.5116797780644632,1.4910850319929967
2024-02-10 02:00:00,580.4717316546365,-2.105901292756016,2.669507292547667,3.404662345571861
2024-02-10 03:00:00,580.4367439345838,-3.202948499956733,1.980236074695741,4.365968490677159
2024-02-10 04:00:00,580.4013918620345,-1.8699646021177614,3.178451085240281,4.980121654843054
2024-02-10 05:00:00,580.3657001216276,-3.1053095112870324,1.3649445092546864,5.964664880404793
2024-02-10 06:00:00,580.3296936556337,-2.724734372466969,2.067267961039943,3.817772755793239
2024-02-10 07:00:00,580.2933974498886,-4.0034607689190125,-0.29531410599683217,3.9253774250271327
2024-02-10 08:00:00,580.2568364979951,-2.6200644144587386,1.3587947403813576,2.194433176082421
2024-02-10 09:00:00,580.2200366281719,-2.783527909901295,-1.0393713264877995,2.012862608217077
2024-02-10 10:00:00,580.1830251669863,-0.9104548933698879,-0.8033491983810541,1.400778924764614
2024-02-10 11:00:00,580.1458307182985,-2.431875947542835,-1.2516727543903916,1.5877179836346496
2024-02-10 12:00:00,580.1084821253586,-0.2922052948295004,-8.879391504262165,-0.23688532626694248
2024-02-10 13:00:00,580.0710083234974,-0.41215523835910517,-9.54665123094135,-0.5522018541969
2024-02-10 14:00:00,580.0334391132303,1.5685491153121802,-5.914582740600713,-0.5374054879418252
2024-02-10 15:00:00,579.9958049197418,2.237358520487419,-4.841122205413752,0.18795876518456592
2024-02-10 16:00:00,579.958135864765,2.9219770046664735,1.888727884904197,0.05115924566438177
2024-02-10 17:00:00,579.9204613362394,3.770254423272263,2.1995914371811547,-7.3703071966929485
2024-02-10 18:00:00,579.8828102348783,2.82234559414303,3.647319232956277,-5.422475061977752
2024-02-10 19:00:00,579.8452105542898,3.132217669616921,2.9707033169790744,-5.4481315408857895
2024-02-10 20:00:00,579.8076889560542,2.817972821158037,2.4257883059203316,-5.441450083132567
2024-02-10 21:00:00,579.7702706283372,2.0360721296383417,1.4219456380701274,-6.458288396045763
2024-02-10 22:00:00,579.7329794852882,3.018826951022106,1.8292895664755966,-6.901096002785915
2024-02-10 23:00:00,579.6958387753594,1.3772493580345326,3.3750660475799137,-7.158154180973956
2024-02-11 00:00:00,579.6588707747414,0.0593371343875333,-0.47189932128804224,-9.4163085878409
2024-02-11 01:00:00,579.622097229222,0.34001975097476134,-0.4677135555499124,-8.244403424646913
2024-02-11 02:00:00,579.5855397683317,1.007553689176575,2.6459806612498857,-7.059074118758233
2024-02-11 03:00:00,579.5492198483488,1.2762553594570818,2.155914868170623,-5.391390075976516
2024-02-11 04:00:00,579.5131582617556,-0.9493865453812305,3.2483238416843707,-4.752095558058817
2024-02-11 05:00:00,579.4773753549495,-0.7281459943873188,1.5525875453117015,-3.741816905873859
2024-02-11 06:00:00,579.4418912202445,1.856270977135182,2.318279727814988,-4.026441925194702
2024-02-11 07:00:00,579.4067250581015,1.4958591723170684,0.007676148170241032,-3.1102603785888747
2024-02-11 08:00:00,579.3718948421028,0.48365412011753506,1.6548766073796284,-4.630425569600028
2024-02-11 09:00:00,579.3374175385717,-0.3506867970784242,-0.6868524158406503,-2.5798783256525417
2024-02-11 10:00:00,579.3033090432483,0.20495000080677528,-0.4067075455199085,-3.931551498535214
2024-02-11 11:00:00,579.2695841981202,-1.3007132750100254,-0.9902211411870595,-3.6586497819231196
2024-02-11 12:00:00,579.236256933293,1.9887863056886772,-8.92240470502975,-3.13263853395194
2024-02-11 13:00:00,579.2033401908251,2.438208757565235,-9.673032724513543,-2.268516223876768
2024-02-11 14:00:00,579.170845544656,1.4960622776304717,-6.028322147872106,-2.0685856744143396
2024-02-11 15:00:00,579.1387837151497,2.8728936827131974,-4.925666951939209,-2.0760104459236937
2024-02-11 16:00:00,579.1071653002765,2.2642438805384018,1.722635624134455,-3.024044804949294
2024-02-11 17:00:00,579.0760008915225,2.917770810321599,2.111209156836087,-7.074980858680369
2024-02-11 18:00:00,579.0453008428073,2.007859589337613,2.97631792314562,-6.4094783552905366
2024-02-11 19:00:00,579.0150751570671,2.1827660225552563,2.6953327952931745,-5.743173974915692
2024-02-11 20:00:00,578.9853339429332,1.7388935035177155,2.2949417300095787,-5.68916917646034
2024-02-11 21:00:00,578.9560869668371,-0.6361977337894587,1.1649364081457663,-3.4848256411934337
2024-02-11 22:00:00,578.9273437015388,0.9154141231624635,2.007776092630781,-3.210533917332102
2024-02-11 23:00:00,578.8991136233103,0.04336587603359021,3.603586663747746,-2.766066163091657
2024-02-12 00:00:00,578.8714060525059,1.8493563906141617,-0.5362411279653767,-2.1645213151547584
2024-02-12 01:00:00,578.8442298697993,1.9736813841304865,-0.285412439235422,-2.4224988146943756
2024-02-12 02:00:00,578.8175933850529,1.9303698708768025,2.561170289346622,-1.949133545276225
2024-02-12 03:00:00,578.7915043144665,3.4445566323389585,2.051859849958469,-1.44792079676379
2024-02-12 04:00:00,578.7659699182526,2.4283946656883018,3.160727974401025,-1.0350925583417878
2024-02-12 05:00:00,578.7409969721629,2.559994482233151,1.4730656579120975,-0.3640571123081973
2024-02-12 06:00:00,578.7165917318625,1.5567397561875396,2.4010534135027544,0.2256150984471382
2024-02-12 07:00:00,578.6927598963057,1.840340606607242,0.23811404441331604,-0.24121454732632983
2024-02-12 08:00:00,578.669506705197,1.5874627175244314,2.001441005310952,0.12158957196754064
2024-02-12 09:00:00,578.6468371448545,2.0012413384541787,-0.3296770685458644,-0.5084014147628982
2024-02-12 10:00:00,578.6247559582725,1.805726338904151,-0.006109630445871183,-0.3943726667308986
2024-02-12 11:00:00,578.6032670138262,2.456204944017827,-0.6332506560538069,-0.6462213017901685
2024-02-12 12:00:00,578.5823731897116,1.6631910668479577,-8.93661958804568,-0.2789446685139283
2024-02-12 13:00:00,578.5620766349242,1.9559257200013462,-9.794161115906851,-0.12384123901872
2024-02-12 14:00:00,578.5423785907582,1.9909105776506522,-6.214713097874029,-1.208576070534845
2024-02-12 15:00:00,578.5232797562134,1.9865724239265319,-5.239797751257648,-2.2500544288822417
2024-02-12 16:00:00,578.5047805357462,0.3960251445693075,1.370675093679807,-2.301480773995307
2024-02-12 17:00:00,578.4868803094769,1.755628172925185,1.8630234427468044,-2.0555319251489186
2024-02-12 18:00:00,578.4695770635625,1.2805828865075455,2.497717670375651,-2.567877620445721
2024-02-12 19:00:00,578.4528675801973,0.4965820324965762,2.5376494020359863,-2.4770990147298693
2024-02-12 20:00:00,578.4367478163462,-0.9414499644075249,2.2916974446265934,-2.686995296565173
2024-02-12 21:00:00,578.4212132715802,-0.4969470244138847,1.2136076150965986,-2.6978738622628917
2024-02-12 22:00:00,578.4062591292765,1.4656734307880015,2.196783514628458,-2.628716074692918
2024-02-12 23:00:00,578.3918802906946,1.8456712739740624,3.9402333072418187,-1.1477848719105572
2024-02-13 00:00:00,578.3780718524862,3.068399729496832,-0.45959499505677026,-0.40687658692616285
2024-02-13 01:00:00,578.364829222769,1.5795719256053644,-0.09558411659212461,-1.078817031782201
2024-02-13 02:00:00,578.3521478156634,1.9563221229818737,2.400395198619431,-0.8688651372646684
2024-02-13 03:00:00,578.3400232360736,2.559471636128933,1.9029111455477643,-0.9424060177504213
2024-02-13 04:00:00,578.3284513494585,3.350142058399456,3.1527763625938223,-1.5213697704519273
2024-02-13 05:00:00,578.3174282990874,4.141772075004383,1.4975923551117944,-1.8667927292035558
2024-02-13 06:00:00,578.3069509162978,3.670782440669768,2.272683674525139,-1.920417031492697
2024-02-13 07:00:00,578.2970168452962,2.198432626238855,0.4020270878837699,-1.3574765594188507
2024-02-13 08:00:00,578.2876242232132,2.4369573906242294,2.413983694255074,-1.0885653080925486
2024-02-13 09:00:00,578.2787712826556,2.1115576431809586,0.13208339542310568,-1.4324123212597082
2024-02-13 10:00:00,578.2704559559639,2.301164784431421,0.44968353189074856,-1.3313042722860364
2024-02-13 11:00:00,578.2626758630417,1.5464308654883325,-0.36111805595724916,-1.2279886725727958
2024-02-13 12:00:00,578.2554283438838,0.36462478630426176,-9.010815611279051,-1.6092375189088763
2024-02-13 13:00:00,578.2487100507425,-0.4123594489142306,-9.995407946394698,-0.8609426554334805
2024-02-13 14:00:00,578.2425169586745,0.030975669604686118,-6.537942696827931,-0.9255499314512734
2024-02-13 15:00:00,578.2368438021097,-0.05377919435102285,-5.856359357515707,-1.116705250242938
2024-02-13 16:00:00,578.2316836718719,0.96308772773898,0.8180360166444387,-1.1128074162553268
2024-02-13 17:00:00,578.2270282158951,-1.1809104726305577,1.5780432950695469,1.095838961666038
2024-02-13 18:00:00,578.2228681569283,-2.124952068860125,2.1330257584055743,1.0990581535263517
2024-02-13 19:00:00,578.2191935481121,-3.423792212767353,2.329743371585415,1.054855293069737
2024-02-13 20:00:00,578.2159945123509,-2.741869769499999,2.269601693196522,1.1762735639525737
2024-02-13 21:00:00,578.2132616902381,-2.115941139613824,1.396629700452105,1.0760497489236116
2024-02-13 22:00:00,578.2109863856293,-1.7620132991243054,2.3962035206706402,1.0148233928244317
2024-02-13 23:00:00,578.2091605409612,-0.5223244181789823,4.4196295209562,1.3635343562616664
2024-02-14 00:00:00,578.2077771629647,-1.8476900971719488,-0.061767603221026215,2.0016805374282467
2024-02-14 01:00:00,578.2068304189273,-0.8742272707775101,0.16423082638896072,1.1131660254612872
2024-02-14 02:00:00,578.2063159207125,-1.744466261627963,2.283793817754582,1.1243565231608683
2024-02-14 03:00:00,578.2062311753647,-6.238979925801118,1.8136842881105508,0.7390644623259597
2024-02-14 04:00:00,578.2065754039967,-3.912886169445187,3.26595130655774,0.1703594588907415
2024-02-14 05:00:00,578.2073496770543,-2.509355482529031,1.6425093555977535,-0.3905035501229616
2024-02-14 06:00:00,578.2085565325588,-0.5437199829063957,1.9477634515246496,-1.1526000011770536
2024-02-14 07:00:00,578.2101998204196,-1.3427718456412094,0.45501459976410735,-0.01244257454250338
2024-02-14 08:00:00,578.2122847428981,-1.1940181991402596,2.681495220129734,-0.3697617638874378
2024-02-14 09:00:00,578.2148179095323,-1.7154129883738278,0.5544633937226489,0.05613168511884479
2024-02-14 10:00:00,578.2178070523092,-1.3282176572109847,0.9232908218632979,-0.2228802169615224
2024-02-14 11:00:00,578.2212608280165,2.366512137164591,-0.26023149603088586,-0.5775414691502275
2024-02-14 12:00:00,578.2251889363444,-1.0120272569514555,-9.193204069246486,0.020042389853551106
2024-02-14 13:00:00,578.2296021804005,-1.22615697881929,-10.298731272375289,-0.33471392920588133
2024-02-14 14:00:00,578.2345126034044,-1.1720097949173578,-6.866229375173221,-0.20627343331375228
2024-02-14 15:00:00,578.2399325081319,-0.7871315979446081,-6.678380833785623,0.2155799235982354
2024-02-14 16:00:00,578.2458741076861,-0.1448526289094616,0.17030818446753793,0.3586703367558496
2024-02-14 17:00:00,578.252349744011,-2.3906518325713932,1.4851914148334187,2.023110673727047
2024-02-14 18:00:00,578.2593720598188,-2.607321422896689,1.8700082162969676,2.727941146780997
2024-02-14 19:00:00,578.2669542826224,-1.6649524485113716,2.1878002433866754,2.9601979225022452
2024-02-14 20:00:00,578.2751102655585,-1.5577247216061778,2.3471316402234206,3.0154828158243063
2024-02-14 21:00:00,578.2838543335089,-2.1678577540574224,1.8144320582474365,3.419571362301086
2024-02-14 22:00:00,578.2932013006545,-1.079552622322467,2.6489798658914876,2.5573714557764133
2024-02-14 23:00:00,578.3031663964479,-3.2193268641608483,4.974288960114754,1.8518715075981296
2024-02-15 00:00:00,578.3137651372851,-3.810935382069829,0.52777394765877,1.9693962971259822
2024-02-15 01:00:00,578.3250135080885,-2.4949588674637653,0.4729388055665812,2.587006553808538
2024-02-15 02:00:00,578.3369282143759,-2.900793402850809,2.245822563986083,1.568042624488813
2024-02-15 03:00:00,578.3495266327349,-4.7860846117071105,1.6233746516418035,-0.5168166726695756
2024-02-15 04:00:00,578.3628264941075,-3.2950553299599505,3.3744521136233234,-0.372223277770751
2024-02-15 05:00:00,578.3768457752265,-3.501548435510358,1.635815289767298,-0.6811126294833212
2024-02-15 06:00:00,578.3916028219846,-2.719187715493149,1.4833857384218416,-0.15580084491326918
2024-02-15 07:00:00,578.4071163770948,-2.3857575736735726,0.34627473547206067,1.1323664611066553
2024-02-15 08:00:00,578.423405120432,-2.604834698454738,2.663124483340389,0.9683050946823367
2024-02-15 09:00:00,578.4404875432543,-3.2345165323650917,0.7387950794264471,1.3552339096842518
2024-02-15 10:00:00,578.4583816203703,-4.3839976320535925,1.2982580726975015,2.057357938985641
2024-02-15 11:00:00,578.4771047242909,-2.3295760751994976,-0.40312263750413824,2.1455939884126822
2024-02-15 12:00:00,578.4966735177258,-4.039356408194294,-9.353409132635369,2.576092023103885
2024-02-15 13:00:00,578.5171041055413,-3.2536721553177586,-10.592272935153112,2.0688409849295497
2024-02-15 14:00:00,578.5384120941748,-4.396840310093694,-7.082544280423776,2.3909724963428065
2024-02-15 15:00:00,578.5606125762229,-4.666792320745458,-7.42413958405192,2.670319328574475
2024-02-15 16:00:00,578.5837201013883,-5.072790626982396,-0.3621140985309236,2.9111846241250166
2024-02-15 17:00:00,578.6077489024312,-6.7872378675833716,1.503498307665288,5.53599065748686
2024-02-15 18:00:00,578.6327131802346,-3.4161541855614814,1.8222772048697604,5.851163800456991
2024-02-15 19:00:00,578.6586269795274,-3.428664108082444,2.3424830324937336,5.887554096061328
2024-02-15 20:00:00,578.6855036077886,-3.4406883025320667,2.6820473164665497,6.013137378276931
2024-02-15 21:00:00,578.713355420908,-2.573051934924024,2.537679304443117,6.592017209572826
2024-02-15 22:00:00,578.7421936103833,-5.004155624226769,3.040547601924608,6.411414411918919
2024-02-15 23:00:00,578.7720283204831,-4.757874087188384,5.537655301732709,4.928190464972666
2024-02-16 00:00:00,578.802869011717,-6.657066741275003,1.1159556553062593,5.368242074251745
2024-02-16 01:00:00,578.834724104624,-5.763251612230647,0.8438191680406019,4.924708339566059
2024-02-16 02:00:00,578.8676010076139,-5.246813727930771,2.2827191494545027,3.50649357086242
2024-02-16 03:00:00,578.901505975011,-3.464029389910934,1.2819776080715026,2.3205458068283686
2024-02-16 04:00:00,578.9364434052102,-3.054619426493673,3.301750024193773,2.7064259970896543
2024-02-16 05:00:00,578.9724158262185,-2.7507464016165386,1.429840984311738,2.878489591086359
2024-02-16 06:00:00,579.009424248033,-6.844276444206116,0.902639887292785,2.9022123088802996
2024-02-16 07:00:00,579.0474681947271,-5.007968446408768,0.09545318053512802,2.2350470711465036
2024-02-16 08:00:00,579.0865459632281,-1.4913757247716148,2.3895855863774433,2.6552441751661338
2024-02-16 09:00:00,579.1266545710708,-1.3371834046400863,0.6929491260603042,2.897579707508908
2024-02-16 10:00:00,579.1677901807385,-3.0945847230649406,1.377825055398963,3.558969486927462
2024-02-16 11:00:00,579.2099482064593,-6.836051134231752,-0.8791721693349335,3.965275097107312
2024-02-16 12:00:00,579.2531240092482,-3.656485020938703,-9.405160643331639,4.548521655022269
2024-02-16 13:00:00,579.2973132468653,-4.76944070951015,-10.718066348516452,4.550193811161357
2024-02-16 14:00:00,579.3425117715072,-5.587578168788696,-7.228279184525209,4.693345581806773
2024-02-16 15:00:00,579.3887156374111,-4.501808200683513,-8.020227903369799,4.503320466642236
2024-02-16 16:00:00,579.4359210968481,-4.261700183745802,-0.7984945818371528,4.874273668734901
2024-02-16 17:00:00,579.4841247011127,0.7923951924267385,1.6440794118537163,3.979400694606898
2024-02-16 18:00:00,579.5333229796368,-1.9654335785274952,1.9156820866585234,3.6764285122322087
2024-02-16 19:00:00,579.5835121950611,-2.3917890128384443,2.725522204484998,3.5527546132924224
2024-02-16 20:00:00,579.6346888160184,-2.582452949085223,3.184214996576798,3.6635491364900585
2024-02-16 21:00:00,579.6868493314905,-1.9731319147207387,3.2085050930277923,2.7577774902023435
2024-02-16 22:00:00,579.7399898462909,-2.410160903226142,3.4376367890698116,2.6425342678653183
2024-02-16 23:00:00,579.7941061255211,-0.9460951406872482,5.965158256069748,1.3468307590963822
2024-02-17 00:00:00,579.8491935033551,-0.5477640471378891,1.5741910044974803,-0.11562046071467703
2024-02-17 01:00:00,579.9052465878503,-2.3540323615002308,1.2296109004943652,0.9691748731555269
2024-02-17 02:00:00,579.9622591804573,-0.9248868391221094,2.3270679041920292,3.165559754472679
2024-02-17 03:00:00,580.0202245646383,-1.4944687815877842,1.0421242892071025,4.1921199277423495
2024-02-17 04:00:00,580.0791361038539,-1.452069554618106,3.189098116042811,4.773835334721439
2024-02-17 05:00:00,580.1389871506345,-1.6736347125502107,1.3478110248266475,5.956836537088951
2024-02-17 06:00:00,580.1997709465028,-1.5653603228676047,0.29749977980336245,3.6780895965614007
2024-02-17 07:00:00,580.2614806270428,-2.1018005797587875,-0.15333205644750947,3.6836520091635436
2024-02-17 08:00:00,580.3241091359429,-2.9612270606992297,2.1482459452473175,1.8988719795089297
2024-02-17 09:00:00,580.3876490192046,-2.9941833700115694,0.6586179009793621,1.917916449827643
2024-02-17 10:00:00,580.4520932077911,-0.7829190496086085,1.25922132249731,1.5116045193202579
2024-02-17 11:00:00,580.5174351930395,-0.968454703858697,-1.5976625219779628,1.8786820327971856
2024-02-17 12:00:00,580.583668796566,-2.2022080115305016,-9.306711184969341,-0.3347496000662144
2024-02-17 13:00:00,580.650788240502,-1.3010829379423967,-10.630244365523492,-0.7894609370361968
2024-02-17 14:00:00,580.7187880662792,0.21512693845420472,-7.278615732286274,-0.7552992724471813
2024-02-17 15:00:00,580.7876628789172,-1.1815781206885276,-8.386246560403405,0.050161802174622454
2024-02-17 16:00:00,580.8574074571673,-1.0328435978501602,-1.1443347767714402,-0.09022908254564517
2024-02-17 17:00:00,580.9280169515765,-1.2133275934452286,1.8769482291889064,-8.201637587320235
2024-02-17 18:00:00,580.9994863060664,-1.410821204963554,1.9231157868515942,-6.201780887954439
2024-02-17 19:00:00,581.0718095578675,-2.0809744921982656,2.979988198023445,-6.110823263692629
2024-02-17 20:00:00,581.144979857842,-1.312812792403406,3.472199524672617,-6.1043665901112485
2024-02-17 21:00:00,581.2189894842514,-1.894575581381332,3.5588069668829507,-7.093220869753077
2024-02-17 22:00:00,581.2938299156816,-1.1597265381288935,3.630334821909538,-7.614438199462264
2024-02-17 23:00:00,581.3694905130174,-1.4948441219048618,6.191038268461909,-8.30568465957451
2024-02-18 00:00:00,581.4459581548571,-0.33722690827391943,1.98938152315876,-10.35811276974188
2024-02-18 01:00:00,581.5232174661647,-1.4064000587550254,1.543472543284065,-8.60028995069387
2024-02-18 02:00:00,581.6012510780906,-1.729783220315312,2.328445236155684,-7.029913093931049
2024-02-18 03:00:00,581.6800398810358,-0.6801903201367168,0.9659394813403513,-5.815789042239409
2024-02-18 04:00:00,581.7595630673152,-0.04351063372860153,3.087251433161828,-5.173303866748404
2024-02-18 05:00:00,581.8397982064507,-1.9997958840439196,1.3928807478887626,-4.252883070295488
2024-02-18 06:00:00,581.9207215939025,-0.9872005010493012,-0.168625740140697,-4.254895352712557
2024-02-18 07:00:00,582.0023085571243,-0.16427623073036557,-0.30091557458065177,-3.4171167518131607
2024-02-18 08:00:00,582.084533196474,-1.6494609595904421,2.0713245842184365,-4.676396821102032
2024-02-18 09:00:00,582.1673680305289,-1.1030045331335714,0.7204823403711517,-2.8648458377665174
2024-02-18 10:00:00,582.2507840180295,0.33070357269912165,1.1667544400238994,-4.118242030752537
2024-02-18 11:00:00,582.3347506855339,-0.7288938848607813,-2.345966094279288,-3.859890706393772
2024-02-18 12:00:00,582.4192361758929,-1.1752372765424752,-9.055551051661315,-3.6584478476891613
2024-02-18 13:00:00,582.5042073409338,-2.0727783259384296,-10.398120035294543,-2.8233089797007453
2024-02-18 14:00:00,582.5896296881615,-1.561467233445228,-7.161468250335246,-2.476694204381032
2024-02-18 15:00:00,582.6754677694813,-1.2478117433613534,-8.452395383312357,-2.3152606428076083
2024-02-18 16:00:00,582.7616852365406,-1.2045093497545167,-1.2178990282455464,-3.36927685854052
2024-02-18 17:00:00,582.8482447792973,-1.0861879873107227,2.176891711622821,-7.368948503609339
2024-02-18 18:00:00,582.935107827277,0.29747305956539094,1.7128725594119467,-6.455453446254256
2024-02-18 19:00:00,583.0222345719637,0.7432973782899808,2.880379729765473,-5.775911680019168
2024-02-18 20:00:00,583.109584362283,-0.6112961265727108,3.335958464633317,-5.804246700343688
2024-02-18 21:00:00,583.1971161459865,0.3663734609853009,3.5785871989375595,-3.5520768059092855
2024-02-18 22:00:00,583.2847888290034,0.04539722106846966,3.5494526303988083,-3.33963868047079
2024-02-18 23:00:00,583.3725614272632,0.025768884220838117,6.2275469697302395,-2.905877281214368
2024-02-19 00:00:00,583.4603932340716,1.4950443606722956,2.3210748054209858,-2.2765124001648043
2024-02-19 01:00:00,583.5482440672814,2.84109653242092,1.8812853448438815,-2.380625944546207
2024-02-19 02:00:00,583.6360743528686,0.4947345546019051,2.2759832959623334,-2.0467922034327604
2024-02-19 03:00:00,583.7238455855628,-0.718874853130842,0.855262153687301,-1.5302328861191175
2024-02-19 04:00:00,583.8115209500038,-1.8666624965003393,2.9743695759055924,-1.0992280294089976
2024-02-19 05:00:00,583.8990651824255,-1.997147814610912,1.4235390948218192,-0.3854564626363031
2024-02-19 06:00:00,583.9864444327012,-1.9046180739311467,-0.34613993845223967,0.26431357968210456
2024-02-19 07:00:00,584.0736259920675,-3.4231845760858732,-0.3203172184193823,-0.24012419756221257
2024-02-19 08:00:00,584.1605790908698,-3.4617811935906957,2.093281893576324,0.24792020914461665
2024-02-19 09:00:00,584.2472756004263,-2.214924924859588,0.8194857820268018,-0.5818364575935823
2024-02-19 10:00:00,584.3336901667001,-1.7872398360601665,1.1523531432810252,-0.49880347392090757
2024-02-19 11:00:00,584.4197996974829,-1.929116104070431,-2.8362565472151564,-0.9044270461972214
2024-02-19 12:00:00,584.5055841220473,-0.3788649475418424,-8.684620152660825,-0.23209902184450498
2024-02-19 13:00:00,584.5910270036363,-0.026540065419908387,-10.112482696193709,0.07799575797730612
2024-02-19 14:00:00,584.6761149728796,0.15412342996330608,-6.855763071275443,-1.1844753315676244
2024-02-19 15:00:00,584.7608365177748,-0.7227859905987088,-8.184979133510181,-2.3930713936658243
2024-02-19 16:00:00,584.8451807537361,0.27450905924160907,-0.9699894105223245,-2.369700402455409
2024-02-19 17:00:00,584.9291365784827,6.120505692261304,2.3437528815076085,-1.8633951522517072
2024-02-19 18:00:00,585.0126925977282,2.908657669417039,1.2905085029452446,-2.4118587700906184
2024-02-19 19:00:00,585.0958370006309,3.6079787278947606,2.528954591189651,-2.36277031971535
2024-02-19 20:00:00,585.1785584879605,4.632358545499869,2.930813923144359,-2.581730956604716
2024-02-19 21:00:00,585.2608466484396,3.554454050050481,3.3012290372976345,-2.626529735787678
2024-02-19 22:00:00,585.3426915625469,4.3281611362781405,3.3562246443847803,-2.627077343209777
2024-02-19 23:00:00,585.424083770383,3.6750389169958453,6.044470618061314,-1.0335933054401663
2024-02-20 00:00:00,585.5050141748782,1.9628763177296378,2.359285596477113,-0.3871760890848647
2024-02-20 01:00:00,585.5854729229897,2.848509444484648,2.2694899144627145,-1.023472281937099
2024-02-20 02:00:00,585.6654495005953,3.133956264320773,2.2354112419847825,-0.77481700690084
2024-02-20 03:00:00,585.7449328960201,3.5225287993547454,0.6867626461750627,-0.7942243415500472
2024-02-20 04:00:00,585.823912874819,3.2493492534439383,2.8588170454039044,-1.5120791736669645
2024-02-20 05:00:00,585.9023802273098,5.909491086565367,1.4756730299270204,-1.6975443438021716
2024-02-20 06:00:00,585.9803251411349,4.215207471672102,-0.2917601473538638,-1.913772465453155
2024-02-20 07:00:00,586.0577371431532,3.682371622454525,-0.3080663817910505,-1.272042383816709
2024-02-20 08:00:00,586.1346064166653,3.21962182066261,2.30717766806441,-1.05140590539225
2024-02-20 09:00:00,586.2109248083259,3.3083450321998953,1.0289062384329777,-1.2881760789588785
2024-02-20 10:00:00,586.2866848399269,2.229475994971608,1.2035712674808896,-1.2397321023794388
2024-02-20 11:00:00,586.3618796859867,2.632637220637889,-3.0265931240080386,-1.0379237826165826
2024-02-20 12:00:00,586.436503807785,3.425626262644755,-8.197706827709153,-1.30442324272069
2024-02-20 13:00:00,586.5105538881481,4.004006524557781,-9.770257478038365,-0.574302934667605
2024-02-20 14:00:00,586.5840280561639,2.645319627444792,-6.480381945897687,-0.7789657377109621
2024-02-20 15:00:00,586.6569250214261,2.9956267812119677,-7.678592260472061,-0.923959542166038
2024-02-20 16:00:00,586.7292438922948,2.907821763320726,-0.5149683002002307,-0.9020973554151598
2024-02-20 17:00:00,586.8009833829407,1.7188759950493022,2.2407753863993225,1.239365235610613
2024-02-20 18:00:00,586.8721411737212,1.86545561101957,0.7613733045304525,1.1910299107288063
2024-02-20 19:00:00,586.9427138850704,3.2930538576957815,2.003531123111143,1.10070113412277
2024-02-20 20:00:00,587.0126970495676,3.687095278709535,2.3752534100310108,1.26495426169182
2024-02-20 21:00:00,587.0820850044634,1.5024127774884164,2.8301083358313615,1.2453938822167836
2024-02-20 22:00:00,587.1508708016573,2.106440276387275,3.099803866527965,1.2428850554274171
2024-02-20 23:00:00,587.219046243297,1.2653627818484665,5.714079442340505,1.6615115325140282
2024-02-21 00:00:00,587.2866016191657,1.4886031653267082,2.100626867935951,2.1341683475716184
2024-02-21 01:00:00,587.3535254718845,1.3162176387287445,2.5020035081571455,1.3982533812296964
2024-02-21 02:00:00,587.4198049171824,0.9924579442282493,2.197564621457004,1.4201725171322888
2024-02-21 03:00:00,587.4854261126923,1.1315461284568755,0.49160209869128724,1.0614256601595529
2024-02-21 04:00:00,587.5503745439273,0.5984996187860361,2.7605108582932254,0.5806149789934676
2024-02-21 05:00:00,587.614635391978,1.304802109728712,1.608564704555204,0.11199779373808288
2024-02-21 06:00:00,587.6781937119928,0.5369054314470532,-0.21207720733986057,-0.8130219360998253
2024-02-21 07:00:00,587.7410345390211,2.018774453088895,-0.4441991081700115,0.2943901160600121
2024-02-21 08:00:00,587.8031424799025,2.8730058020821616,2.763147411962294,-0.05929569394693727
2024-02-21 09:00:00,587.8645019274009,2.4938201032508687,1.4233057804994302,0.33837218884891956
2024-02-21 10:00:00,587.9250968358799,1.4032779440699414,1.3569026899403807,0.09472253010974917
2024-02-21 11:00:00,587.9849107846145,1.036221900679493,-2.899237372478537,-0.17189531281546036
2024-02-21 12:00:00,588.0439268804015,2.513292872915372,-7.665244945472927,0.5380251921560322
2024-02-21 13:00:00,588.1021279430739,3.378801557347856,-9.505943473705372,0.12501397328357744
2024-02-21 14:00:00,588.1594965766691,2.029761943926246,-6.174271726138782,0.1250132055434276
2024-02-21 15:00:00,588.2160151824675,1.8275773015448067,-7.087140647999141,0.46354816398680543
2024-02-21 16:00:00,588.2716663893376,2.0338675693921004,-0.012658183924471125,0.6871242251948151
2024-02-21 17:00:00,588.3264334243704,3.3540561602741263,2.1103288802660813,2.4191815350894625
2024-02-21 18:00:00,588.3802997680951,2.0524887300302908,0.27923325328202264,2.797978248592574
2024-02-21 19:00:00,588.4332491960253,1.2856996233997506,1.4634608023844409,3.007590378190602
2024-02-21 20:00:00,588.4852658551695,0.43675783247249456,1.7427503796360373,3.2352259327219497
2024-02-21 21:00:00,588.5363341772867,2.5311731497403116,2.1849343284782035,3.7475583444947453
2024-02-21 22:00:00,588.5864389477102,-0.9137134525404917,2.7968212481182713,3.0904532567119216
2024-02-21 23:00:00,588.6355652751433,1.262789581270681,5.388996289047393,2.3726488545385296
2024-02-22 00:00:00,588.6836987919772,1.8093674667813957,1.6639901786855162,2.132943562555879
2024-02-22 01:00:00,588.7308258683229,1.8261987681169103,2.3145244769095927,2.918450886650638
2024-02-22 02:00:00,588.7769337402702,0.8053109612732214,2.142030004773427,1.7957252936831034
2024-02-22 03:00:00,588.8220101334332,1.9323763119639352,0.3806899334630103,-0.4650763788601814
2024-02-22 04:00:00,588.866042856252,2.484967668242689,2.7766549539844885,-0.10766547847914171
2024-02-22 05:00:00,588.90901974507,1.6745347107018915,1.809583123425627,-0.3931375791976839
2024-02-22 06:00:00,588.9509288834204,2.442827306172262,-0.0007319497121900109,-0.1830242398803726
2024-02-22 07:00:00,588.991758781565,2.7277456650496106,-0.7335692829253033,1.1940648363106503
2024-02-22 08:00:00,589.0314987409622,1.491581980367414,3.3911413488699056,1.1257779298004444
2024-02-22 09:00:00,589.0701385644976,1.497298323195082,1.9539686750940188,1.5585944372132787
2024-02-22 10:00:00,589.1076686270643,1.233761628508546,1.7481321102710325,2.370437634156083
2024-02-22 11:00:00,589.144079830701,2.042315079984519,-2.5434713066349284,2.4870763959494115
2024-02-22 12:00:00,589.1793631723172,0.7947703161580648,-7.199472166854002,2.7353386783787825
2024-02-22 13:00:00,589.2135096408002,0.6803071017817501,-9.35420459237019,2.1803878497881573
2024-02-22 14:00:00,589.2465103448131,2.2390834044624626,-5.828764415065739,2.6331706657901015
2024-02-22 15:00:00,589.2783572644423,1.8694823895634727,-6.411086906662382,2.8632472526566173
2024-02-22 16:00:00,589.3090431123298,1.4527905236702736,0.515692711733238,3.2624736522666002
2024-02-22 17:00:00,589.3385610249466,2.0114272642309743,1.9859325573125859,5.794079153509874
2024-02-22 18:00:00,589.3669045361717,0.9639923771903796,-0.11777285784386016,6.076875944481743
2024-02-22 19:00:00,589.3940676764595,-0.13811676143780005,0.9090554956231877,6.11499358935513
2024-02-22 20:00:00,589.4200449662497,2.1341851970872767,1.018826756780743,6.476943079882177
2024-02-22 21:00:00,589.4448316375963,2.303058998047277,1.3537389903831496,7.038370373973325
2024-02-22 22:00:00,589.4684236196324,2.877267488093139,2.4093023292721876,6.755006563002176
2024-02-22 23:00:00,589.490817269293,1.8616465982454429,5.1559525063351845,5.151583626126317
2024-02-23 00:00:00,589.5120093219155,2.670118749591552,1.1493438743880156,5.338528054104924
2024-02-23 01:00:00,589.5319968352742,4.186677228797748,1.7766336451349158,5.0146922907932066
2024-02-23 02:00:00,589.550777127923,3.5624628517225574,2.0665376637861743,3.520222356568242
2024-02-23 03:00:00,589.568347726459,3.8940026531471403,0.3994340636337231,2.4482155567600454
2024-02-23 04:00:00,589.5847062808268,4.542611327756276,2.8313039325616076,2.861378458855354
2024-02-23 05:00:00,589.5998504982805,4.439772351626743,1.9742734063459573,2.8861037437469
2024-02-23 06:00:00,589.6137782487233,4.317237307687037,0.2962906394933592,2.802693804096249
2024-02-23 07:00:00,589.6264882842133,4.485102296582568,-1.2110879500189236,2.019497369223035
2024-02-23 08:00:00,589.637979921693,4.174468395866029,4.01233204643789,2.785219636003084
2024-02-23 09:00:00,589.6482524380382,2.959735648775336,2.4971074880700153,2.984904425116532
2024-02-23 10:00:00,589.657304784726,4.48427674410118,2.3971088924569504,3.5013095787158797
2024-02-23 11:00:00,589.6651358143596,7.955038841820965,-1.9431450106788475,3.922970354498294
2024-02-23 12:00:00,589.6717446949099,3.395273022664469,-6.846566612309824,4.499548894735527
2024-02-23 13:00:00,589.6771309855379,3.316782362355184,-9.291781644832936,4.527868296939793
2024-02-23 14:00:00,589.6812943858996,2.686549456984608,-5.492364558761837,4.78452071587762
2024-02-23 15:00:00,589.6842348634436,2.9386426503333496,-5.736109662825563,4.653232149048601
2024-02-23 16:00:00,589.6859529277555,3.755687958069416,1.0169625907643967,5.041396523410793
2024-02-23 17:00:00,589.6864496380218,-2.6825269529133493,1.8080687066188932,3.818008608272616
2024-02-23 18:00:00,589.6857265776285,-4.3477343809712465,-0.45150679865449067,3.5535146019972363
2024-02-23 19:00:00,589.6837858650872,-4.775783242147327,0.3845752311159791,3.3274221459441558
2024-02-23 20:00:00,589.6806303675536,-2.3323993033343413,0.3375386246766048,3.6342303111041003
2024-02-23 21:00:00,589.6762638314947,-1.786776548671014,0.5732111307913303,2.557301586384917
2024-02-23 22:00:00,589.6706912507817,-1.6296369140205798,1.9909408140827805,2.3880048491559878
2024-02-23 23:00:00,589.6639197921327,-1.7646733126326808,5.005912225529903,0.9148412949701772
2024-02-24 00:00:00,589.6559593100558,-0.30914353129674055,0.7532583360595811,-0.5700741148186301
2024-02-24 01:00:00,589.6468224329216,0.17015139780801292,1.3014441475087042,0.4215820217616959
2024-02-24 02:00:00,589.63652461031,-0.6793614995026473,2.026532901416677,2.866303987776116
2024-02-24 03:00:00,589.6250837225999,-3.3098029803298914,0.4291153126888601,3.9556039450411333
2024-02-24 04:00:00,589.612519470195,-4.267880544519699,2.827646162204495,4.517714912120248
2024-02-24 05:00:00,589.5988532162116,-3.2285969506164065,2.0417396008976643,5.85800413350706
2024-02-24 06:00:00,589.5841078403973,-3.99956394548758,0.37339825796086384,3.512057847129446
2024-02-24 07:00:00,589.5683071213153,-3.9941673206757287,-1.5540969210157682,3.399957120376095
2024-02-24 08:00:00,589.5514757909581,-4.027163679740511,4.280767274825127,1.544920613957267
2024-02-24 09:00:00,589.5336396165224,-2.417851950430304,2.695974307822192,1.7782380260858124
2024-02-24 10:00:00,589.5148250550931,-2.6987530206210977,2.9677732008731863,1.5561547646548275
2024-02-24 11:00:00,589.4950590485887,-1.4250068659440558,-1.3065593862623206,2.096507203617652
2024-02-24 12:00:00,589.4743692783647,-0.9244421297172494,-6.563979147408466,-0.5659480012391108
2024-02-24 13:00:00,589.452784268379,-1.5116359309478185,-9.216934163728704,-1.164214173702528
2024-02-24 14:00:00,589.4303327076378,-2.4264955103916463,-5.1342209864192805,-1.0796162108268585
2024-02-24 15:00:00,589.4070433661972,-1.0858948717278736,-5.17187663434683,-0.1892718601224557
2024-02-24 16:00:00,589.3829455802525,-0.9180984885502994,1.4420666619671494,-0.2969137536693229
2024-02-24 17:00:00,589.3580692637921,-0.018270348827059024,1.7539289911231417,-9.15372790608815
2024-02-24 18:00:00,589.3324447697338,-0.13050792453975646,-0.5533033515598597,-7.108633493634174
2024-02-24 19:00:00,589.3061034446782,0.3418533047471328,0.2041542071389319,-6.9021109565642345
2024-02-24 20:00:00,589.2790776100119,0.09597068404366382,0.12219145267037676,-6.927239746725793
2024-02-24 21:00:00,589.2514005161089,1.3655656492138633,-0.022456810339924634,-7.914509354982861
2024-02-24 22:00:00,589.2231066217907,2.766174936364564,1.6205070227047957,-8.479788580860118
2024-02-24 23:00:00,589.1942312559042,1.6664969775288228,4.804853344202339,-9.595581577635347
2024-02-25 00:00:00,589.1648102428758,1.3998618744449232,0.4352951407312936,-11.38996725805197
2024-02-25 01:00:00,589.1348792400534,-0.6636531241790635,0.8019024512339372,-8.893128567108148
2024-02-25 02:00:00,589.1044733187869,1.8769174221368985,2.0127168757717238,-7.0041076166954985
2024-02-25 03:00:00,589.0736268313735,3.241722618335757,0.357815939116764,-6.293165388826124
2024-02-25 04:00:00,589.0423729664109,4.763468324500309,2.7418143315724737,-5.587655622483662
2024-02-25 05:00:00,589.0107433508309,3.2547936700367472,2.059235660547818,-4.734772681415473
2024-02-25 06:00:00,588.97876853288,5.686412596019522,0.2740746794760705,-4.439255808375597
2024-02-25 07:00:00,588.9464781248363,9.850092150586875,-1.9191682255411449,-3.747402049882047
2024-02-25 08:00:00,588.9139002799573,6.180585911971775,4.238969474588255,-4.773455666517267
2024-02-25 09:00:00,588.8810615574587,5.346242221972602,2.6082173308097905,-3.1655211102411585
2024-02-25 10:00:00,588.8479868168107,3.8401592699955245,3.3642499638258014,-4.292396050632055
2024-02-25 11:00:00,588.8146991252934,2.955845172608065,-0.7710419617751627,-4.079502336126356
2024-02-25 12:00:00,588.7812198908305,3.190499334514925,-6.236375172005577,-4.195344053339916
2024-02-25 13:00:00,588.7475684980251,1.9657243487315554,-8.992164806062627,-3.421128040693996
2024-02-25 14:00:00,588.713762748074,4.3104149514442724,-4.779116590542669,-2.9650611089756547
2024-02-25 15:00:00,588.6798204501122,4.112242802226774,-4.719484645055818,-2.5925786072831527
2024-02-25 16:00:00,588.6457584945624,4.015477263147318,1.7876135757207048,-3.7488493334303157
2024-02-25 17:00:00,588.6115928482175,3.168025160764955,1.9006639060508397,-7.6002819150331495
2024-02-25 18:00:00,588.5773392847709,4.645669787847282,-0.45374172635195775,-6.34926734626631
2024-02-25 19:00:00,588.5430131671187,4.147729293730322,0.37519285677836617,-5.64593531762739
2024-02-25 20:00:00,588.5086292917425,4.111029845741655,0.29862219585164274,-5.778281333335852
2024-02-25 21:00:00,588.4742015294831,2.359709441263931,-0.5012049336394284,-3.4927060371076606
2024-02-25 22:00:00,588.4397423943249,4.285831505356896,1.3459556029629252,-3.3215295026447462
2024-02-25 23:00:00,588.405263056422,6.540918960890394,4.5632515280967905,-2.9294335454090605
2024-02-26 00:00:00,588.3707736902435,0.9761941631713853,0.190010600948243,-2.336978454362998
2024-02-26 01:00:00,588.3362838800841,1.6431851806385112,0.23684833904504426,-2.42631739976774
2024-02-26 02:00:00,588.3018026716196,4.1100732605500525,1.7610636464146812,-2.4129395785843415
2024-02-26 03:00:00,588.2673390007598,4.6809029620665115,0.14361318572688433,-1.9518551485530984
2024-02-26 04:00:00,588.2329006794371,2.921692404068267,2.4776200258766274,-1.4922131093820123
2024-02-26 05:00:00,588.1984942045991,3.667525604692514,1.8927605653650423,-0.768780374656636
2024-02-26 06:00:00,588.1641256153969,4.34517512279001,0.11227814792378975,0.06842111388941229
2024-02-26 07:00:00,588.1298008175737,8.953076798352413,-2.3096269715402356,-0.47325064438593456
2024-02-26 08:00:00,588.0955255371673,4.853987051524655,4.117331591889788,-0.06684418058172881
2024-02-26 09:00:00,588.0613051781146,4.5625471510962825,2.449790077093735,-1.0736424063046999
2024-02-26 10:00:00,588.0271450430737,5.227914515820885,3.516250789684872,-0.8913103485794068
2024-02-26 11:00:00,587.9930505417939,2.5140258600099514,-0.4712860603052723,-1.3357903414984702
2024-02-26 12:00:00,587.9590271287294,0.6644648381737852,-5.896847934621377,-0.2766440322817341
2024-02-26 13:00:00,587.9250804961694,0.9546966519296802,-8.662014008626024,0.07223686052695913
2024-02-26 14:00:00,587.891216345096,-0.5279113890393319,-4.4698412946241834,-1.2034636614324543
2024-02-26 15:00:00,587.8574398268579,0.8061419304258379,-4.409826196997753,-2.5237555602859594
2024-02-26 16:00:00,587.8237553274955,0.6269085205683496,1.9830225258457637,-2.343686373909558
2024-02-26 17:00:00,587.7901663718008,-0.5790703140716005,2.3027226346775587,-1.7738186924066892
2024-02-26 18:00:00,587.7566760126219,-1.7204744504875862,-0.07612682244481742,-2.270074739689392
2024-02-26 19:00:00,587.7232867580894,-2.8518744349923963,0.9105057085660837,-2.231918031663212
2024-02-26 20:00:00,587.6900006528678,-3.1603242481759253,0.7264068403110043,-2.39608324500281
2024-02-26 21:00:00,587.6568191623043,-0.7623889456709776,-0.7614122668800029,-2.4730179497532427
2024-02-26 22:00:00,587.6237430727856,-1.4157237487869452,1.1397060230992104,-2.5877253470978796
2024-02-26 23:00:00,587.5907728869261,-0.5084249371162741,4.339903175064262,-0.922251124874021
2024-02-27 00:00:00,587.5579087448926,-0.5970406986907619,0.21029373486453434,-0.33116178106637667
2024-02-27 01:00:00,587.5251501700852,0.6597572029432968,-0.11533771263701097,-1.0895696603914278
2024-02-27 02:00:00,587.4924963829515,-1.4182209139546558,1.1895906488272778,-0.6838661178240596
2024-02-27 03:00:00,587.459946303307,-0.6192537955747639,-0.10587548232367518,-0.6048170254086171
2024-02-27 04:00:00,587.4274981930859,-1.2490535038513144,2.115756801161874,-1.434201490396439
2024-02-27 05:00:00,587.3951499696459,-1.0217315434464354,1.5503108895064706,-1.4837293157058808
2024-02-27 06:00:00,587.3628995954812,-2.0656556579594962,0.03050798983953769,-1.7977519273612335
2024-02-27 07:00:00,587.3307447918155,-1.0349767156691314,-2.4794878108709213,-1.0862802652755352
2024-02-27 08:00:00,587.2986819987314,-0.6300876249759995,3.919950531585657,-0.9385449053409805
2024-02-27 09:00:00,587.2667061330925,-1.4256624530817135,2.18729153090293,-1.2183352109137668
2024-02-27 10:00:00,587.2348113928631,-0.6188399540415048,3.2454211829071515,-1.041392621728689
2024-02-27 11:00:00,587.2029914824992,0.7827320071741042,-0.671629026093563,-0.8940944635798317
2024-02-27 12:00:00,587.1712390815375,-0.9015562312771408,-5.680119298162788,-0.9295635520975631
2024-02-27 13:00:00,587.1395461643307,-0.6193506849806454,-8.211529844912002,-0.2586656344380922
2024-02-27 14:00:00,587.107904809668,0.2347180782222722,-4.1264855335893,-0.6861373543009189
2024-02-27 15:00:00,587.0763072655251,-0.42059682240585516,-4.193041742416264,-0.8426687007029723
2024-02-27 16:00:00,587.0447454762103,-0.5976095526475547,2.0923465402920263,-0.899482463854833
2024-02-27 17:00:00,587.0132111597728,-0.4603658599820619,2.5704495522926094,1.4467051479166468
2024-02-27 18:00:00,586.9816961588562,-0.43753618594973887,0.4786367169184452,1.3872033101750583
2024-02-27 19:00:00,586.9501930147178,0.21849467078800444,1.4658623210679962,1.2854499934261034
2024-02-27 20:00:00,586.918694047213,0.889441099463852,1.2806058154039481,1.5512590379191569
2024-02-27 21:00:00,586.887191525004,-0.24935629866217823,-0.6819454220560023,1.5241101957141507
2024-02-27 22:00:00,586.8556775985948,-2.524255885155526,0.9352178554995824,1.653360431061164
2024-02-27 23:00:00,586.8241441230367,-1.5335852818851663,3.955128270943242,1.9643128879052891
2024-02-28 00:00:00,586.7925828250312,-2.0107697749766658,0.5261375686176496,2.222049381327832
2024-02-28 01:00:00,586.7609856174962,-2.723904193884323,-0.1250890622317626,1.6780076386199194
2024-02-28 02:00:00,586.7293447065573,0.9387539183144327,0.5834594331699654,1.708441941958347
2024-02-28 03:00:00,586.6976523204812,-1.2324084503918584,-0.3332757589964413,1.2980318889070916
2024-02-28 04:00:00,586.6659005332408,-0.09445384418552294,1.7823643788266172,0.8361889321181227
2024-02-28 05:00:00,586.6340812841795,0.12995024739757355,1.1627104778242545,0.3332579905987233
2024-02-28 06:00:00,586.6021855912272,-2.3411881405824033,0.08660937505920006,-0.5176068257039829
2024-02-28 07:00:00,586.5702035733642,-1.7007644903216033,-2.1917964086623836,0.5523573256198422
2024-02-28 08:00:00,586.5381249899983,-3.0886092485860672,3.6066220914842937,0.1538621671035396
2024-02-28 09:00:00,586.5059392142616,-3.1747676398108524,1.797584756586248,0.62124366896291
2024-02-28 10:00:00,586.4736349685986,-0.7849719703327764,2.6243632750162456,0.30697372671795314
2024-02-28 11:00:00,586.441200143543,-1.6572760104362487,-1.281146985866783,0.007222852759985516
2024-02-28 12:00:00,586.408622034591,-1.6802503678820813,-5.50947369711609,1.0811020304071213
2024-02-28 13:00:00,586.375887504289,-1.3287008491843153,-7.616668391348714,0.6394817362441083
2024-02-28 14:00:00,586.3429831212535,-1.8262566634365385,-3.766475471160666,0.5597490133437063
2024-02-28 15:00:00,586.3098952628994,-2.2660251781082934,-4.039379340946552,0.8355092561554774
2024-02-28 16:00:00,586.2766100006843,-2.1858831794897924,2.1985483011175826,1.1007248776878804
2024-02-28 17:00:00,586.2431133101566,-1.906285021442386,2.593217300576195,2.9299544107096342
2024-02-28 18:00:00,586.2093917873278,-3.5637175350215102,1.0058203599579185,3.1185053877356563
2024-02-28 19:00:00,586.1754331896864,-3.5507081946977905,1.941034018637542,3.224240986373833
2024-02-28 20:00:00,586.14122697906,-4.224293034712673,1.865445046528343,3.447621009124389
2024-02-28 21:00:00,586.106764110101,-5.529260416483794,-0.4048629420464331,4.087359248429101
2024-02-28 22:00:00,586.0720371410669,-4.204087908994893,0.7101966777016936,3.6818540902263783
2024-02-28 23:00:00,586.0370403494742,-5.51957245908352,3.3863719458655788,2.976160163743816
2024-02-29 00:00:00,586.0017697793713,-5.717859524460891,0.9583170301679906,2.2077727149215938
2024-02-29 01:00:00,585.9662233810778,-9.260321076100695,0.08171973345671907,3.0023779615661677
2024-02-29 02:00:00,585.9304009359145,-7.468998801678026,0.19050141942010737,1.898096446343432
2024-02-29 03:00:00,585.8943042668659,-5.53025977990626,-0.6514276033519877,-0.30261688360765776
2024-02-29 04:00:00,585.8579373963126,-4.944202279241495,1.4826355522257695,0.11362933070302401
2024-02-29 05:00:00,585.8213066438616,-4.806009161012753,0.7247848213619393,-0.2400823042108177
2024-02-29 06:00:00,585.7844209352547,-4.853393524464195,0.2667244790902183,-0.1777518898808128
2024-02-29 07:00:00,585.7472919010889,-7.370223327287135,-1.35015792334098,1.063089349539132
2024-02-29 08:00:00,585.7099335090248,-3.538451198266671,3.2202470933532568,1.3282705958886132
2024-02-29 09:00:00,585.6723625276109,-2.5917449195408153,1.2672525225466265,1.7421298693833307
2024-02-29 10:00:00,585.6345983671134,-1.4085809644732308,1.6038247979494111,2.6301577994104153
2024-02-29 11:00:00,585.5966629935506,-1.2779280167984552,-2.192719917857093,2.8039849411049147
2024-02-29 12:00:00,585.5585806217514,-1.7834946646636354,-5.407613955197494,3.022527998109726
2024-02-29 13:00:00,585.5203777835844,-4.670062470698781,-7.001369422228338,2.3710541093427553
2024-02-29 14:00:00,585.4820831011373,-3.9112982549554545,-3.4805466444944937,2.9697617983125717
2024-02-29 15:00:00,585.4437257820815,-3.149252281041413,-3.9273863726016227,3.1229128715615757
2024-02-29 16:00:00,585.4053347606241,-3.3587852732192687,2.236932599610792,3.5965179129844205
2024-02-29 17:00:00,585.3669384558171,1.314886990788068,2.6386176318207686,6.109556921573885
2024-02-29 18:00:00,585.3285650847398,3.0718869674512916,1.5573814943732467,6.2521664534357315
2024-02-29 19:00:00,585.2902424609556,2.643484859312707,2.3740075321736915,6.232265147558049
2024-02-29 20:00:00,585.2519978295159,3.220426605138414,2.5376750108050996,6.839900554540746
2024-02-29 21:00:00,585.2138579205405,4.419674531802684,0.08333677909788287,7.303130768558982
2024-02-29 22:00:00,585.1758492127675,1.817285996572764,0.7161899755641561,6.940674815095621
2024-02-29 23:00:00,585.1379978108536,0.6623682560845054,3.0535709480300133,5.416062985031863
2024-03-01 00:00:00,585.1003291448416,1.9202723968089686,1.3818988379494759,5.367499620399996
2024-03-01 01:00:00,585.062867658733,-0.5366570867113296,0.24369231206824324,5.110097115910041
2024-03-01 02:00:00,585.0256371772861,-1.2998355604488552,-0.28755141816691615,3.6817498013297323
2024-03-01 03:00:00,584.9886611056362,0.16376161110599696,-1.0462517636180373,2.753829046875858
2024-03-01 04:00:00,584.9519623260821,-0.6037288435516075,1.232839819781277,3.1289266976882364
2024-03-01 05:00:00,584.9155629367614,-0.4305145894842326,0.23525928254292697,3.029692370179832
2024-03-01 06:00:00,584.8794842425501,0.3501700222808495,0.5994390246337961,2.8309067105351935
2024-03-01 07:00:00,584.8437469396731,1.5020786849772776,-0.7020231694474363,1.9761975447970985
2024-03-01 08:00:00,584.8083711511335,-0.8370481046998748,2.978433830618565,3.060243122947795
2024-03-01 09:00:00,584.7733765178798,-1.0265786430068147,0.7819748541477595,3.221227270979277
2024-03-01 10:00:00,584.7387823169319,-0.40984603996560054,0.21583328251678452,3.675230440517015
2024-03-01 11:00:00,584.7046074831903,-0.7101590020520234,-3.2387903863837417,4.034341905245364
2024-03-01 12:00:00,584.6708702979688,-0.31243526682055744,-5.355046868968525,4.566611837820299
2024-03-01 13:00:00,584.6375884447415,1.699504127292471,-6.45813522858998,4.601042656555997
2024-03-01 14:00:00,584.6047789887607,1.7693827489574687,-3.178999574101332,4.914837836383134
2024-03-01 15:00:00,584.5724582135227,1.8716789785531773,-3.7397459706226446,4.835608778546602
2024-03-01 16:00:00,584.5406410587226,2.063881616714184,2.320834256261286,5.294643068301972
2024-03-01 17:00:00,584.5093408667467,-0.9250960736690104,2.6359875877749603,3.749767619147351
2024-03-01 18:00:00,584.4785692541838,1.7210671257342938,2.14904348353046,3.441320136551461
2024-03-01 19:00:00,584.4483366890735,0.9415401058990938,2.737891310280276,3.1222318947472094
2024-03-01 20:00:00,584.4186526752576,0.9346222403764841,3.179483559972481,3.737241524393438
2024-03-01 21:00:00,584.3895255975431,1.0428292065897722,0.6286017922386302,2.4690434036284192
2024-03-01 22:00:00,584.3609626484599,0.7152478645091378,0.9176089914733384,2.386180495557569
2024-03-01 23:00:00,584.3329691450755,-0.027992715747927832,3.052547570054878,0.7824760006175617
2024-03-02 00:00:00,584.3055488095539,2.891928582423816,1.6488752999721186,-0.9063526919497655
2024-03-02 01:00:00,584.2787042827321,7.540898485607158,0.3020891760238579,0.14830805563691618
2024-03-02 02:00:00,584.2524368019168,9.494416201330864,-0.7732761973205151,2.7364231940729726
2024-03-02 03:00:00,584.2267460454838,3.140215451697827,-1.3121851036157461,3.8352236064341607
2024-03-02 04:00:00,584.201630417629,2.5486345006596594,1.0682756020603357,4.541459479651063
2024-03-02 05:00:00,584.1770867104224,2.012294185340693,-0.14093402927786763,5.951553133514795
2024-03-02 06:00:00,584.1531103177173,3.713213407071862,0.9685155501786398,3.4051607250322746
2024-03-02 07:00:00,584.1296958297884,3.026559906440525,-0.3234110831232768,3.1371553468943625
2024-03-02 08:00:00,584.1068372011987,2.938818269774174,2.827591632948717,1.4567528960785079
2024-03-02 09:00:00,584.0845277225574,3.2522987788266846,0.35823476170111346,1.8749387369147898
2024-03-02 10:00:00,584.0627599201757,1.4066749148463487,-1.2222170431609767,1.6927822081390107
2024-03-02 11:00:00,584.041525131912,1.0522261094009764,-4.212552880525694,2.5388016392127053
2024-03-02 12:00:00,584.0208140664572,2.9522205183378674,-5.4256182867700655,-0.7174162980249841
2024-03-02 13:00:00,584.0006167474853,2.39910699228642,-6.076928460269377,-1.412795279502323
2024-03-02 14:00:00,583.9809225145142,1.44288143996107,-2.9224709797770223,-1.2713329746982567
2024-03-02 15:00:00,583.9617197867693,0.9332291988037014,-3.5250412279068537,-0.449907757666183
2024-03-02 16:00:00,583.9429962343139,1.752115290360166,2.475053309465527,-0.5001648341397356
2024-03-02 17:00:00,583.9247392335546,0.49971037256659656,2.4234848247841554,-9.94793443090541
2024-03-02 18:00:00,583.9069360079822,1.2035448251550633,2.596448743217074,-7.866929576354202
2024-03-02 19:00:00,583.8895732954986,2.4840150134745045,2.896376664373914,-7.5599649733469105
2024-03-02 20:00:00,583.8726376350199,1.0002038457413391,3.5759578406237957,-7.578799321385027
2024-03-02 21:00:00,583.8561152545915,0.8090149998980678,1.1477675211793474,-8.532897775668934
2024-03-02 22:00:00,583.8399916436796,-1.9290194216169994,1.138241087385148,-9.099213309447654
2024-03-02 23:00:00,583.8242522908367,-2.165643649022286,3.1927440228715254,-10.521352664685963
2024-03-03 00:00:00,583.8088836346649,1.1449033044050339,1.8159653454355622,-12.319752284505414
2024-03-03 01:00:00,583.7938731581213,1.5180289052985927,0.4618773280838928,-8.743779391503805
2024-03-03 02:00:00,583.7792086772189,3.4043791480140726,-1.168902676403617,-6.984685148829387
2024-03-03 03:00:00,583.7648781549053,1.557242247921522,-1.2736288238457527,-6.578491578981061
2024-03-03 04:00:00,583.7508693268892,1.5156781905602656,1.1088094584263215,-5.785356975875743
2024-03-03 05:00:00,583.7371693229786,1.3399949678506573,-0.1327620158926065,-4.8544022749366835
2024-03-03 06:00:00,583.7237655445232,2.4256215308026867,1.4010050607916122,-4.550392136117519
2024-03-03 07:00:00,583.7106453967806,2.914190520615648,0.027469262655787693,-3.94230518005205
2024-03-03 08:00:00,583.6977964156525,1.5687435773548941,2.740443935470935,-4.666983928478322
2024-03-03 09:00:00,583.6852063845396,1.057593287699433,0.033440109084062496,-3.206239781323032
2024-03-03 10:00:00,583.6728634270169,0.35153766214466486,-2.4379561642765317,-4.176444924884975
2024-03-03 11:00:00,583.66075627887,-2.164348772271069,-5.017591596576087,-3.9388159100230307
2024-03-03 12:00:00,583.648874080219,-1.2521381114720498,-5.634485338082766,-4.692250630664186
2024-03-03 13:00:00,583.6372065979282,-0.07016106218247842,-5.943615376597976,-3.9034301591476526
2024-03-03 14:00:00,583.6257438299772,-0.5214396477393848,-2.8688104482826335,-3.315493733955252
2024-03-03 15:00:00,583.6144753930122,-0.26951489110058446,-3.4661380035500873,-2.7888224983614642
2024-03-03 16:00:00,583.6033903888978,-1.4061149847877914,2.5858727820416245,-3.9331481861515343
2024-03-03 17:00:00,583.5924767934188,0.9755935784897929,2.079229453250698,-7.937299825159247
2024-03-03 18:00:00,583.5817211251132,0.865846892231275,2.776734501501503,-6.3643025188459355
2024-03-03 19:00:00,583.5711087301331,-0.3323030933773907,2.838670698716503,-5.627476335472272
2024-03-03 20:00:00,583.5606236045438,1.9964585325991493,3.808459292571935,-5.735541429714937
2024-03-03 21:00:00,583.5502491799957,1.6477081816999544,1.6479231100968381,-3.355880471792456
2024-03-03 22:00:00,583.5399684225112,0.3679422613316774,1.2073208296694304,-3.2752315135122236
2024-03-03 23:00:00,583.5297636695399,0.13487639548077368,3.4143989776084136,-2.929039042629011
2024-03-04 00:00:00,583.5196166530328,0.16028239408944955,1.6853824108442386,-2.395281457966437
2024-03-04 01:00:00,583.5095084207894,0.015396394944559688,0.4585399936196102,-2.553444809353697
2024-03-04 02:00:00,583.4994192371864,-2.8161266012720034,-1.1882350529081926,-2.805057583006102
2024-03-04 03:00:00,583.4893284893377,-3.317716633943064,-1.0319725983372152,-2.37963925705738
2024-03-04 04:00:00,583.4792146467124,-1.9587899008149634,1.4038539023627947,-1.9542786482602963
2024-03-04 05:00:00,583.4690556394778,-2.776976453244629,0.2827811398833404,-1.1748603261165986
2024-03-04 06:00:00,583.4588291961321,-4.445715669214906,1.9667656226030523,-0.10987914952026083
2024-03-04 07:00:00,583.4485133744461,-2.624444602781182,0.3132148304383149,-0.6872836021031845
2024-03-04 08:00:00,583.4380870246114,-0.5077631785975427,2.703408805664226,-0.4837326516781407
2024-03-04 09:00:00,583.4275295636847,-1.9974806227778572,-0.12403506499428026,-1.586013875912641
2024-03-04 10:00:00,583.4168207474362,-2.734043010627488,-3.2309090887628886,-1.3718686480457059
2024-03-04 11:00:00,583.405940993797,-1.3677892481701974,-5.513257989930932,-1.8448937556959621
2024-03-04 12:00:00,583.3948714429192,-0.032062645336964124,-5.864701018906586,-0.3881077786757557
2024-03-04 13:00:00,583.383593781857,1.146307923903123,-6.011524976127662,-0.03837672963244042
2024-03-04 14:00:00,583.3720900585407,0.19724685427536315,-2.984698099252839,-1.254638813563294
2024-03-04 15:00:00,583.360342786093,0.28141191619283745,-3.530970273398085,-2.630784428887728
2024-03-04 16:00:00,583.3483355418316,-0.7238134684903343,2.690526643493726,-2.2950487168349962
2024-03-04 17:00:00,583.3360534703495,-1.7664907999437673,1.9808787209375962,-1.840441391343192
2024-03-04 18:00:00,583.3234830818958,-0.535491127107889,2.7118783717630253,-2.2498703265509366
2024-03-04 19:00:00,583.3106118341569,-0.5614591829208848,2.6547972782148626,-2.24394992945099
2024-03-04 20:00:00,583.2974276854388,-0.8982202329740403,3.7627730799437393,-2.331980532408415
2024-03-04 21:00:00,583.2839191066246,-1.1753563985251958,1.81531180833431,-2.4338745164336477
2024-03-04 22:00:00,583.270075193026,-2.0590275080461424,1.161370568616119,-2.702418253595955
2024-03-04 23:00:00,583.2558868531853,-1.91958072539137,3.6978123882189196,-0.9641185160128218
2024-03-05 00:00:00,583.2413477948483,-4.660327250723867,1.1921360672818835,-0.39315661140629987
2024-03-05 01:00:00,583.2264541754753,-4.360135828001944,0.2422004173355881,-1.238518764808918
2024-03-05 02:00:00,583.2112044524348,-2.133775950278846,-1.0814220460374562,-0.756006456118501
2024-03-05 03:00:00,583.1955994836818,-3.767657021166542,-0.8182020587736591,-0.5997404037416715
2024-03-05 04:00:00,583.1796422505918,-3.4846556497453776,1.8100344286612144,-1.43502102950754
2024-03-05 05:00:00,583.1633380602366,-4.741339757526248,0.8040269602249062,-1.4260252629352843
2024-03-05 06:00:00,583.1466941264406,-6.06312080392388,2.4171898297690007,-1.8007631522856797
2024-03-05 07:00:00,583.1297194642117,-5.40690243377594,0.4217636521162742,-1.0245806825520654
2024-03-05 08:00:00,583.1124258559647,-4.1170637331944135,2.781932142892473,-0.9772942656628179
2024-03-05 09:00:00,583.0948279973318,-4.486100597855398,-0.16978712377725036,-1.288940275699077
2024-03-05 10:00:00,583.0769433044024,-4.139513683875407,-3.570364552098797,-1.0470650684281473
2024-03-05 11:00:00,583.0587918231724,-2.1257101506291747,-5.55911832734388,-0.993963345199401
2024-03-05 12:00:00,583.0403959880925,-1.9816627051473006,-5.959041582788728,-0.7296917001564849
2024-03-05 13:00:00,583.0217802512177,-1.143042648286496,-6.236618631704044,-0.1321189712272066
2024-03-05 14:00:00,583.00297100791,0.41365116997019413,-3.2107387306810278,-0.7458834471992042
2024-03-05 15:00:00,582.9839964883478,-0.048884707533147775,-3.6290694608004284,-0.9360423200141285
2024-03-05 16:00:00,582.9648859088825,-0.04613312493177091,2.7720987792418144,-1.060851563192493
2024-03-05 17:00:00,582.94566899289,-1.078015261023893,2.1268617059264896,1.5454845622074282
2024-03-05 18:00:00,582.9263761629749,-0.7460233509051477,2.751463439802537,1.5381837481276701
2024-03-05 19:00:00,582.9070383562581,-0.3962144140151622,2.548110881405325,1.4910651763516747
2024-03-05 20:00:00,582.8876869458774,-1.675248319661364,3.520041665081008,1.8275197087029587
2024-03-05 21:00:00,582.8683532378525,-0.5948564553077631,1.739043569954119,1.6874596475012706
2024-03-05 22:00:00,582.8490683451813,-0.527479281332262,1.0760510487995256,1.9423598873514551
2024-03-05 23:00:00,582.8298634857442,-0.8311887663419384,4.019318531227176,2.1020067493704624
2024-03-06 00:00:00,582.8107696785689,0.20856726711645024,0.6344800136654367,2.2061830406491545
2024-03-06 01:00:00,582.7918176778531,1.9221743814712227,-0.22378188886049047,1.8897898295360551
2024-03-06 02:00:00,582.7730377466806,-1.7335927323198348,-1.0080556995544874,1.898610685193614
2024-03-06 03:00:00,582.7544594294438,0.9382438271724141,-0.6746563912229139,1.4719531346066794
2024-03-06 04:00:00,582.7361114190724,0.13829810580932644,2.2180402849357757,1.0475501901825164
2024-03-06 05:00:00,582.7180212679933,0.5740096933936911,1.368805621848097,0.4491634167649611
2024-03-06 06:00:00,582.7002153668398,-0.295125191813554,2.6533276977621894,-0.2584178727884535
2024-03-06 07:00:00,582.6827193175543,-0.1264905148196931,0.4680347958786036,0.735736401386844
2024-03-06 08:00:00,582.6655581393819,-0.7341320309579942,2.8800950721459047,0.2884788194302252
2024-03-06 09:00:00,582.6487562079628,-0.6163090454522262,-0.20495838160727006,0.822511219096714
2024-03-06 10:00:00,582.6323367101148,-0.8905842522422063,-3.457413409260443,0.4256609513878664
2024-03-06 11:00:00,582.6163207069587,-1.2375930892230826,-5.216929343813071,0.028201726077486312
2024-03-06 12:00:00,582.6007271280466,-0.8567458184800216,-5.990459675501112,1.5564783659344492
2024-03-06 13:00:00,582.5855730437297,-1.4080819915619713,-6.502969217075669,1.105478164907884
2024-03-06 14:00:00,582.5708739197116,-1.5139053994348615,-3.5202839807273976,0.8933154604505892
2024-03-06 15:00:00,582.5566448823666,-1.3379176224335652,-3.687153300576134,1.1484260406429845
2024-03-06 16:00:00,582.5429011696901,-1.5494614671542877,2.936494437158737,1.4100658603054457
2024-03-06 17:00:00,582.5296581949267,-2.7987617888691148,2.2060083918018614,3.2330952021404453
2024-03-06 18:00:00,582.5169318537036,-3.2112164313956555,2.8586548183460065,3.3356297593459874
2024-03-06 19:00:00,582.504738616679,-2.248474901068562,2.3989248410237773,3.354811443365797
2024-03-06 20:00:00,582.4930949814533,0.8528772789861705,3.012268682922625,3.521759056637962
2024-03-06 21:00:00,582.4820172373138,0.5129061153744487,1.3651102799702735,4.2499663673414165
2024-03-06 22:00:00,582.4715212625933,1.1295895417366637,0.756651143373373,3.9922380522967194
2024-03-06 23:00:00,582.4616215503945,1.0449589753047803,4.1418033970846055,3.3416160772161887
2024-03-07 00:00:00,582.4523308624887,1.5357554409545173,0.1101068833900315,2.1418068131668515
2024-03-07 01:00:00,582.4436604833782,1.5959270180682097,-0.8047414887773376,2.79515398733099
2024-03-07 02:00:00,582.4356200885676,2.638306724676113,-0.8305166824217495,1.666589869178
2024-03-07 03:00:00,582.4282178159168,2.434307918072818,-0.41374666807015276,-0.31877906591948935
2024-03-07 04:00:00,582.4214601004197,1.9429033112877505,2.661155117078901,0.06448147121365441
2024-03-07 05:00:00,582.4153516952388,4.236188937451288,1.9999126205893965,-0.35145325327945
2024-03-07 06:00:00,582.4098957181044,4.844484922859465,2.885233857401348,-0.26961449836513507
2024-03-07 07:00:00,582.4050930780053,4.1006065708928645,0.5778273316024604,0.7064730194993651
2024-03-07 08:00:00,582.4009427165247,6.533360061018811,3.068477150456256,1.287220072000199
2024-03-07 09:00:00,582.3974418558771,4.204835470516855,-0.09751676874332987,1.7252394423493276
2024-03-07 10:00:00,582.3945857959926,1.6019492914402917,-2.9529637962389352,2.6564287088060223
2024-03-07 11:00:00,582.3923685609726,1.1093430553418102,-4.671244506004129,3.029532889689698
2024-03-07 12:00:00,582.3907833359178,0.49445385520107266,-5.9806160578104945,3.2453788666915306
2024-03-07 13:00:00,582.3898220911007,1.179635272319615,-6.787713428027244,2.4882560646069924
2024-03-07 14:00:00,582.3894759040884,0.9662702798365217,-3.9376846095753057,3.201938425650339
2024-03-07 15:00:00,582.3897346847219,0.8455551097387115,-3.876470592314105,3.2811807978535112
2024-03-07 16:00:00,582.390587938394,2.094765297547383,3.0223310444027383,3.812315719655864
2024-03-07 17:00:00,582.3920246060402,1.201737104401218,2.2156109519248144,6.430627337633797
2024-03-07 18:00:00,582.3940326717078,0.030641251215229204,2.802122561854339,6.423203515222503
2024-03-07 19:00:00,582.3965990129338,0.9346317024844666,2.1937713121256315,6.354997972456099
2024-03-07 20:00:00,582.3997095734095,-0.8201666200723139,2.1935843935235457,7.0868726531392285
2024-03-07 21:00:00,582.40334928408,-0.876472252499525,0.6845747767614437,7.42854819165801
2024-03-07 22:00:00,582.4075023449363,-0.1700907365045623,0.29485771445400655,6.99773067711418
2024-03-07 23:00:00,582.4121517933855,0.7802669867896839,4.261611341289911,5.585969878534844
2024-03-08 00:00:00,582.417279142316,-1.173072634987193,-0.3747123408358582,5.4505058335070835
2024-03-08 01:00:00,582.4228643513623,0.5305475371317243,-1.3187004022571862,5.185288513763176
2024-03-08 02:00:00,582.4288859127564,1.362033468195591,-0.486972003448816,3.8060526224968982
2024-03-08 03:00:00,582.4353210082278,1.537620407627628,-0.06772606333644621,2.9947846474809485
2024-03-08 04:00:00,582.4421461086546,1.723178321912883,3.05427506866761,3.3004005007648702
2024-03-08 05:00:00,582.4493367838683,0.01009698141865556,2.5484969055797397,3.1220693291333252
2024-03-08 06:00:00,582.4568672933802,1.3904935848187279,3.1385591778150133,2.884079943985963
2024-03-08 07:00:00,582.4647111417223,0.020447468121574275,0.7864890181986907,2.0083523719573053
2024-03-08 08:00:00,582.4728409579649,0.9131396617767678,3.3430025110022425,3.281016869256042
2024-03-08 09:00:00,582.4812283684043,-0.1618992885961461,0.30258133645283675,3.5280895837389474
2024-03-08 10:00:00,582.4898443563876,-0.6023044714945627,-2.1875066611588063,3.9199667762657633
2024-03-08 11:00:00,582.4986590623425,0.7120213830635294,-4.229666302768216,4.228985857362214
2024-03-08 12:00:00,582.5076416365873,1.5124412936779663,-5.860687999880548,4.700605069615256
2024-03-08 13:00:00,582.5167606896791,0.15686524184275186,-6.877734907877126,4.764108976355137
2024-03-08 14:00:00,582.5259845042199,0.7447157140603622,-4.112208165485371,5.141507947205173
2024-03-08 15:00:00,582.5352809614968,0.5275638380633154,-4.141045904979509,5.078201105419392
2024-03-08 16:00:00,582.5446180932728,0.0760209791409352,2.9015416437885553,5.607819283797805
2024-03-08 17:00:00,582.5539641470883,2.4375023541704195,2.2256736713866956,3.7828598273545135
2024-03-08 18:00:00,582.5632876977506,3.6115046858442383,2.6039943715528286,3.4412132448522934
2024-03-08 19:00:00,582.5725569550937,3.7596640167899977,1.9843154504234097,3.0534635776929466
2024-03-08 20:00:00,582.5817390033665,1.4018881027391217,1.3993057225882701,3.9670671713061934
2024-03-08 21:00:00,582.5907997847938,1.005836015945988,0.09820338145425925,2.5551608178058958
2024-03-08 22:00:00,582.599705146585,-0.25938778469981116,-0.09790283802474062,2.617585476139505
2024-03-08 23:00:00,582.6084208028859,-1.848829992640276,4.461720565795943,0.8986886239583617
2024-03-09 00:00:00,582.6169127632772,0.7917899131472268,-0.773253510742086,-1.0154491656824356
2024-03-09 01:00:00,582.6251474083892,-2.302791786755961,-1.6744881800523475,0.16213255841895263
2024-03-09 02:00:00,582.6330913399345,-1.6818128632949083,-0.19922508131893935,2.8279466046793202
2024-03-09 03:00:00,582.6407115557492,-0.6627470689319352,0.14145652686765187,3.900578986315087
2024-03-09 04:00:00,582.6479759733294,0.5158035898203934,3.128603998071488,4.747616438778712
2024-03-09 05:00:00,582.6548538078938,1.5778448352649548,2.574699585638682,6.202601771202559
2024-03-09 06:00:00,582.6613150347207,1.3222082600196927,2.947887688515101,3.3785890167444097
2024-03-09 07:00:00,582.6673302282315,0.8458200359077637,0.7905651353876506,3.006284600472978
2024-03-09 08:00:00,582.6728703449065,-0.4784849559179065,3.615642857889493,1.569971753121909
2024-03-09 09:00:00,582.6779062007867,-1.4088763802460562,0.8167496364507436,2.1042205430087786
2024-03-09 10:00:00,582.6824087732956,0.2391044026464897,-1.3215203272246794,1.940007151282569
2024-03-09 11:00:00,582.6863496985316,-0.846396843718594,-3.7848659742945405,3.104913119481578
2024-03-09 12:00:00,582.6897012393054,-2.1372462637200442,-5.4871137573354485,-0.6553412182499174
2024-03-09 13:00:00,582.6924363726658,-2.1668414856603704,-6.674326686213691,-1.34126820079178
2024-03-09 14:00:00,582.6945290500454,-4.553391747421074,-4.024010811461105,-1.1271264911631784
2024-03-09 15:00:00,582.6959547326773,-1.6682154857171554,-4.184449188098558,-0.473290058861536
2024-03-09 16:00:00,582.6966905247726,-1.5893200116230446,2.866471146701112,-0.5738416598507569
2024-03-09 17:00:00,582.6967149250556,-4.832359105775367,2.226277059612521,-10.450632878892698
2024-03-09 18:00:00,582.6960081194534,-2.0829829209463924,2.4720987756371096,-8.255123974144164
2024-03-09 19:00:00,582.6945520713142,-3.888732889075868,1.8303056150367902,-7.976124797275149
2024-03-09 20:00:00,582.6923303044308,-3.7007379427589058,0.7450674609687563,-7.946659822640776
2024-03-09 21:00:00,582.6893280901498,-5.025125390406629,-0.2904516547485053,-8.733751044994738
2024-03-09 22:00:00,582.6855329898101,-5.91038106965641,-0.4072417561033019,-9.317910164050447
2024-03-09 23:00:00,582.6809366136371,-7.7779064640301385,4.623870820786056,-11.096900970393017
2024-03-10 00:00:00,582.6755340887113,-5.474076181784085,-1.0520655642209975,-13.039392342706137
2024-03-10 01:00:00,582.669323633903,-11.694093303082354,-2.029564717709612,-8.525665613111093
2024-03-10 02:00:00,582.662306014321,-14.39678681659825,-0.014625442470446856,-6.850893755252315
2024-03-10 03:00:00,582.654483076962,-5.658760614554694,0.1866009812680282,-6.522323443675396
2024-03-10 04:00:00,582.6458573940392,-3.771141240782754,2.8725017793813814,-5.757217932637845
2024-03-10 05:00:00,582.6364323382312,-2.7045541705213054,2.1058884834542138,-4.707766651164127
2024-03-10 06:00:00,582.6262115532298,-4.55706967775177,2.4600059998281583,-4.589147875306116
2024-03-10 07:00:00,582.6151986279408,-4.266160081238809,0.5475156659400117,-3.9565542126419926
2024-03-10 08:00:00,582.6033972471373,-8.325741689354118,3.819271729781228,-4.436927287564416
2024-03-10 09:00:00,582.5908116716637,-5.2045665405528325,1.1892928680969341,-3.085537999207794
2024-03-10 10:00:00,582.5774474544137,-2.783012519740737,-0.3894707651562745,-3.874964169516746
2024-03-10 11:00:00,582.5633121170094,-1.6543971461919682,-3.25553422457836,-3.613380746239111
2024-03-10 12:00:00,582.5484146697182,-4.356163843214176,-5.001347698506457,-4.980903127997489
2024-03-10 13:00:00,582.5327657025795,-8.116065946816775,-6.3775036166053685,-4.189196139157302
2024-03-10 14:00:00,582.5163770907443,-9.56517047268926,-3.738028654794059,-3.523177963260832
2024-03-10 15:00:00,582.4992614260693,-8.84880598423058,-4.051803390280166,-2.908652051558579
2024-03-10 16:00:00,582.4814322298832,-7.358473687316518,2.956159290057891,-4.039117832624752
2024-03-10 17:00:00,582.462904210068,0.458192579304864,2.1705136762002497,-8.171610465573174
2024-03-10 18:00:00,582.4436928922443,0.23268587819939057,2.404167399431608,-6.430546169875271
2024-03-10 19:00:00,582.4238142960127,0.40971181704026094,1.7145490195987199,-5.7180751326516726
2024-03-10 20:00:00,582.4032847101477,-1.3687491753468066,0.1809308068691853,-5.74546634167002
2024-03-10 21:00:00,582.3821206082926,-0.7594463638043862,-0.579998980403804,-3.2726752640843797
2024-03-10 22:00:00,582.360338334066,0.399929549819376,-0.5211333575021081,-3.3091345263833705
2024-03-10 23:00:00,582.3379540768387,1.538286779913733,4.9063698864667336,-2.9426107432191584
2024-03-11 00:00:00,582.3149839667692,1.2228480666566384,-1.1799267418983337,-2.4979052915274136
2024-03-11 01:00:00,582.2914437628315,0.40935086870376836,-2.1865619316510414,-2.764232699884224
2024-03-11 02:00:00,582.2673487724231,2.842671356232813,0.1334211950717543,-3.163441323727627
2024-03-11 03:00:00,582.2427137084704,4.7236190384031715,0.1223835548962263,-2.7487163017697864
2024-03-11 04:00:00,582.2175524283481,3.908094858930781,2.495432718459788,-2.341080005738668
2024-03-11 05:00:00,582.1918778163158,3.5566156239842712,1.4215944696411384,-1.4600879099411592
2024-03-11 06:00:00,582.1657018591405,3.828880246452627,1.7254399229883468,-0.19002202858158546
2024-03-11 07:00:00,582.1390356953126,3.224670687896946,0.30435884405847835,-0.7780652272680172
2024-03-11 08:00:00,582.1118894663099,3.4896050700767773,3.893031618227014,-0.8645261546137569
2024-03-11 09:00:00,582.0842725789227,4.8511235578021115,1.4023221297773358,-1.9877182665019926
2024-03-11 10:00:00,582.0561938468185,2.61992593555226,0.49862316234353177,-1.7947429447142675
2024-03-11 11:00:00,582.0276618097556,1.0425329275218473,-2.843012103452959,-2.307182633824564
2024-03-11 12:00:00,581.9986852138443,3.8421483223207815,-4.647693978094804,-0.5031395580701692
2024-03-11 13:00:00,581.9692730604933,2.940448536812937,-6.113386065345735,-0.18633553196045546
2024-03-11 14:00:00,581.9394344566853,3.598282671447464,-3.4287912107014855,-1.3189259174312764
2024-03-11 15:00:00,581.9091782652491,2.123361116501769,-4.011776853403638,-2.7407625283472883
2024-03-11 16:00:00,581.878513125013,1.7620934209345478,2.9735939627978354,-2.2642005087454318
2024-03-11 17:00:00,581.8474476276855,3.8998164781502282,1.999648680289099,-2.1369127861247703
2024-03-11 18:00:00,581.8159900664294,3.071672968580515,2.1924044604764408,-2.380067495486377
2024-03-11 19:00:00,581.7841485648295,4.646991088469804,1.5445920772953308,-2.4057317305945425
2024-03-11 20:00:00,581.7519310635389,3.8897301593867724,-0.2290234432881185,-2.422637779637537
2024-03-11 21:00:00,581.7193452808162,4.102488757019842,-0.7651567875792694,-2.556677250256793
2024-03-11 22:00:00,581.6863990919921,3.3325330279498075,-0.3919147564420455,-2.9970173634999533
2024-03-11 23:00:00,581.6531008883412,3.77442234720354,5.473627616242412,-1.2011508517871141
2024-03-12 00:00:00,581.6194589568087,2.5161908223760747,-1.0922175152873377,-0.6534322638974082
2024-03-12 01:00:00,581.5854819104604,4.318707355084257,-2.032212983074999,-1.5219762824695642
2024-03-12 02:00:00,581.5511784919154,3.4476900168866678,0.40667780020853495,-1.0055463090106145
2024-03-12 03:00:00,581.5165575631921,3.6403958302202,0.08098966374804871,-0.8579430571603377
2024-03-12 04:00:00,581.4816277014673,2.6839658442518157,2.1461270772801475,-1.591720622999276
2024-03-12 05:00:00,581.446397172244,1.438502381846888,0.7380290608100736,-1.6629286149009037
2024-03-12 06:00:00,581.4108743371532,1.9607021223851007,0.9824971868618514,-2.034073646400229
2024-03-12 07:00:00,581.3750679523414,2.909258133228491,0.19343291702591625,-1.1877590025958085
2024-03-12 08:00:00,581.3389865318151,3.093220442595566,3.898280944638915,-1.240487919049541
2024-03-12 09:00:00,581.30263799513,4.837103094986219,1.5528078365144888,-1.5425489266307766
2024-03-12 10:00:00,581.2660299506085,3.504163580778709,1.0784690951082747,-1.3286626264955193
2024-03-12 11:00:00,581.2291694656014,3.7313511698481534,-2.6787134121824456,-1.3918072232671166
2024-03-12 12:00:00,581.1920630367516,5.584791263896818,-4.659318311274658,-0.8175359893738601
2024-03-12 13:00:00,581.1547167662947,5.173351660058643,-5.938185732397322,-0.2898826939559632
2024-03-12 14:00:00,581.1171360527308,3.420570475281693,-3.1660469078806632,-0.9916596201318297
2024-03-12 15:00:00,581.0793246619647,4.814390135343729,-4.2123912469823575,-1.201323550326053
2024-03-12 16:00:00,581.0412846291005,4.623886413210357,2.778257258125497,-1.3634283004362688
2024-03-12 17:00:00,581.0030159175502,2.425614866262208,1.8381609280888458,1.4432082880987696
2024-03-12 18:00:00,580.9645171027913,2.616572297769949,1.8323440143675438,1.5165665850710957
2024-03-12 19:00:00,580.9257854799617,2.8321237667956893,1.399458265102099,1.522632488140366
2024-03-12 20:00:00,580.8868172156742,2.621577223667714,-0.4973494607034278,1.8989550213614443
2024-03-12 21:00:00,580.8476071859982,3.4762878399611736,-0.8495752799124429,1.6456802539531101
2024-03-12 22:00:00,580.8081491281474,2.042469104520137,-0.09778081246820301,2.017162579800535
2024-03-12 23:00:00,580.7684365605737,1.0622353609503534,6.241798803270812,2.067529275205083
2024-03-13 00:00:00,580.7284635089612,4.089461066078684,-0.7705420072878872,2.1026174322479205
2024-03-13 01:00:00,580.6882246551692,1.7032950785601315,-1.4879869538146464,2.0064672200854137
2024-03-13 02:00:00,580.6477156988536,2.564244622078604,0.7704901146378371,1.9475495644298517
2024-03-13 03:00:00,580.6069339494976,4.216043913792532,0.09748276312233353,1.59953937358755
2024-03-13 04:00:00,580.5658783189139,2.1004215795479695,1.8579376274914912,1.2457624740465896
2024-03-13 05:00:00,580.5245492699564,2.7457669485880842,0.2520012955460358,0.5176824859094554
2024-03-13 06:00:00,580.4829496513561,4.163821014476639,0.4756251284203185,-0.03239579425301005
2024-03-13 07:00:00,580.4410841765248,1.250992035884451,0.23253580448459765,0.815387983106189
2024-03-13 08:00:00,580.3989586146639,3.2646224969713558,3.8672389220435193,0.36917996632116584
2024-03-13 09:00:00,580.3565793775199,3.2875481796510257,1.6205023810615948,0.8953700617674651
2024-03-13 10:00:00,580.3139527435386,6.737903737147121,1.4215028328526367,0.4466406864615758
2024-03-13 11:00:00,580.2710851143441,4.488811789253532,-2.5727415316054363,-0.08715537199222861
2024-03-13 12:00:00,580.2279835714859,3.5351429648393378,-4.97569609858619,1.9025695622611316
2024-03-13 13:00:00,580.1846560588773,2.6042341384968495,-5.959670814906209,1.4507806175320377
2024-03-13 14:00:00,580.1411122800109,3.686658914219265,-3.0515059215357168,1.0837347273055302
2024-03-13 15:00:00,580.0973633508646,3.561223717775988,-4.561384408893109,1.3727973402524758
2024-03-13 16:00:00,580.0534213443985,2.7305105118874735,2.4184295452887836,1.5876385984251458
2024-03-13 17:00:00,580.0092991581438,0.9077220580830954,1.7728072528746095,3.3701715308985087
2024-03-13 18:00:00,579.9650097983863,1.3879916465622273,1.5651654029556252,3.4918331520958916
2024-03-13 19:00:00,579.920566135862,0.09854886237383198,1.3673498056439106,3.4335351961202396
2024-03-13 20:00:00,579.8759812924505,-0.045227317992385,-0.6319216207312204,3.5211676462730592
2024-03-13 21:00:00,579.8312690205674,0.18485324310165652,-0.9199115880322862,4.293789324363142
2024-03-13 22:00:00,579.786442934567,1.4546664102283557,0.09481924499943593,4.104071410205199
2024-03-13 23:00:00,579.7415171950255,0.81691886782869,6.636331368223835,3.5252325689219774
2024-03-14 00:00:00,579.6965071113308,-1.3203722155122932,-0.14281552642585993,2.0466806306072765
2024-03-14 01:00:00,579.6514293464417,0.396597746710313,-0.7995143899015441,2.531487296749526
2024-03-14 02:00:00,579.6063019101199,0.5331225071553263,0.9945291150987146,1.2960464676259766
2024-03-14 03:00:00,579.5611438281182,-0.3065379063831415,0.04166970130128234,-0.4562756230363752
2024-03-14 04:00:00,579.5159756465044,0.012403408249952008,1.6556711840783684,-0.15405023883279664
2024-03-14 05:00:00,579.4708188027192,-1.2546553931325661,0.19827105717009527,-0.6244344667568915
2024-03-14 06:00:00,579.425694039062,-1.9965346286759313,0.3036674688611071,-0.43282687924722024
2024-03-14 07:00:00,579.3806213077809,0.03793149922910288,0.4869801799492029,0.2544670130407859
2024-03-14 08:00:00,579.3356201822285,-0.02987907145313784,3.8726426826634923,1.061616206561216
2024-03-14 09:00:00,579.2907097995138,-0.6384494987267999,1.5404758724258165,1.577263826787102
2024-03-14 10:00:00,579.2459088980621,0.9732752021830038,1.7554653315022213,2.5253505682526427
2024-03-14 11:00:00,579.2012353894833,-0.6688632611010235,-2.4292418650515404,3.126869736669323
2024-03-14 12:00:00,579.1567066785241,0.9394845155117082,-5.572247732390516,3.4060565383546857
2024-03-14 13:00:00,579.1123397765814,-0.7242086970784385,-6.332352925016861,2.5642218455139165
2024-03-14 14:00:00,579.0681505618932,-0.43604056617994047,-3.347517659423883,3.3254076637106196
2024-03-14 15:00:00,579.0241549865063,-0.8778690174221992,-5.004829642002421,3.3585436729182394
2024-03-14 16:00:00,578.9803690243286,0.1691096658320248,1.9572151892335734,3.9533061206056774
2024-03-14 17:00:00,578.9368086927991,-2.419724780402362,1.6841823911923828,6.688733696410875
2024-03-14 18:00:00,578.8934898048383,-2.1876029664781527,1.5082963082313734,6.585816853408438
2024-03-14 19:00:00,578.8504280801111,-1.8385351901897593,1.4244340402923457,6.513673069786342
2024-03-14 20:00:00,578.8076390870743,-2.417948512399562,-0.629170071079601,7.199479496404791
2024-03-14 21:00:00,578.7651379310664,-3.370432279950137,-0.9366680489320419,7.461962397815706
2024-03-14 22:00:00,578.7229399902423,-2.640888953786657,0.1793595956192977,6.968589367925116
2024-03-14 23:00:00,578.6810610579606,-1.0999977562788672,6.624014394885115,5.614922303433176
2024-03-15 00:00:00,578.6395168987582,-4.518267433461688,0.6486562324119302,5.570094302291651
2024-03-15 01:00:00,578.5983235767042,-2.9720970630648935,-0.03383191296546616,5.247605399326149
2024-03-15 02:00:00,578.5574985260295,-3.1251068377620186,1.1734967722445084,3.9041115394879897
2024-03-15 03:00:00,578.5170610256099,-4.337361361666126,-0.14771630707314404,3.198016643129362
2024-03-15 04:00:00,578.47703197737,-3.7054828206840966,1.6102302702004039,3.3682205731137596
2024-03-15 05:00:00,578.4374333842864,-5.640097680459803,0.41772956995671795,3.1849347262166816
2024-03-15 06:00:00,578.3982886731462,-5.63965532055056,0.3237815399105651,2.9775851074937267
2024-03-15 07:00:00,578.359622597835,-4.995956453542249,0.8704006787422122,2.1259331769651117
2024-03-15 08:00:00,578.3214606398674,-6.937883085975386,4.052409786822124,3.4340126592859033
2024-03-15 09:00:00,578.2838291124835,-6.543061932127216,1.316706823666749,3.8925259959768876
2024-03-15 10:00:00,578.246755018443,-6.527019746092378,2.0889372968017796,4.231327430847593
2024-03-15 11:00:00,578.2102664775764,-6.669758744910268,-2.4481467283534286,4.587638995687219
2024-03-15 12:00:00,578.1743927681893,-5.5309794168865665,-6.5154198601151,4.942006508812403
2024-03-15 13:00:00,578.1391644692584,-4.008471757072925,-7.022966944227954,5.002274232042524
2024-03-15 14:00:00,578.1046135299049,-4.955072514631183,-3.869518748114414,5.479977732840627
2024-03-15 15:00:00,578.0707728530055,-6.527021318531297,-5.570380572116018,5.3966290376419135
2024-03-15 16:00:00,578.0376763084597,-6.21304603295664,1.3659425383946022,5.989427186102225
2024-03-15 17:00:00,578.005358203916,5.113503873581408,1.702412550630332,3.9687253718721647
2024-03-15 18:00:00,577.97385314066,4.4578325950842554,1.556308134919001,3.6620061293366946
2024-03-15 19:00:00,577.9431956423656,5.297455135851237,1.4991390626136412,3.2602101591695085
2024-03-15 20:00:00,577.913420056572,4.116402033085933,-0.32529758454915886,4.395475494891224
2024-03-15 21:00:00,577.8845605244059,1.007155496709288,-0.4280269244919552,2.8863109033768617
2024-03-15 22:00:00,577.8566508107708,1.9945825922253562,0.38859183450470797,3.120174762499076
2024-03-15 23:00:00,577.8297254537052,1.279870329410187,6.545657076912585,1.3147471399720234
2024-03-16 00:00:00,577.8038196717549,-2.712240711373852,1.4174357241788214,-0.8590146845599744
2024-03-16 01:00:00,577.7789683006393,-2.0756070436166283,0.6882647350633031,0.468374007913956
2024-03-16 02:00:00,577.7552058769285,-1.1961322707206818,1.3585105623203502,3.162415831471842
2024-03-16 03:00:00,577.732566740503,-1.1305144846063513,-0.32042067367902205,4.238368417782294
2024-03-16 04:00:00,577.7110846429536,-0.8342885294060807,1.645347709681109,5.167856176771453
2024-03-16 05:00:00,577.6907926228555,0.4397048205880765,0.7320281465280509,6.637474410028406
2024-03-16 06:00:00,577.6717226659927,-1.4234712005738857,0.4624257476930333,3.539322786888208
2024-03-16 07:00:00,577.6539052571711,-0.24402349596971362,1.227784767802792,3.1523334709958064
2024-03-16 08:00:00,577.6373689720108,-0.7275811942588462,4.267331874311352,1.9528803479367058
2024-03-16 09:00:00,577.6221398370758,-2.264162916692726,1.1897531180902783,2.5522699615267075
2024-03-16 10:00:00,577.6082410233436,-2.3501213661828615,2.21471876566217,2.3871615771771166
2024-03-16 11:00:00,577.595692657305,-1.381327933757916,-2.7032371883644966,3.8188724648174244
2024-03-16 12:00:00,577.5845106105613,-4.377523715146026,-7.602092366468516,-0.30489452894689834
2024-03-16 13:00:00,577.5747060307216,-3.1567390231371064,-7.92099757964833,-0.8969694279360975
2024-03-16 14:00:00,577.566287175302,-3.430189640044091,-4.491247877913315,-0.5248496573446226
2024-03-16 15:00:00,577.5592626190879,-3.429809375462696,-6.162299395080181,-0.1471538485450422
2024-03-16 16:00:00,577.5536416899669,-3.427906759949451,0.6499532000870427,-0.4456881301043355
2024-03-16 17:00:00,577.5494344371142,-3.1413958298290936,1.8398068887109973,-10.627845495996052
2024-03-16 18:00:00,577.546650657263,-4.840994790059767,1.6169916325837852,-8.31264749978692
2024-03-16 19:00:00,577.5453001723068,-4.419752961822269,1.6502294885986961,-8.145776699083298
2024-03-16 20:00:00,577.5453933386966,-5.2963749203636326,0.20025734644269497,-8.039275764775617
2024-03-16 21:00:00,577.5469411633967,-5.878760524855011,0.23651710406491422,-8.604697742606596
2024-03-16 22:00:00,577.5499547407642,-4.188995281476423,0.6818982532820961,-9.212857712569802
2024-03-16 23:00:00,577.5544441325239,-4.105076927743198,6.434083310150246,-11.393450514931086
2024-03-17 00:00:00,577.5604188810413,-4.1623551364476725,2.133549380705465,-13.641613125299147
2024-03-17 01:00:00,577.5678880239104,-7.252370369885057,1.36139009738536,-8.336907751410642
2024-03-17 02:00:00,577.5768598838647,-5.297005376722609,1.526879783135881,-6.716734290277939
2024-03-17 03:00:00,577.5873423487744,-4.768770384254935,-0.39566869253594883,-6.332903271983483
2024-03-17 04:00:00,577.5993427391356,-5.897016971773496,1.718534205013028,-5.700859972375197
2024-03-17 05:00:00,577.6128674363435,-3.6154211103595344,1.0748628971440324,-4.482309223127979
2024-03-17 06:00:00,577.627921866528,-4.343411568474153,0.6617364519390204,-4.716246749992774
2024-03-17 07:00:00,577.6445106710357,-5.132322061245645,1.4842953615840253,-3.9764839713740923
2024-03-17 08:00:00,577.6626372471816,-6.845762063124994,4.352168181531253,-4.249043365587877
2024-03-17 09:00:00,577.6823038655679,-5.124502587471511,1.2535743982262983,-2.941375676322696
2024-03-17 10:00:00,577.703511806085,-5.34534610979324,2.124554297680804,-3.5727199939726013
2024-03-17 11:00:00,577.7262612004589,-3.815585337108928,-3.060109357838184,-3.240566505511809
2024-03-17 12:00:00,577.7505514666715,-4.375297434121876,-8.584917695659865,-5.0703363368896825
2024-03-17 13:00:00,577.7763810938932,-3.673183495971216,-8.810827384650786,-4.262370213271156
2024-03-17 14:00:00,577.8037476041115,-4.493741729059707,-5.1005489885474775,-3.5994568865043397
2024-03-17 15:00:00,577.8326477173467,-3.9913770998191467,-6.620845507039381,-2.9704251104882378
2024-03-17 16:00:00,577.8630773140936,-4.198566676209111,-0.011042932828934794,-4.073467705055594
2024-03-17 17:00:00,577.8950313606406,-7.735438362597733,2.0133545949546487,-8.35294759299748
2024-03-17 18:00:00,577.9285035936003,-3.670538776528929,1.6346305485347528,-6.582595365606285
2024-03-17 19:00:00,577.9634861596551,-3.155385712344014,1.772073231121885,-5.950173678433015
2024-03-17 20:00:00,577.9999698525115,-5.8471369527186425,0.7505618299146956,-5.9233947297075344
2024-03-17 21:00:00,578.037944412925,-8.498442106995185,0.8205067299195544,-3.3800090358492607
2024-03-17 22:00:00,578.0773988514632,-6.510053345683332,0.9826239679205369,-3.499969473700345
2024-03-17 23:00:00,578.1183214308932,-6.565281171534707,6.04333897494832,-3.036379234306822
2024-03-18 00:00:00,578.1606991968159,-2.5419939021045366,2.7826808892682435,-2.7313861839796902
2024-03-18 01:00:00,578.2045184109643,-1.236356222015388,1.956977083117954,-3.1051392720667987
2024-03-18 02:00:00,578.2497649393555,-3.3843952882061785,1.6154700054955005,-3.5108396566447695
2024-03-18 03:00:00,578.2964239579044,-4.093824393897307,-0.30535273671892127,-3.0572468272881506
2024-03-18 04:00:00,578.3444803521082,-2.2026394431953804,1.8686087436018697,-2.580449652514783
2024-03-18 05:00:00,578.393919034206,-2.5760005485925603,1.5162535715019785,-1.58417205711542
2024-03-18 06:00:00,578.4447247758886,-2.346718194213395,0.9008282849620726,-0.1988348666372833
2024-03-18 07:00:00,578.4968821990306,-1.4117505292589385,1.4889288189367451,-0.7340604887082958
2024-03-18 08:00:00,578.5503756609902,-1.1716055673136907,4.377261573650323,-1.156031667326792
2024-03-18 09:00:00,578.6051890647932,-3.766478927675621,1.4565468431030038,-2.255256980220594
2024-03-18 10:00:00,578.6613056343075,-2.1016752257052076,2.061205941952601,-2.080836350554986
2024-03-18 11:00:00,578.7187082713466,-5.066513538590243,-3.329841841491412,-2.6023528912649483
2024-03-18 12:00:00,578.7773799938985,-4.270102064184016,-9.257968707725235,-0.5693092219892836
2024-03-18 13:00:00,578.8373037540882,-5.011024206042862,-9.557972833430835,-0.3383067146145482
2024-03-18 14:00:00,578.8984624160449,-4.438076465022277,-5.529437559303734,-1.4109483917189494
2024-03-18 15:00:00,578.9608388712549,-5.469652512684775,-6.817181039887454,-2.8640053186826626
2024-03-18 16:00:00,579.0244157882155,-9.378282643732405,-0.4886969592212417,-2.267436185261915
2024-03-18 17:00:00,579.0891760072387,-2.3524807701045347,2.1499296236751255,-2.6166248608093294
2024-03-18 18:00:00,579.155102190822,-1.8345380488906358,1.5358143533249224,-2.6263784952562443
2024-03-18 19:00:00,579.2221766330309,-2.0630595169088792,1.6616119091129988,-2.660729025235146
2024-03-18 20:00:00,579.2903811554295,-0.23715784837645515,1.1688919583851907,-2.6021152654381625
2024-03-18 21:00:00,579.3596973431016,-1.001750947200435,1.1795172544649548,-2.7974636503661734
2024-03-18 22:00:00,579.43010650134,-1.8833679220649628,1.2537853205667344,-3.380523899841821
2024-03-18 23:00:00,579.501588703105,-2.4211569800285133,5.396621758964306,-1.567053482040815
2024-03-19 00:00:00,579.5741229825592,-1.2161904200949039,3.0556769837364866,-1.053609546200755
2024-03-19 01:00:00,579.6476873555085,-2.186990867433906,2.3892486529222063,-1.8799451409968757
2024-03-19 02:00:00,579.7222585839058,-1.8382225949970916,1.5866304520598575,-1.3206664409685926
2024-03-19 03:00:00,579.7978123049836,-1.9492952118885114,-0.0821370226575629,-1.2663800704375012
2024-03-19 04:00:00,579.8743228004766,-3.7495792245148323,2.1399390987609612,-1.854682674722773
2024-03-19 05:00:00,579.9517629627625,-3.4366130816189298,1.860838452398671,-2.0959883335422522
2024-03-19 06:00:00,580.0301045876116,-1.5151646241229173,1.0133521357822295,-2.388292099271014
2024-03-19 07:00:00,580.1093186759604,-2.0954588329998387,1.241821578615356,-1.4856814215758827
2024-03-19 08:00:00,580.189374630484,-0.013182286302935609,4.399926743117011,-1.6361190872980393
2024-03-19 09:00:00,580.2702404176986,-0.9478415404710177,1.7946229571458518,-1.877021834373429
2024-03-19 10:00:00,580.3518829407303,-0.7222283342730407,2.2043982890677656,-1.7940528955250632
2024-03-19 11:00:00,580.4342683658967,-1.0438926833201094,-3.3557882029322026,-1.9845874796445089
2024-03-19 12:00:00,580.5173623155373,-1.712559633946853,-9.361384130654159,-1.1334185509363373
2024-03-19 13:00:00,580.6011298730998,-2.205636055378932,-10.068923569716963,-0.6765702480039468
2024-03-19 14:00:00,580.6855357472263,-1.774876322825662,-5.7519185199274165,-1.4187409044730912
2024-03-19 15:00:00,580.7705445498902,-0.9738314184652381,-6.744927378708636,-1.601785752716271
2024-03-19 16:00:00,580.8561218294219,-2.590149824558921,-0.5411450444771826,-1.7748269603857911
2024-03-19 17:00:00,580.9422347358766,-1.2696052061016871,2.2236510348295258,1.1637194353954332
2024-03-19 18:00:00,581.02885127072,-0.6072018697268504,1.0484655772014753,1.369885021805461
2024-03-19 19:00:00,581.115939953803,-0.5073955465336439,1.238174950810996,1.373280641919698
2024-03-19 20:00:00,581.203470188148,-0.677207368317795,1.5329317937850242,1.7608053863848558
2024-03-19 21:00:00,581.2914117531227,-0.27089904319484504,1.4537101985469232,1.4657770915252974
2024-03-19 22:00:00,581.3797341231488,1.4968965448324525,1.4952724854787787,1.9080968465400012
2024-03-19 23:00:00,581.4684067266677,1.6588475573638561,4.799749380195438,1.9029963357730533
2024-03-20 00:00:00,581.557399016658,-3.583616778231658,2.9789970536474173,1.9072207079262795
2024-03-20 01:00:00,581.6466805411976,-2.642936408889568,2.6713887059807644,2.004867161711096
2024-03-20 02:00:00,581.7362211665347,-1.264379736372689,1.2747279659379531,1.873430603900029
2024-03-20 03:00:00,581.8259907807862,-2.3210425609398726,0.004109698420445659,1.6009420817333044
2024-03-20 04:00:00,581.9159592695554,-2.347419448436767,2.270109948781899,1.331350230099459
2024-03-20 05:00:00,582.0060975505532,-2.8797241430044096,1.9359451928278688,0.48768139962326307
2024-03-20 06:00:00,582.0963780710586,-2.1242909138873074,1.142811053905343,0.14510178892343978
2024-03-20 07:00:00,582.1867740521132,-1.3362719359239463,0.9454812628764703,0.7440166209342483
2024-03-20 08:00:00,582.2772599194523,-3.6827227409553416,4.44787371910332,0.3475891023997218
2024-03-20 09:00:00,582.3678114965272,-1.8124736165561899,2.2125893571859856,0.8120727628431024
2024-03-20 10:00:00,582.4584065297363,-3.883715402295593,2.3969968381524325,0.35831203440690024
2024-03-20 11:00:00,582.549024692799,-3.811647494576164,-3.1408329007508726,-0.3165442974719572
2024-03-20 12:00:00,582.6396473745973,-3.1638282863192444,-9.036330389637676,2.0805113013596106
2024-03-20 13:00:00,582.730257757821,-2.9355864492692945,-10.325427354974499,1.6307560464227888
2024-03-20 14:00:00,582.8208408963507,-2.114812149365207,-5.86148868548431,1.1254599384989166
2024-03-20 15:00:00,582.9113829359081,-2.424672679604896,-6.569822462207145,1.4931122059038615
2024-03-20 16:00:00,583.001871292031,-2.021376287252224,-0.4144482281310311,1.6539532233523286
2024-03-20 17:00:00,583.0922948432353,5.206719279394179,2.254058805447999,3.4569270719224376
2024-03-20 18:00:00,583.1826438721654,6.49167817881937,0.33901260620953577,3.666665342805716
2024-03-20 19:00:00,583.2729094483203,6.331440253767482,0.7678056671493098,3.5278446307628957
2024-03-20 20:00:00,583.3630830904253,5.104233078406764,1.8441713312377217,3.5085124999302053
2024-03-20 21:00:00,583.4531568672121,5.022569954898017,1.5029456608772456,4.271327517012685
2024-03-20 22:00:00,583.5431226599087,5.286411644629084,1.7693888802267514,4.161076815235499
2024-03-20 23:00:00,583.632973201349,6.640757093852471,4.469874285513561,3.596395419284879
2024-03-21 00:00:00,583.7227019152522,4.555764243146086,2.7104652833457807,1.9910685582559482
2024-03-21 01:00:00,583.812302162227,3.5381514255116144,2.737509047691716,2.33203736456966
2024-03-21 02:00:00,583.9017673988587,6.862802621917808,0.8778713009367013,0.9975586782866863
2024-03-21 03:00:00,583.9910904950847,5.7005860275286295,-0.07078449870048983,-0.5908920239128407
2024-03-21 04:00:00,584.0802636605486,6.023938870082361,2.272159153136691,-0.36636168376765976
2024-03-21 05:00:00,584.169278389152,4.501599783624215,1.9272337035383567,-0.8981118763145921
2024-03-21 06:00:00,584.2581250802313,1.8958179854881791,1.2876742386574558,-0.5916173043769195
2024-03-21 07:00:00,584.3467925286474,0.9592965382099692,0.7111501942096881,-0.11723926106704445
2024-03-21 08:00:00,584.4352677568625,2.5035172284833607,4.473354047907283,0.797860966746994
2024-03-21 09:00:00,584.5235361071158,1.8314068085560393,2.6243639590253887,1.4106931253027866
2024-03-21 10:00:00,584.6115815593395,2.349713846225086,2.5273228565340515,2.321381737901353
2024-03-21 11:00:00,584.6993867403382,0.20748459765479765,-2.6444170608399533,3.0675457228469623
2024-03-21 12:00:00,584.786932269637,0.6995220970989067,-8.493809283091556,3.5073549163557054
2024-03-21 13:00:00,584.8741973030055,2.085425614720293,-10.195593462847357,2.645970545121528
2024-03-21 14:00:00,584.9611605493379,3.0079202698860854,-5.815041729160211,3.3559609099361807
2024-03-21 15:00:00,585.0478021426555,2.800077180105177,-6.2493935593004695,3.4015142365397226
2024-03-21 16:00:00,585.1341034720649,0.5928719888088381,-0.10913382619773468,4.032158365323937
2024-03-21 17:00:00,585.2200469187482,3.670899497687401,2.178850055642285,6.750203527922165
2024-03-21 18:00:00,585.3056156373138,4.542238458872362,-0.27543973000788124,6.667585633821714
2024-03-21 19:00:00,585.3907935318274,3.8637326537167382,0.389107978966272,6.646365835489522
2024-03-21 20:00:00,585.4755659534375,3.593083241623617,1.897986911178219,7.203363893760682
2024-03-21 21:00:00,585.5599194769153,3.5191921191135407,1.1421606557335315,7.4087277482376965
2024-03-21 22:00:00,585.6438413784192,4.03420990016275,2.025039352499801,6.866909368918289
2024-03-21 23:00:00,585.7273206993746,3.17784504032079,4.278709858236115,5.5161244020686455
2024-03-22 00:00:00,585.8103485275459,4.529698378537546,2.3665681955792883,5.653384898337309
2024-03-22 01:00:00,585.8929178851104,4.481576109815251,2.5387617431899647,5.266744261884324
2024-03-22 02:00:00,585.9750237898616,6.502637205801761,0.51377374003883,3.9585652642978832
2024-03-22 03:00:00,586.0566633430817,8.357230072976336,-0.17025386384914307,3.3863604477910965
2024-03-22 04:00:00,586.1378351720323,8.218924039788817,2.2347629529385715,3.3784778352402953
2024-03-22 05:00:00,586.2185395139248,8.053166788785006,1.989650711759284,3.23864298553084
2024-03-22 06:00:00,586.2987779163683,10.391656528220665,1.2099711389584915,3.099594416452506
2024-03-22 07:00:00,586.3785525966858,11.280234500190659,0.3896653451500945,2.311547557973441
2024-03-22 08:00:00,586.4578663142802,9.099983601768827,4.304744375289411,3.5274057086617283
2024-03-22 09:00:00,586.5367223783861,5.28250217617142,2.816690518818354,4.214084926624136
2024-03-22 10:00:00,586.6151238252083,6.115205251807652,2.6648994055787663,4.5147715174051335
2024-03-22 11:00:00,586.6930732504034,4.463154146844204,-1.9888776717633068,4.972650274515778
2024-03-22 12:00:00,586.7705726931956,6.452678127229433,-7.752658981499627,5.2094081610744745
2024-03-22 13:00:00,586.8476235629772,5.015507338131215,-9.661172133099498,5.208041231991049
2024-03-22 14:00:00,586.9242266211463,4.040311432923886,-5.626177886089267,5.801639832019093
2024-03-22 15:00:00,587.0003819273544,4.292463032368005,-5.844603555254397,5.701758595531956
2024-03-22 16:00:00,587.0760884832865,4.937227252041112,0.36802700506343544,6.34865725960892
2024-03-22 17:00:00,587.1513440806839,-1.9539588947967559,2.072176556871586,4.24043825724134
2024-03-22 18:00:00,587.2261452474189,-0.5768556854702638,-0.8021634653648432,4.022873903416186
2024-03-22 19:00:00,587.3004877872114,-0.8769880449148104,0.055500680514508446,3.6609995771888992
2024-03-22 20:00:00,587.3743671158207,-1.3748544408773569,1.6312171797285955,4.939270145328023
2024-03-22 21:00:00,587.4477783227507,0.12984093067404956,0.6055004738971449,3.406880272678211
2024-03-22 22:00:00,587.5207160142384,-0.057743874877246526,2.0833011386441025,3.773726721994922
2024-03-22 23:00:00,587.5931737887707,-0.7351479228532298,4.056579288534898,1.9553948455476526
2024-03-23 00:00:00,587.6651431434557,-0.7117411080816964,2.2529147424259115,-0.4763167777999052
2024-03-23 01:00:00,587.7366134777757,1.0785261475834886,2.2209835375033875,0.973876837137483
2024-03-23 02:00:00,587.8075734868422,-0.7165128528926061,0.15271658943154512,3.6262227766189206
2024-03-23 03:00:00,587.8780116667891,1.175256026457987,-0.18879933319941822,4.775531639952349
2024-03-23 04:00:00,587.9479164842475,0.744945202389772,2.2929314108442655,5.734206902518551
2024-03-23 05:00:00,588.017275916508,-0.28671510232595665,2.1786812942995777,7.120757891518384
2024-03-23 06:00:00,588.0860774233863,2.5198819027101536,1.0217483451497733,3.8622923287538615
2024-03-23 07:00:00,588.1543082623449,1.3761279808517202,0.17139211176295768,3.5181716450403857
2024-03-23 08:00:00,588.2219557289536,1.6391311003762894,4.208424525658699,2.560488645011484
2024-03-23 09:00:00,588.2890073569226,2.050462368577655,2.8180911385113045,3.1924391359884408
2024-03-23 10:00:00,588.3554507186684,1.5600480589690733,2.820698869479741,3.023802352882688
2024-03-23 11:00:00,588.4212733157584,2.079996669209436,-1.7279689488669903,4.6166989638991724
2024-03-23 12:00:00,588.4864625045418,0.8572567984350599,-6.957275137490518,0.2835558345136092
2024-03-23 13:00:00,588.551005141104,-0.47849424749176706,-8.985957890229544,-0.16655300338273127
2024-03-23 14:00:00,588.6148872819095,0.41178971095826,-5.571674773180169,0.4049977803123633
2024-03-23 15:00:00,588.6780945982869,1.1003731640378192,-5.610520446623574,0.4920526842988311
2024-03-23 16:00:00,588.7406128477836,2.016222119993472,0.6837584323550363,-0.100593400132059
2024-03-23 17:00:00,588.8024277624149,2.857606619194712,1.9805933116572552,-10.510627693266851
2024-03-23 18:00:00,588.8635242268153,-0.3699515329296901,-1.1907467342733014,-8.202825959612326
2024-03-23 19:00:00,588.9238867058253,1.2805921213696365,-0.17924223670889539,-8.155236590486048
2024-03-23 20:00:00,588.9834993805725,4.463041753131392,1.3274290982197414,-7.933970231923719
2024-03-23 21:00:00,589.0423460282119,1.6137804929541062,0.19938661891781775,-8.275513140083875
2024-03-23 22:00:00,589.1004097036541,2.720842905404652,2.11084122150103,-8.882093830559793
2024-03-23 23:00:00,589.1576719949554,3.566988057272283,3.9951843327454766,-11.449844384973176
2024-03-24 00:00:00,589.2141127603986,2.114681770277798,2.348472420032594,-14.137266950709087
2024-03-24 01:00:00,589.2697100736564,3.550503928773651,1.8451234577587696,-8.295337460188813
2024-03-24 02:00:00,589.3244403258955,1.9082077476373343,-0.23877095299849482,-6.763877120534279
2024-03-24 03:00:00,589.3782780570568,1.6470128571332907,-0.2596589687742147,-6.145631945415826
2024-03-24 04:00:00,589.4311965036985,2.192978816393861,2.241048954452735,-5.725224274545125
2024-03-24 05:00:00,589.4831686973905,2.9078022317202112,2.235572934772805,-4.336543863883587
2024-03-24 06:00:00,589.5341667275201,4.606461008884594,0.8285080508314822,-4.989135787236109
2024-03-24 07:00:00,589.5841612530936,3.054918217518207,0.10454062405236487,-4.093620094664212
2024-03-24 08:00:00,589.6331221619733,3.1476824767199787,4.367350695576035,-4.198155334269354
2024-03-24 09:00:00,589.6810187030287,3.389748746960322,2.8163888165334767,-2.8971562665224844
2024-03-24 10:00:00,589.7278199367372,1.207587599363137,2.8258034646152397,-3.3612110007155422
2024-03-24 11:00:00,589.7734950262601,3.936762410013671,-1.776019132299247,-2.9142383039745714
2024-03-24 12:00:00,589.818012716553,1.8193996034030988,-6.338818035506218,-4.908594284449866
2024-03-24 13:00:00,589.8613415320053,1.819770441642504,-8.455257926273195,-4.075854047374563
2024-03-24 14:00:00,589.9034516034504,1.2589635753801076,-5.751003793447066,-3.511411385383594
2024-03-24 15:00:00,589.9443151815997,2.444544205739362,-5.583866079473482,-2.9049933078655106
2024-03-24 16:00:00,589.9839063497994,3.5934681073567845,0.7315450643478968,-3.958919521504075
2024-03-24 17:00:00,590.0222012028324,-1.1714026429219757,1.9479204616725705,-8.568719021583014
2024-03-24 18:00:00,590.0591776421103,-0.2073090396633006,-1.0956054632891978,-6.836263139157813
2024-03-24 19:00:00,590.0948147719992,-0.010639776369202991,-0.020474613794856718,-6.293700381835109
2024-03-24 20:00:00,590.1290923762197,-1.578697027729163,1.1801560110142097,-6.270551359504702
2024-03-24 21:00:00,590.161990753998,-1.2158964318208518,0.10837779921142333,-3.7044721213885743
2024-03-24 22:00:00,590.1934911665259,-2.147080309236685,2.3869525594382415,-3.8633634167273696
2024-03-24 23:00:00,590.2235764340159,-2.8871992701401723,4.294782968225919,-3.2711601321015573
2024-03-25 00:00:00,590.252234436996,-4.5025603816588955,2.3168831097973155,-3.0865571651344745
2024-03-25 01:00:00,590.2794578589215,-1.7219139120089721,1.477082496200075,-3.5446264431126364
2024-03-25 02:00:00,590.3052409204086,-1.0989903937886538,-0.38787269544320285,-3.88837783117675
2024-03-25 03:00:00,590.3295801933331,-4.2684369117093865,-0.37649206030583826,-3.334651221317828
2024-03-25 04:00:00,590.3524733398855,-3.396764492729403,2.092142803253807,-2.7078516504097414
2024-03-25 05:00:00,590.3739179515384,-3.2536048032391136,2.1670282883997243,-1.5973414366989325
2024-03-25 06:00:00,590.3939126396024,-2.2344518966095848,0.5776457484244087,-0.17710649141727847
2024-03-25 07:00:00,590.4124601210228,-3.6771943568089682,0.209244086214315,-0.604509850428146
2024-03-25 08:00:00,590.4295650744601,-4.313087979862871,4.497671194149042,-1.3741482887462348
2024-03-25 09:00:00,590.4452324462393,-3.3002189107876347,2.7945146701574086,-2.409528205609013
2024-03-25 10:00:00,590.4594666503108,0.22572307619407184,2.6164100568362203,-2.2515997833411197
2024-03-25 11:00:00,590.472271428677,3.715351519556066,-1.9363245412225831,-2.7012984070105768
2024-03-25 12:00:00,590.4836498518106,0.8245952859881527,-6.2889469012380665,-0.5892982365606991
2024-03-25 13:00:00,590.4936043992033,-0.09341046350584747,-8.292336651349196,-0.5078572843482752
2024-03-25 14:00:00,590.502137115786,0.8914944847736024,-5.895286492379524,-1.5583451081799489
2024-03-25 15:00:00,590.509250030873,-0.547106571670497,-5.543682950101438,-3.018460509100997
2024-03-25 16:00:00,590.5149455116616,-0.7744260807820638,0.6666482283114848,-2.357167659191108
2024-03-25 17:00:00,590.5192264953488,-1.4509418947468475,1.8675044716446845,-3.155789072246642
2024-03-25 18:00:00,590.5220962803396,-1.8106756892710791,-0.5835962713126474,-2.897824319755868
2024-03-25 19:00:00,590.5235588401154,-1.0069216228506548,0.46636967785885114,-2.9230068951236454
2024-03-25 20:00:00,590.5236191489404,-1.883992886910164,0.9770140847576453,-2.7966403467878087
2024-03-25 21:00:00,590.522283174012,-1.5415232877362541,0.11007360303437727,-3.070833489310229
2024-03-25 22:00:00,590.5195572606311,-0.7579590673735765,2.65689215805744,-3.6984903513149106
2024-03-25 23:00:00,590.5154480237983,-0.36505422257937425,4.555327478345438,-1.9457212795644059
2024-03-26 00:00:00,590.5099626026952,1.3155912551367237,2.0584111349032477,-1.4039649927352054
2024-03-26 01:00:00,590.5031094183747,-3.0547588156423444,1.1882249565644507,-2.1765755592967917
2024-03-26 02:00:00,590.4949001191549,-1.6009116121541638,-0.24604683954702203,-1.567941667453615
2024-03-26 03:00:00,590.4853505354442,-0.36343598535904675,-0.2689889974698543,-1.6429255526153346
2024-03-26 04:00:00,590.4744804407139,-0.6957979996250288,2.1879346728634315,-2.05661711395242
2024-03-26 05:00:00,590.4623119361472,0.7252801044626267,2.2215769037607216,-2.4891689443705913
2024-03-26 06:00:00,590.4488694817776,-1.0146051493691175,0.14180035028047794,-2.6460646826890315
2024-03-26 07:00:00,590.4341773310449,-0.505770388913561,0.19908485396151623,-1.7374917960928296
2024-03-26 08:00:00,590.4182583720864,-0.9576087734975545,4.403795792334353,-2.0244453909230677
2024-03-26 09:00:00,590.401134020753,-1.3817819086648342,2.6272621053338647,-2.1566142174220415
2024-03-26 10:00:00,590.3828240419346,-0.03484748964683604,2.4335951169596926,-2.2815716692475054
2024-03-26 11:00:00,590.3633465312178,-0.4717558621725857,-2.0583212528136556,-2.6332694162314545
2024-03-26 12:00:00,590.3427180641348,0.5774800519369592,-6.450799771463092,-1.5393983446088388
2024-03-26 13:00:00,590.3209537111638,1.3491077036818524,-8.29664189850274,-1.1734195163429086
2024-03-26 14:00:00,590.2980669677399,-0.7651929136658282,-5.934471699993087,-1.948402354081089
2024-03-26 15:00:00,590.2740711586007,-1.7002722642030221,-5.513450885169758,-2.0603480092278805
2024-03-26 16:00:00,590.2489803396901,-1.1186679585973707,0.638519195529763,-2.1988315766224127
2024-03-26 17:00:00,590.2228094610655,1.9238643518004892,1.6359518099060746,0.907374377228015
2024-03-26 18:00:00,590.1955740002912,1.3690678544418233,0.31854945379077226,1.3168086914762247
2024-03-26 19:00:00,590.1672898503098,0.4385232362988063,1.2133054302079425,1.2708814831834823
2024-03-26 20:00:00,590.1379734942107,1.7197620660126631,0.6042500766920091,1.668014363084729
2024-03-26 21:00:00,590.107643027858,1.4178421895492193,0.09044724045115402,1.374067542141666
2024-03-26 22:00:00,590.0763183410794,2.4195711085435505,2.80159693120934,1.8525136191676939
2024-03-26 23:00:00,590.0440203347677,2.1453980624331734,4.706527625211874,1.784053977587343
2024-03-27 00:00:00,590.0107714995805,3.4723341981155045,1.703511679979677,1.7533826223243976
2024-03-27 01:00:00,589.976595582477,2.403600103691929,0.8852547234991318,1.9945495903319632
2024-03-27 02:00:00,589.9415175425801,2.2493749937659686,-0.018282726149029743,1.7873901898030222
2024-03-27 03:00:00,589.9055633534091,2.712731215906956,-0.14680333161189435,1.4785087622958362
2024-03-27 04:00:00,589.8687588107815,3.371391886436527,2.3837851856761523,1.296064117105792
2024-03-27 05:00:00,589.8311291372687,2.7318229224920287,2.3174780838592883,0.37956985637998414
2024-03-27 06:00:00,589.7926995292215,1.3488107505129392,-0.3808394850805944,0.32932920534616156
2024-03-27 07:00:00,589.7534953710799,4.527300317435561,-0.014588757114600448,0.6337930685990665
2024-03-27 08:00:00,589.7135422036728,6.706009354976686,4.282397844010069,0.26805059734040226
2024-03-27 09:00:00,589.6728652256854,5.342011978630353,2.554304144499198,0.7108186511850539
2024-03-27 10:00:00,589.6314897409886,2.9833419835673567,2.429448644589675,0.24571963085428827
2024-03-27 11:00:00,589.5894419777968,2.588304924126305,-2.1575759418613636,-0.5101709600617036
2024-03-27 12:00:00,589.5467491733762,0.8661300075970075,-6.443373393473515,2.2104942125003353
2024-03-27 13:00:00,589.5034381897148,1.5438244543431665,-8.280766159125287,1.7835035150673433
2024-03-27 14:00:00,589.4595338696156,3.0927988056574804,-5.925469138299309,1.153136463026187
2024-03-27 15:00:00,589.4150596355628,2.490918661326873,-5.535330618179379,1.6193523212897738
2024-03-27 16:00:00,589.3700378601453,3.6282140447065103,0.6989420761237036,1.7428060190245738
2024-03-27 17:00:00,589.324489466085,9.400451762202124,1.310205365741785,3.49485340597105
2024-03-27 18:00:00,589.2784342122012,8.428654864391547,1.139881044618048,3.8230298787891615
2024-03-27 19:00:00,589.231890376752,8.103827610438998,2.2605776405248985,3.6237043722842723
2024-03-27 20:00:00,589.1848742562329,10.903908015206639,0.06821234845194196,3.473005380108441
2024-03-27 21:00:00,589.137399520202,10.004925970221052,-0.00641768798868202,4.184092197565613
2024-03-27 22:00:00,589.0894775892516,9.551112159446802,2.7776647642981547,4.2317454870033675
2024-03-27 23:00:00,589.0411180451548,10.137173914767118,4.678829627014901,3.642878413063201
2024-03-28 00:00:00,588.9923286066462,10.809713469400663,1.2038504980931988,1.9341074258600006
2024-03-28 01:00:00,588.9431155298955,10.92790139891656,0.7507086753852154,2.118274395802671
2024-03-28 02:00:00,588.8934839183864,11.680632205593838,0.1458223232715261,0.7700615527481887
2024-03-28 03:00:00,588.8434380179821,11.726521718005642,-0.10428531037039725,-0.6856744256172741
2024-03-28 04:00:00,588.7929817709411,10.949337219737913,2.5188899831155265,-0.5012089737945103
2024-03-28 05:00:00,588.7421192954815,11.800230110197504,2.1819854267493923,-1.0843348324284778
2024-03-28 06:00:00,588.6908552583693,11.872715570172772,-0.8537294584362197,-0.7098413701058375
2024-03-28 07:00:00,588.6391947323181,11.922415363172377,-0.24672556070423102,-0.3648845347861548
2024-03-28 08:00:00,588.5871432516986,10.603857913436059,4.263737886214568,0.5852609486506327
2024-03-28 09:00:00,588.5347068863495,9.893795022470727,2.668708490525424,1.2527896006544599
2024-03-28 10:00:00,588.4818930128746,8.229489666508584,2.428063673002264,2.0605536476146047
2024-03-28 11:00:00,588.4287100090835,7.513721559951136,-2.0068389448469084,2.864407375812178
2024-03-28 12:00:00,588.3751671335662,6.71157109764647,-6.482954863484607,3.4862166322719816
2024-03-28 13:00:00,588.3212748404118,7.6276186169983475,-8.37619248761532,2.6772990302051745
2024-03-28 14:00:00,588.2670446550212,8.76356619804551,-5.957368513605804,3.316757660539135
2024-03-28 15:00:00,588.2124873799265,9.071519997112546,-5.537308347388134,3.393300970349017
2024-03-28 16:00:00,588.1576128080054,7.749157441346142,0.9334498388005953,3.9897799118478545
2024-03-28 17:00:00,588.1024299710567,6.489856136339313,1.2713065638732455,6.5264073287307
2024-03-28 18:00:00,588.0469480271388,2.640839356179754,1.9265410174891615,6.565671599192244
2024-03-28 19:00:00,587.9911764052905,1.51689505179138,3.2996989106645542,6.612229632253458
2024-03-28 20:00:00,587.9351243294385,5.828970502092943,-0.2977813585949581,7.053686527063498
2024-03-28 21:00:00,587.8788003609244,5.975075772374112,-0.06380261075209541,7.169926477453612
2024-03-28 22:00:00,587.8222121050247,7.278189332920192,2.347940185426909,6.591658376628153
2024-03-28 23:00:00,587.7653667295999,5.435001971752854,4.531117317531714,5.258513981115463
2024-03-29 00:00:00,587.7082704084496,4.783262488363334,0.4515247052198719,5.6269423979672615
2024-03-29 01:00:00,587.6509285061605,5.74251872641662,0.9951866837728418,5.211366083649925
2024-03-29 02:00:00,587.5933457048311,6.9439661036578855,0.1371771895460101,3.935511001964961
2024-03-29 03:00:00,587.5355258075256,7.742730598838534,-0.1545349519793358,3.526278545615257
2024-03-29 04:00:00,587.4774724032053,6.780979598204908,2.503416164547518,3.368131834042286
2024-03-29 05:00:00,587.4191884683568,6.402247899164422,1.808683103415358,3.2398805290634884
2024-03-29 06:00:00,587.360676142552,6.611487840785458,-1.077558684635359,3.185394701297887
2024-03-29 07:00:00,587.301936508863,5.4389685414254245,-0.3435530590062435,2.4926480087177127
2024-03-29 08:00:00,587.2429697611358,4.013400968651808,4.173416929821023,3.5502123403914925
2024-03-29 09:00:00,587.1837753476324,3.54664089529399,2.6458816799998925,4.433702077073642
2024-03-29 10:00:00,587.1243510462544,5.743600434070345,2.1855189251515186,4.666529594523653
2024-03-29 11:00:00,587.0646923883965,5.979160955160637,-1.7978433718801883,5.22399002832315
2024-03-29 12:00:00,587.0047928067625,2.841466030464062,-6.561745122335241,5.3854862851086525
2024-03-29 13:00:00,586.9446438466701,2.8247590142100307,-8.440287753616047,5.310884892735935
2024-03-29 14:00:00,586.8842357497281,3.193562647324711,-5.891981795156229,5.984183398103326
2024-03-29 15:00:00,586.8235573860029,2.8753750238491875,-5.337374926765294,5.888442516913139
2024-03-29 16:00:00,586.762594722373,2.7815412834504514,1.4821180562596474,6.5837459379168966
2024-03-29 17:00:00,586.7013317225872,-0.9444101017409139,1.474462653476322,4.458615725677582
2024-03-29 18:00:00,586.6397517137574,-6.689089410640918,2.6950761040523705,4.304261592831184
2024-03-29 19:00:00,586.5778371473581,-6.507483943963507,3.9485695854407212,4.021077211164615
2024-03-29 20:00:00,586.5155702491652,-0.6603756176563138,-0.1329691724303125,5.397774540921445
2024-03-29 21:00:00,586.4529336432317,-2.0265506547667655,0.21991208434699158,3.913704927188006
2024-03-29 22:00:00,586.3899096858621,-1.4122617842160707,1.8335520157093324,4.358800082644603
2024-03-29 23:00:00,586.3264805569856,1.959897859336138,4.183907628831497,2.5697139548466668
2024-03-30 00:00:00,586.2626275266852,-1.3934587023875338,-0.1133283432906539,-0.025840481006954144
2024-03-30 01:00:00,586.1983306037631,-2.52413321730603,1.206712560286742,1.4790900532562214
2024-03-30 02:00:00,586.1335691021483,0.37423944339343507,0.01668162363320711,4.045509830825208
2024-03-30 03:00:00,586.0683222491897,-0.1552627554863193,-0.3010429003015262,5.267983406598214
2024-03-30 04:00:00,586.0025702264057,0.9689344794530825,2.335842835899893,6.222652458241209
2024-03-30 05:00:00,585.9362942245889,1.646909026062417,1.2455678980802163,7.431228851268471
2024-03-30 06:00:00,585.8694762702165,-0.507829098003981,-1.137095138126351,4.145447965913843
2024-03-30 07:00:00,585.8020990757149,-1.0795058108125204,-0.43914209062837717,3.7865488257260167
2024-03-30 08:00:00,585.7341458076411,0.7553902894900375,3.7448489013435733,3.0656150015252726
2024-03-30 09:00:00,585.6656011788456,3.3197871921262276,2.3337675261147295,3.730844102913464
2024-03-30 10:00:00,585.5964510366578,2.052551644139726,1.6910315391716726,3.6799657800308023
2024-03-30 11:00:00,585.5266823756732,2.991536456056565,-2.0243117520590435,5.266092920329293
2024-03-30 12:00:00,585.4562835806239,1.835591788812735,-6.2667172102317865,0.9448418407952748
2024-03-30 13:00:00,585.3852455133582,0.18351346691383696,-8.145848314668976,0.6370893343969188
2024-03-30 14:00:00,585.3135625130926,-0.4342971686294277,-5.5163294564843435,1.2870641120211228
2024-03-30 15:00:00,585.2412305076268,-1.2722506543867667,-4.89732736099537,1.2183475077553538
2024-03-30 16:00:00,585.1682470129908,-0.2936375551295214,2.2473345957571698,0.3680559463815513
2024-03-30 17:00:00,585.0946113011092,-4.896599572929176,1.7734305375352042,-10.151442265715252
2024-03-30 18:00:00,585.0203240391401,-13.119125365069522,3.284011692200238,-8.035210366270856
2024-03-30 19:00:00,584.9453875647544,-13.330693362806073,4.607412657612479,-8.102106859560793
2024-03-30 20:00:00,584.8698056867585,-5.489244705863257,0.13185824523074513,-7.712419226126031
2024-03-30 21:00:00,584.7935837497014,-10.02292099279714,0.38056345807712433,-7.891226214981418
2024-03-30 22:00:00,584.7167289430186,-7.257871703993828,1.4610540320405592,-8.439911271065245
2024-03-30 23:00:00,584.6392508795367,-4.347892797223267,3.839644306188931,-11.241002388502325
2024-03-31 00:00:00,584.5611620087922,-3.300524106577882,-0.4027103521373327,-14.30792755007703
2024-03-31 01:00:00,584.4824772133986,-12.918950388450526,1.1800062851293995,-8.50353311007745
2024-03-31 02:00:00,584.4032134886033,-7.887679113387549,-0.25818478995718097,-7.057349585258565
2024-03-31 03:00:00,584.3233898650932,-6.18719617321517,-0.5864661268556753,-6.079727565022289
2024-03-31 04:00:00,584.2430277549742,-3.465119925451063,2.0193302214256637,-5.787238050948746
2024-03-31 05:00:00,584.1621500968433,-3.9512129407258954,0.5176310326434609,-4.318568188760882
2024-03-31 06:00:00,584.0807813409829,-4.4749329970710505,-1.2793218862996272,-5.26652645761231
2024-03-31 07:00:00,583.9989480295455,-4.935078100658643,-0.6689252833934137,-4.2249446454936095
2024-03-31 08:00:00,583.9166802586773,-1.5707348290643495,3.072118407788947,-4.268063837401932
2024-03-31 09:00:00,583.8340130795685,-1.334616311681316,1.7696552421262495,-2.9690520100136206
2024-03-31 10:00:00,583.7509850890939,-1.0695550315847413,0.9385135245318029,-3.319943582041033
2024-03-31 11:00:00,583.6676377200112,-0.7584467646183839,-2.3679013694408853,-2.7612895859519133
2024-03-31 12:00:00,583.5840151601296,-4.145168946074477,-5.496162961827465,-4.582683252227586
2024-03-31 13:00:00,583.5001635211561,-5.207804639483015,-7.3587076846136865,-3.7436511970592647
2024-03-31 14:00:00,583.4161303074202,-3.342388848754581,-5.018161911324113,-3.275579547341525
2024-03-31 15:00:00,583.3319640525694,-2.911390438843,-4.4964300777007935,-2.654143536025708
2024-03-31 16:00:00,583.2477138381979,-2.5171852789848117,2.8767861573101836,-3.7173147165233056
2024-03-31 17:00:00,583.1634289234022,-3.154495658651058,2.272894323908834,-8.811827588659936
2024-03-31 18:00:00,583.0791585424464,-2.5492940721157993,3.8361695564121154,-7.106034026742651
2024-03-31 19:00:00,582.9949516892177,-0.8195520690549074,5.525520130040392,-6.630919750203186
2024-03-31 20:00:00,582.9108567921793,3.430578871018156,0.6567325665275733,-6.658168229724951
2024-03-31 21:00:00,582.8269218676207,4.387070800322704,0.5744047356232479,-4.088397403566624
2024-03-31 22:00:00,582.7431949361455,5.382631905848143,1.1646800213264323,-4.260506863320056
2024-03-31 23:00:00,582.6597235976639,1.7791113669201195,3.637892346453774,-3.5467273110377993
2024-04-01 00:00:00,582.5765552177375,4.933582629571447,-0.47911720055266627,-3.421020646756244
2024-04-01 01:00:00,582.4937372611702,-0.4921782224676008,0.9916549747301632,-3.913214013432716
2024-04-01 02:00:00,582.41131719019,-2.333652282846174,-0.6375111701394093,-4.180153737204359
2024-04-01 03:00:00,582.329342776593,-1.7426765775985587,-0.9804048138841293,-3.5462613851103466
2024-04-01 04:00:00,582.247861434691,-4.005916316740013,1.522333382795799,-2.7842785007466935
2024-04-01 05:00:00,582.1669199205452,-4.356813059450019,-0.29457034738360655,-1.5755365137115926
2024-04-01 06:00:00,582.0865640326441,-1.5064344375778091,-1.5466952104919205,-0.16343438457429474
2024-04-01 07:00:00,582.0068383046257,-0.9377653728174664,-0.9309351933923591,-0.43813773841587517
2024-04-01 08:00:00,581.9277859224479,-2.0492293315041934,2.524595335687702,-1.5431519266313307
2024-04-01 09:00:00,581.8494484809852,-2.482687364962203,1.1036509583117362,-2.4404120743347186
2024-04-01 10:00:00,581.7718661410607,-5.237905299408794,-0.055232507228922055,-2.3087283344230713
2024-04-01 11:00:00,581.6950780539262,-5.61668541610652,-2.8539245215191715,-2.6644681163005375
2024-04-01 12:00:00,581.6191215509668,-2.318741201434136,-4.8789863050738385,-0.5713940444589016
2024-04-01 13:00:00,581.544031447325,-1.5873948758157894,-6.567642663613578,-0.6589939078955751
2024-04-01 14:00:00,581.4698403042362,-2.6747985799366916,-4.53961571796313,-1.7054260063364768
2024-04-01 15:00:00,581.3965793489867,-0.4052161956010423,-4.085188296642957,-3.176174856742714
2024-04-01 16:00:00,581.3242780965348,1.168633188575427,3.3396622293613194,-2.502573514471601
2024-04-01 17:00:00,581.2529641843182,-0.7925371236472074,3.119383724849966,-3.5798107855210297
2024-04-01 18:00:00,581.1826635532097,0.10439857773428685,4.483651503296728,-3.0907136342408243
2024-04-01 19:00:00,581.1134007107285,-1.2919574964279263,5.722740106417356,-3.11418332071797
2024-04-01 20:00:00,581.0451990538318,-1.2976110590986991,1.539802696564106,-2.977390691297245
2024-04-01 21:00:00,580.9780809419618,-0.5331407124208454,0.943039511430335,-3.2879797409712643
2024-04-01 22:00:00,580.9120680199868,-2.17048671921998,0.9331504417038567,-3.824731742470695
2024-04-01 23:00:00,580.847181021229,-1.9549904793598216,3.6072331325665115,-2.1894236744356896
2024-04-02 00:00:00,580.7834397875392,-1.006698012417246,-0.2551636827776781,-1.5215780923443232
2024-04-02 01:00:00,580.7208634536019,-0.3247417508448507,0.9260655982590349,-2.272187301016079
2024-04-02 02:00:00,580.6594705506553,-0.3894578237434416,-0.910878015956032,-1.6391347109557648
2024-04-02 03:00:00,580.5992787894976,0.09178516310464602,-1.2694054235197079,-1.7916585290825313
2024-04-02 04:00:00,580.5403048458764,1.3519551687439844,0.964908827172861,-2.0171688417932527
2024-04-02 05:00:00,580.4825648269725,2.57985097072617,-1.0185337207589071,-2.6138820769398663
2024-04-02 06:00:00,580.4260741142776,2.824375417344868,-1.7807047397148976,-2.6297447919075396
2024-04-02 07:00:00,580.3708473662894,1.0221168882532083,-1.115596806778275,-1.7873674477642982
2024-04-02 08:00:00,580.3168985291379,-1.5802548172345041,2.126409098649804,-2.213052810553233
2024-04-02 09:00:00,580.2642408915599,-0.9238934368765968,0.27053661059892214,-2.2508840652821895
2024-04-02 10:00:00,580.2128869626383,-0.42640580283091367,-1.251987029080542,-2.6244941307268945
2024-04-02 11:00:00,580.1628488319549,-1.7185430883696426,-3.7665219416758826,-3.137783801909304
2024-04-02 12:00:00,580.1141386984992,0.4102938997284582,-4.594035902204975,-1.8603966960226397
2024-04-02 13:00:00,580.0667690516864,-0.36941430956755994,-5.9617135040690865,-1.5956412380497609
2024-04-02 14:00:00,580.0207526531871,-1.1168905887293477,-4.105531800693556,-2.368330263764145
2024-04-02 15:00:00,579.9761020937585,-2.4322303332437514,-3.6740774051089926,-2.3997943554057692
2024-04-02 16:00:00,579.9328297478903,-2.556787838132891,3.6385715411177197,-2.4446134508751083
2024-04-02 17:00:00,579.89094754804,-0.9306268585720545,4.134821092127992,0.7648582184041787
2024-04-02 18:00:00,579.8504661807463,-4.266475125882721,4.884899222913856,1.391109722222634
2024-04-02 19:00:00,579.811395385025,-4.886372737294096,5.509568637402824,1.2754087148663107
2024-04-02 20:00:00,579.7737446880957,-4.456633421843549,2.716125120049757,1.7067636136980684
2024-04-02 21:00:00,579.737523289666,-4.965405364652611,1.664249203325105,1.3736328716614727
2024-04-02 22:00:00,579.7027396491386,-3.763044659507159,1.150913550324154,1.9093914600444237
2024-04-02 23:00:00,579.6694013004474,-3.8606582600007187,3.5916229233839125,1.7296340361693534
2024-04-03 00:00:00,579.6375144313461,-3.0744105201550838,0.12965542850890183,1.657240660300097
2024-04-03 01:00:00,579.6070837059091,-2.463908997621388,0.6610203001987541,2.015804991513611
2024-04-03 02:00:00,579.5781122063904,-3.760965470172323,-0.9455324373714321,1.7383857011533737
2024-04-03 03:00:00,579.5506008549658,-3.3102045806576825,-1.306130680596346,1.2657344062883351
2024-04-03 04:00:00,579.5245481779797,-2.1636982742438704,0.5408069280669529,1.178343168197296
2024-04-03 05:00:00,579.4999501704083,-3.9186592197276013,-1.5027060191683415,0.23141506848765683
2024-04-03 06:00:00,579.4768003699309,-3.015903271772686,-1.9119102337826672,0.5110131356244448
2024-04-03 07:00:00,579.4550902662133,-2.954161932667148,-1.261565728188101,0.5506373946418742
2024-04-03 08:00:00,579.434809725512,-3.8217398537734653,1.7661423933315785,0.2007877349298961
2024-04-03 09:00:00,579.415947315021,-3.2439944434208883,-0.7118889719670979,0.639936100367072
2024-04-03 10:00:00,579.39849057557,-3.5935085681956025,-2.414247775491483,0.14926576811703512
2024-04-03 11:00:00,579.3824255391665,-3.298325865746733,-4.749964742083484,-0.6041349313362964
2024-04-03 12:00:00,579.3677361756141,0.6588748970525558,-4.491202104662374,2.334591031995712
2024-04-03 13:00:00,579.3544045412752,0.1480171023783896,-5.509247177599562,1.9568255339460132
2024-04-03 14:00:00,579.3424111862117,-0.9750274824071994,-3.703823491549628,1.1964397877450836
2024-04-03 15:00:00,579.3317355843081,-1.035097868155617,-3.4321655042619272,1.7655277881093125
2024-04-03 16:00:00,579.3223566445022,-1.58620227386848,3.71924336642821,1.884602262938125
2024-04-03 17:00:00,579.3142526854168,-0.4331328529640359,4.71139759768585,3.4674825698612937
2024-04-03 18:00:00,579.3074012549329,-1.0144814636830688,5.00857390276691,3.9385063059833207
2024-04-03 19:00:00,579.3017788646848,-1.5023913285634762,5.2668544570801314,3.703758006798475
2024-04-03 20:00:00,579.2973609108811,-0.3068684831947621,3.8832915999543935,3.4062159723592247
2024-04-03 21:00:00,579.2941222623372,-0.1541016303701781,2.09381027465941,4.066169093373509
2024-04-03 22:00:00,579.2920373995212,-0.2298695734367584,1.6797139824865426,4.278118191429029
2024-04-03 23:00:00,579.2910803840222,-0.7075292554544603,3.6742366370011665,3.6422122344311503
2024-04-04 00:00:00,579.2912247889082,-0.7373872568774686,0.48613210619404074,1.8400303617752904
2024-04-04 01:00:00,579.2924435613102,-2.1123503478479506,0.09400015659107674,1.855906629946711
2024-04-04 02:00:00,579.2947091819921,-0.8484942157464275,-0.7578580208975901,0.5316430546519713
2024-04-04 03:00:00,579.2979937862373,-0.27657355197254674,-1.18961123225401,-0.761809002010641
2024-04-04 04:00:00,579.3022690841307,-1.546426799485971,0.37316740994767134,-0.5890096945923695
2024-04-04 05:00:00,579.3075066430947,-0.9837537254372819,-1.656470924304776,-1.237281993352663
2024-04-04 06:00:00,579.3136785004573,-0.4520310380830779,-1.976684359123576,-0.7849631032505603
2024-04-04 07:00:00,579.3207574988841,-0.8708536295642944,-1.3767093796809746,-0.523194489638847
2024-04-04 08:00:00,579.3287171589913,-0.4834578176737523,1.6180564590412383,0.3866841996412646
2024-04-04 09:00:00,579.3375317133708,-0.8389831607062206,-1.3385299439642842,1.0999813912996985
2024-04-04 10:00:00,579.3471763447299,-2.415325515057475,-2.92960653383652,1.7777557041641072
2024-04-04 11:00:00,579.3576272430349,-0.5484069406614935,-5.179030723645533,2.619810421272023
2024-04-04 12:00:00,579.3688618658078,-1.3108550820079472,-4.4846105088918415,3.3366037250919254
2024-04-04 13:00:00,579.3808588506397,-0.28436176843160865,-5.3851442630658966,2.6186471808578187
2024-04-04 14:00:00,579.3935980596855,-0.3264296923072152,-3.4416434028765117,3.2444750354982577
2024-04-04 15:00:00,579.4070594836797,0.6080883603525535,-3.5949214148463504,3.339773570814023
2024-04-04 16:00:00,579.4212212217051,0.3375629250114116,3.581722084629818,3.869493768653695
2024-04-04 17:00:00,579.436059161749,-0.8472192456587209,4.889848716391508,6.091311367518333
2024-04-04 18:00:00,579.4515485915123,-1.0631496287538766,4.972125170843165,6.249475866398448
2024-04-04 19:00:00,579.4676642856292,-0.9501135941400207,5.015076521591336,6.347372786919459
2024-04-04 20:00:00,579.484380671233,-0.7575261496601797,4.641255957392995,6.721889521034165
2024-04-04 21:00:00,579.5016724758784,-1.9946386411349977,2.2459924826019453,6.7169736826545705
2024-04-04 22:00:00,579.5195137214499,-1.4517323595545122,1.9130066208167247,6.139212017287853
2024-04-04 23:00:00,579.5378766058574,-0.2692906350833937,3.929363107590711,4.882050921635424
2024-04-05 00:00:00,579.5567322588629,-1.3855309372214606,0.7059020868910145,5.482896591467586
2024-04-05 01:00:00,579.5760512504728,-2.608470843641726,-0.4427124647785634,5.085132057947424
2024-04-05 02:00:00,579.5958040740932,-2.092860539260869,-0.5631111652719757,3.800167630439655
2024-04-05 03:00:00,579.6159612510378,-2.950037849437763,-1.0747278414231927,3.5388044398231346
2024-04-05 04:00:00,579.6364928142987,-2.7146065895266247,0.3579171683337592,3.3101966068941966
2024-04-05 05:00:00,579.6573688288074,-2.1047477230698632,-1.5509678486502982,3.178346742912709
2024-04-05 06:00:00,579.678560006376,-2.0483796091073145,-2.0233791765482505,3.203198779279516
2024-04-05 07:00:00,579.7000377882243,-2.221551264997288,-1.4354462206383705,2.6269596974112424
2024-04-05 08:00:00,579.7217746133173,-0.5053781496392276,1.6793695781313671,3.534233958190531
2024-04-05 09:00:00,579.7437444293186,-2.4850913141749515,-1.5463464633939554,4.5476933482503945
2024-04-05 10:00:00,579.7659228997949,-2.2887012181334967,-2.8629125821121413,4.705690900450858
2024-04-05 11:00:00,579.7882876687614,-2.883081931159495,-5.225207996959543,5.320002259357599
2024-04-05 12:00:00,579.8108185411267,-3.103232416179253,-4.789102687163616,5.401516562216258
2024-04-05 13:00:00,579.8334970582937,-2.972041761806281,-5.675518217604705,5.254062921117362
2024-04-05 14:00:00,579.8563065225453,-2.80723606317747,-3.3378127577233654,5.978742298355516
2024-04-05 15:00:00,579.8792308114062,-2.1401479673467065,-3.8407325058465194,5.891649661787077
2024-04-05 16:00:00,579.9022534995227,-2.835514907578954,3.3473971559860187,6.645864252070182
2024-04-05 17:00:00,579.925358514559,-1.5371604948068125,4.823803961367396,4.577998018880423
2024-04-05 18:00:00,579.948530544179,-1.1811779276147263,4.810730791095641,4.3919165923400785
2024-04-05 19:00:00,579.9717540693089,-1.4221650314971157,4.870169456344401,4.200241505843751
2024-04-05 20:00:00,579.9950132980847,-1.755280525078092,5.15386409179205,5.676403135201495
2024-04-05 21:00:00,580.0182925881807,-1.7390319069236284,2.2917921687339375,4.248947150009049
2024-04-05 22:00:00,580.0415767399865,-0.15587509829560986,2.053778254123852,4.730520104185313
2024-04-05 23:00:00,580.0648493744061,-4.135497405370984,4.30316576122167,2.99748226974327
2024-04-06 00:00:00,580.0880922521327,-3.1379474715594142,0.8652937791602078,0.35456144026648245
2024-04-06 01:00:00,580.1112858996912,-1.6392129059009903,-0.7453069626530572,1.8632339688628596
2024-04-06 02:00:00,580.1344105551183,-1.5097937663742869,-0.4164322513158589,4.301815462571837
2024-04-06 03:00:00,580.1574459539459,-2.4474897791692456,-0.9858189591188715,5.565862784342265
2024-04-06 04:00:00,580.1803710060663,-3.453548433742867,0.3576258042597565,6.465551623416733
2024-04-06 05:00:00,580.2031639166688,-2.883084395068977,-1.3671294438600798,7.467049922260239
2024-04-06 06:00:00,580.2258032357955,-3.7461804034693387,-1.977569838778433,4.237947006452263
2024-04-06 07:00:00,580.2482682598998,-4.2508324735598535,-1.3717960135543048,3.794360227214379
2024-04-06 08:00:00,580.2705392451668,-5.6595752107908766,1.9725682285159096,3.2664677371082047
2024-04-06 09:00:00,580.2925973620298,-5.095744501331524,-1.473220950937857,4.006368090239565
2024-04-06 10:00:00,580.3144236461341,-5.355690923089355,-2.5483244667910196,4.149591743746235
2024-04-06 11:00:00,580.3359985466135,-7.688568559047781,-5.0484329327739195,5.641002945208293
2024-04-06 12:00:00,580.3573023529783,-5.54470385304387,-5.270703508511444,1.5281050085770942
2024-04-06 13:00:00,580.3783153921341,-5.7938099165832,-6.18381117055821,1.349305695007276
2024-04-06 14:00:00,580.3990182310773,-9.441787607796414,-3.447508748773492,1.9602781254926238
2024-04-06 15:00:00,580.4193916568859,-7.454297220381477,-4.057803482023335,1.8227090455190433
2024-04-06 16:00:00,580.4394165727663,-6.248725823826817,3.1021006002187685,0.797208650841754
2024-04-06 17:00:00,580.4590746910169,-0.7980759888336024,4.480650883659735,-9.66164958584308
2024-04-06 18:00:00,580.4783494753246,0.4707092934688717,4.471148605377648,-7.840207374171105
2024-04-06 19:00:00,580.4972262098796,0.6322574955903519,4.70196647858364,-8.031450184053629
2024-04-06 20:00:00,580.5156918907039,2.0341257149467538,5.291107814288905,-7.450925419939585
2024-04-06 21:00:00,580.5337354639128,1.5832142121822699,2.169108307619024,-7.536057983714097
2024-04-06 22:00:00,580.5513479616686,1.4668744006891075,2.023231656552544,-8.091454018910186
2024-04-06 23:00:00,580.5685216114899,1.6021197305439046,4.551875761091301,-10.842517103125092
2024-04-07 00:00:00,580.5852491359386,4.718399643590374,1.053923006118737,-14.077571785647862
2024-04-07 01:00:00,580.6015235558453,3.7068704236997974,-0.7358763702554911,-8.742517609289663
2024-04-07 02:00:00,580.6173373677395,5.533562123799356,-0.24597187664236256,-7.394927614896579
2024-04-07 03:00:00,580.6326824867004,5.1743266421106,-0.8311180250747159,-6.135891103736266
2024-04-07 04:00:00,580.6475510655546,6.830789385563548,0.5138058213523261,-5.742146272470459
2024-04-07 05:00:00,580.6619361226943,4.811005416847934,-1.0908603037432865,-4.332081235799034
2024-04-07 06:00:00,580.6758312245164,5.012902435510682,-1.7336817200083667,-5.395051940018755
2024-04-07 07:00:00,580.6892303023787,5.676130111761381,-1.1882509943924031,-4.277109419747673
2024-04-07 08:00:00,580.7021267704822,4.527871335515442,2.318129405659335,-4.298127511656851
2024-04-07 09:00:00,580.7145130700683,3.6901971004676852,-1.1604811120560627,-3.0142290584798457
2024-04-07 10:00:00,580.7263813359444,7.006982413418314,-2.005046284091818,-3.3883174652709256
2024-04-07 11:00:00,580.7377236063224,4.340555764144483,-4.6609581575991825,-2.7173212128676933
2024-04-07 12:00:00,580.7485316112758,5.755969129194682,-5.555135560741182,-4.229365179729283
2024-04-07 13:00:00,580.7587978661835,4.828086532635325,-6.564263897062494,-3.3726205017564155
2024-04-07 14:00:00,580.7685161625453,3.8806532928887236,-3.5984476356361332,-2.910721819797862
2024-04-07 15:00:00,580.7776808847476,1.7114199100781207,-4.277908300492097,-2.2411924943336183
2024-04-07 16:00:00,580.7862869655859,3.908297695732813,2.9005139364952113,-3.3750985978138694
2024-04-07 17:00:00,580.7943298693036,4.171582815136503,4.020322552263203,-9.046235236703344
2024-04-07 18:00:00,580.8018058485551,4.120761524706609,3.8296036643190767,-7.282171037580766
2024-04-07 19:00:00,580.8087130420099,3.505105245599566,4.316227478166557,-6.850045765776059
2024-04-07 20:00:00,580.8150516340177,3.6383431043913106,4.899734314456435,-6.933129052865443
2024-04-07 21:00:00,580.820822874639,4.065438558416076,1.7870375565706929,-4.37329898962581
2024-04-07 22:00:00,580.8260281922556,3.1488534160965855,1.7416518946941033,-4.516533503046298
2024-04-07 23:00:00,580.8306689361349,4.663048233862355,4.664647848410417,-3.698365018407557
2024-04-08 00:00:00,580.8347461439627,0.7267368664342939,1.2509876392630115,-3.592470649659998
2024-04-08 01:00:00,580.8382604847059,1.275087626019058,-0.597589818273052,-4.095758292451985
2024-04-08 02:00:00,580.8412130092676,2.5935854678868964,-0.24425812179666612,-4.290540355357857
2024-04-08 03:00:00,580.8436060768133,3.0372830530274086,-0.7196778984688181,-3.631211231371879
2024-04-08 04:00:00,580.8454440148605,2.614784970405708,0.8259104209672348,-2.816139406233403
2024-04-08 05:00:00,580.8467321389556,3.661009564934261,-0.7301360455901531,-1.5176056582997424
2024-04-08 06:00:00,580.8474755953728,3.235483651036134,-1.334169971508994,-0.15878927489983952
2024-04-08 07:00:00,580.8476795938243,2.376896137216818,-0.9395470300348666,-0.2850287010062705
2024-04-08 08:00:00,580.8473502975938,1.335541274080697,2.5253784389263245,-1.6482700106009234
2024-04-08 09:00:00,580.8464954208524,2.3608177849241656,-0.6908291708958119,-2.3564840348808844
2024-04-08 10:00:00,580.8451239624713,0.729089558902956,-1.3380888835459162,-2.28612463782836
2024-04-08 11:00:00,580.8432457821542,-0.39792943410122916,-4.143304613985777,-2.5920117340671496
2024-04-08 12:00:00,580.8408710695991,-0.38178202772030545,-5.5530857767002555,-0.5360032651784143
2024-04-08 13:00:00,580.8380102263184,0.3282675628636298,-6.712871680498732,-0.7534061086832112
2024-04-08 14:00:00,580.8346736266396,2.681337460023201,-3.705489045543662,-1.8305220411191025
2024-04-08 15:00:00,580.8308718637421,2.775410716217948,-4.535251854386235,-3.3010307255738174
2024-04-08 16:00:00,580.8266151472614,2.170895137512275,2.7424966623054297,-2.640006947079035
2024-04-08 17:00:00,580.8219126807415,3.2311961950136947,3.732669714331818,-3.775778590087051
2024-04-08 18:00:00,580.8167726253686,2.7602566582371537,3.023177332960035,-3.170206616565782
2024-04-08 19:00:00,580.8112018210253,3.076461589976816,3.7612327291984946,-3.2088961402004683
2024-04-08 20:00:00,580.8052057557716,3.402213182054197,4.110045633321746,-3.0974645711475413
2024-04-08 21:00:00,580.7987887005248,1.8774144710766905,1.3032845021095323,-3.4194876737110724
2024-04-08 22:00:00,580.7919537746119,2.3829010159305426,1.4563633169712,-3.7812181075135642
2024-04-08 23:00:00,580.7847032977832,3.0849402613698658,4.7754044243790315,-2.2550479835320747
2024-04-09 00:00:00,580.7770382281111,1.8158681378206438,1.4291375412848975,-1.4020439072166584
2024-04-09 01:00:00,580.7689579545781,2.661950872811076,-0.4575710929436631,-2.133337734445547
2024-04-09 02:00:00,580.7604605751158,1.5250763741834135,-0.365239495594653,-1.5102974537045346
2024-04-09 03:00:00,580.7515426853656,1.3578389291733401,-0.6932840758001149,-1.6660975387389338
2024-04-09 04:00:00,580.7421992644237,1.803527163047761,1.1585593242849124,-1.7442857517563615
2024-04-09 05:00:00,580.7324239222374,0.9754013247829789,-0.3152854084963976,-2.452539838523994
2024-04-09 06:00:00,580.7222096177621,0.699825629393672,-0.9178024493380564,-2.3842327978177136
2024-04-09 07:00:00,580.7115487487579,2.8748169723835417,-0.6357276831620313,-1.64063803797946
2024-04-09 08:00:00,580.70043304687,3.964663687410848,2.6712848749084803,-2.176381609189342
2024-04-09 09:00:00,580.6888539160906,2.652850968858843,-0.05766745427400831,-2.1640374306753865
2024-04-09 10:00:00,580.6768034297039,3.4536407213898883,-0.8023612843635117,-2.758082866730256
2024-04-09 11:00:00,580.6642745690937,2.864768600046318,-3.650603108782425,-3.3784400603575757
2024-04-09 12:00:00,580.6512608034411,1.6024613338893232,-5.55195021834493,-1.9717719189854495
2024-04-09 13:00:00,580.6377556699748,0.9950052346966913,-6.768973656295481,-1.7937872483760287
2024-04-09 14:00:00,580.6237523701823,1.4357130729614482,-3.891659938898539,-2.507805504245249
2024-04-09 15:00:00,580.6092438995906,2.140274030304681,-4.652254663401674,-2.477263266493681
2024-04-09 16:00:00,580.5942228621722,1.658419311826492,2.6687908661109354,-2.3814330401096893
2024-04-09 17:00:00,580.5786813855473,1.9646728605625867,3.6377411926673164,0.7089045612227846
2024-04-09 18:00:00,580.5626115768395,3.348336997699903,2.228825655199981,1.5102257702605997
2024-04-09 19:00:00,580.5460058254482,4.024922549180133,3.122770545714758,1.336301079656926
2024-04-09 20:00:00,580.5288568191401,3.1626716491848583,3.1287950339008526,1.8196764977742412
2024-04-09 21:00:00,580.5111572297726,2.7858330598469365,0.8377773424177932,1.3552323679626372
2024-04-09 22:00:00,580.4928996914994,2.641311478082798,1.3831654383579364,1.9726233920598453
2024-04-09 23:00:00,580.474076735321,2.3853060837185467,4.995644068644961,1.6149731123154805
2024-04-10 00:00:00,580.4546812267927,3.493527414654409,1.630599368402946,1.52119199015004
2024-04-10 01:00:00,580.4347067434225,5.950761989182524,-0.23194438199464695,1.98647564938964
2024-04-10 02:00:00,580.4141473524611,6.507170100005055,-0.4260615448949089,1.684744092428656
2024-04-10 03:00:00,580.3929974204765,5.465186054643368,-0.7452641275806695,0.9570806524608825
2024-04-10 04:00:00,580.3712519041655,4.629133923644417,1.4331076789728898,0.9865064932171393
2024-04-10 05:00:00,580.3489061347569,3.3324142948079043,0.08765798206883081,0.04102158836634334
2024-04-10 06:00:00,580.3259557074488,4.4683107318830935,-0.6803303414359236,0.5860639021040815
2024-04-10 07:00:00,580.3023966702698,3.2014824919972398,-0.29476283186860897,0.4408836696016007
2024-04-10 08:00:00,580.2782252898108,4.17085602551208,2.902581173906037,0.1083375107711268
2024-04-10 09:00:00,580.2534381757572,3.9516969056187463,0.5707433065938899,0.5341216120301633
2024-04-10 10:00:00,580.2280323676292,3.8582300155256917,-0.5017744224272309,0.035512039272396455
2024-04-10 11:00:00,580.2020053482806,3.1714513409243636,-3.232438282067929,-0.7010184071369779
2024-04-10 12:00:00,580.1753552793408,3.5696115764001206,-5.601296327281273,2.4063294715402463
2024-04-10 13:00:00,580.1480812881988,3.3163451214091992,-6.753481483857575,2.0990550742495606
2024-04-10 14:00:00,580.120183434801,2.6126604135140497,-4.311109912322752,1.188266064007755
2024-04-10 15:00:00,580.0916628104103,2.8456210069742838,-4.618293338297516,1.8510095209127937
2024-04-10 16:00:00,580.0625214975034,1.9577444105461836,2.532546367316736,1.9871877246336294
2024-04-10 17:00:00,580.032762519822,-1.1636563185323894,3.633908076281724,3.3069857224286325
2024-04-10 18:00:00,580.0023899433668,-0.8662515510471849,1.5198218245713928,3.924039783109072
2024-04-10 19:00:00,579.9714089640904,-0.06818576359000872,2.3830575518958756,3.663719247603828
2024-04-10 20:00:00,579.9398262643385,-0.2247770463679899,2.0920549568418765,3.232895825187563
2024-04-10 21:00:00,579.9076503791608,-0.7628949582434643,0.42061493689558477,3.874629642187125
2024-04-10 22:00:00,579.8748914152148,-2.515026529655188,1.5505350613167654,4.139600053123504
2024-04-10 23:00:00,579.8415600891144,-0.25311246158116774,5.1399294995338,3.5016228729330225
2024-04-11 00:00:00,579.8076677396966,-0.5773167640677457,1.9001412421636352,1.6695077822075053
2024-04-11 01:00:00,579.773226175858,-3.001753884762934,0.07274561731951454,1.5457820915854859
2024-04-11 02:00:00,579.7382475156819,-3.0195016045090597,-0.3687437489746541,0.1999978378017422
2024-04-11 03:00:00,579.7027444927201,-2.131755540465633,-0.7081240623040524,-0.8628648899503837
2024-04-11 04:00:00,579.6667305994572,-2.133619614344866,1.7556745695267855,-0.7087855546390952
2024-04-11 05:00:00,579.630220596284,-1.4113285369378445,0.548665726435215,-1.4275577857812412
2024-04-11 06:00:00,579.593230060811,-0.34855535231372414,-0.5510559715863578,-0.8236187369109496
2024-04-11 07:00:00,579.5557747629292,-3.0764409773807984,0.09360226434400812,-0.6229360498923421
2024-04-11 08:00:00,579.5178710646159,-3.960232052057563,3.1227051684243694,0.1296558190173821
2024-04-11 09:00:00,579.4795363274917,-2.4383510635811945,1.0439847925723456,0.8848299435171998
2024-04-11 10:00:00,579.4407892594537,-1.8497890722843522,-0.30502716889636694,1.4340269817270628
2024-04-11 11:00:00,579.4016500635216,1.4362365428477233,-2.9089947669427216,2.3711081605732955
2024-04-11 12:00:00,579.3621404285203,1.151136793641399,-5.628938207240121,3.0956609850784043
2024-04-11 13:00:00,579.3222832805988,0.34412024279060915,-6.76147851084803,2.455074987458738
2024-04-11 14:00:00,579.2821028841757,0.46126929717956955,-4.840935552592557,3.1175633712372206
2024-04-11 15:00:00,579.2416245438883,-1.3149304640777473,-4.760628453276467,3.2539343734659014
2024-04-11 16:00:00,579.2008750384106,-0.2080771325177011,2.2599729992895496,3.7472290948175693
2024-04-11 17:00:00,579.1598826748943,-1.3268533770450404,3.597384395941191,5.559586306209584
2024-04-11 18:00:00,579.1186767469196,-4.070012771245615,0.8888965910969794,5.802439433229035
2024-04-11 19:00:00,579.07728734652,-3.3417622229048902,1.5858000923790434,5.928674784005787
2024-04-11 20:00:00,579.0357454375804,-6.113878610174652,1.1588231768263106,6.269309995767891
2024-04-11 21:00:00,578.9940824022592,-4.8292650071739445,0.07139203154773442,6.173790573367014
2024-04-11 22:00:00,578.9523300154102,-3.4784108605006168,1.7482099596106602,5.617870885479796
2024-04-11 23:00:00,578.910520408647,-4.982541297068224,5.1447741205603625,4.44724676786086
2024-04-12 00:00:00,578.8686862306671,-3.431154568930765,2.3174722653928237,5.244996072870895
2024-04-12 01:00:00,578.8268603845722,-3.3615063877393823,0.3992857978675347,4.875360205299727
2024-04-12 02:00:00,578.7850756562015,-3.8123559395680786,-0.22751292915127713,3.5547932125178683
2024-04-12 03:00:00,578.7433646094302,-3.531306728243294,-0.5559232500259212,3.443865368839053
2024-04-12 04:00:00,578.701759451418,-3.3824286416322593,2.176903934860003,3.1937652553544154
2024-04-12 05:00:00,578.6602921586377,-2.6624626220858545,1.1143113561764832,3.0778591072717267
2024-04-12 06:00:00,578.6189946351873,-2.490745728417096,-0.3657788863141408,3.217529979544013
2024-04-12 07:00:00,578.5778984992593,-3.1617809117587967,0.49150946254907585,2.782372949950503
2024-04-12 08:00:00,578.5370343287298,-2.3569453601710393,3.205390033379209,3.514520998062086
2024-04-12 09:00:00,578.4964313945811,-1.0596255465547983,1.3130936358488527,4.540100516124761
2024-04-12 10:00:00,578.4561168359372,-2.7951679864900143,-0.2001044779949935,4.669155628547738
2024-04-12 11:00:00,578.4161155647918,-3.5479627310601245,-2.7518449551680337,5.303692121436356
2024-04-12 12:00:00,578.3764509541852,-4.522341439845377,-5.672986393051628,5.2988768787117735
2024-04-12 13:00:00,578.337144391927,-4.650590206793709,-6.802718099059038,5.086163913925752
2024-04-12 14:00:00,578.2982149565097,-3.9496994541228787,-5.298873611527885,5.8603581091411305
2024-04-12 15:00:00,578.2596798871439,-5.622768708698004,-5.075581832637153,5.768670654191259
2024-04-12 16:00:00,578.2215551066038,-6.569502056130432,1.9817411227923336,6.606205826734336
2024-04-12 17:00:00,578.1838552805941,-2.1317185707360977,3.556366901886722,4.541496388255252
2024-04-12 18:00:00,578.1465940757672,-2.1449571991549874,0.45738347513792554,4.320979648249764
2024-04-12 19:00:00,578.1097840340847,-2.2446868771121444,1.0279941738724843,4.2169086691550834
2024-04-12 20:00:00,578.073436186033,-2.7343757348284043,0.5237016013886392,5.817237947406692
2024-04-12 21:00:00,578.0375610117582,-1.873262019033973,-0.053314120769550284,4.429015128045329
2024-04-12 22:00:00,578.0021690880033,-2.3252013234476863,2.096453856822391,4.916578378622121
2024-04-12 23:00:00,577.9672720229353,-0.2958420387216165,5.283147206049983,3.2554228097364404
2024-04-13 00:00:00,577.9328833540169,-0.907661079938066,2.718667630007779,0.7261100959134777
2024-04-13 01:00:00,577.8990185256769,0.2562904139084594,0.6397113669561882,2.174979693458618
2024-04-13 02:00:00,577.8656946847045,0.15228867650603206,-0.08729013463329728,4.439306773422833
2024-04-13 03:00:00,577.8329306636019,-0.8766049427920279,-0.5426133640802311,5.726287643270329
2024-04-13 04:00:00,577.8007463925991,-0.9255140247990994,2.5004261045080076,6.554341527691955
2024-04-13 05:00:00,577.7691622626771,-1.1704500271731604,1.5542484444903955,7.337039320005553
2024-04-13 06:00:00,577.7381997712496,-2.095018881922215,-0.2229839601759243,4.229803070848554
2024-04-13 07:00:00,577.7078814664693,0.10930513189521207,0.759397923178442,3.6834154784571065
2024-04-13 08:00:00,577.6782311317517,0.23894628945356544,3.1675525125310817,3.315270066263625
2024-04-13 09:00:00,577.649273400038,-1.1006153262087537,1.425323161696746,4.116018764474055
2024-04-13 10:00:00,577.6210332837393,-1.619366020053235,-0.22134781399408843,4.419680550308032
2024-04-13 11:00:00,577.5935362592382,-0.620965156694524,-2.815908057848483,5.813336955304719
2024-04-13 12:00:00,577.5668077552461,-0.10438354476457334,-5.9235680523124765,2.0311438418309256
2024-04-13 13:00:00,577.5408727633785,2.935786043800249,-7.008517094996556,1.9718582878178923
2024-04-13 14:00:00,577.5157558907291,5.836641529230519,-5.756812741740889,2.4844153217812424
2024-04-13 15:00:00,577.4914822997315,3.1074848486797464,-5.465466906655202,2.306499758244042
2024-04-13 16:00:00,577.4680777823144,0.349644347091953,1.7151142124176637,1.15716365817599
2024-04-13 17:00:00,577.445568667002,-0.4549513137873191,3.559186551303402,-9.119803904518124
2024-04-13 18:00:00,577.4239819093808,-1.344230395818613,0.34358773269094967,-7.593339246253051
2024-04-13 19:00:00,577.4033450939385,-3.3894716539105048,0.7833875730085166,-7.897261013036581
2024-04-13 20:00:00,577.3836863744101,-2.482979469371685,0.2685687114176978,-7.129275616456208
2024-04-13 21:00:00,577.3650344575356,-1.1432204588043078,0.10339485058028854,-7.145208849311611
2024-04-13 22:00:00,577.3474178492214,1.3908290599301836,2.5887787609885313,-7.82702567014007
2024-04-13 23:00:00,577.3308646341405,-0.5448144467629845,5.670533577194745,-10.366583764572285
2024-04-14 00:00:00,577.3154026079543,-2.2572125923677504,3.1337579671196014,-13.621947982706077
2024-04-14 01:00:00,577.3010593640648,-1.3632966970698135,0.9582171127368303,-8.895979779731817
2024-04-14 02:00:00,577.2878621876127,0.6489114366728472,0.026630506650076644,-7.613404130935639
2024-04-14 03:00:00,577.2758379862702,3.960130893449332,-0.6452112675237017,-6.13075761219574
2024-04-14 04:00:00,577.2650132185463,0.7280792321324725,2.6350435018934255,-5.5381359525721825
2024-04-14 05:00:00,577.2554133725789,0.9008066779366573,1.7409282661965113,-4.297148316712045
2024-04-14 06:00:00,577.2470627117314,-0.5193749187438925,-0.22585049188373657,-5.381837301103656
2024-04-14 07:00:00,577.239984529878,0.8835235875650369,0.9245729406774499,-4.188081058120518
2024-04-14 08:00:00,577.2342008243562,-0.2756992752925953,3.246356400916031,-4.18485794997964
2024-04-14 09:00:00,577.229731667362,0.2880845395876577,1.3710862327769382,-2.9089024397266345
2024-04-14 10:00:00,577.2265950782327,1.1377605717963206,-0.2667453725564362,-3.3076102774725546
2024-04-14 11:00:00,577.2248070529085,-0.4637976854384078,-3.004536307076916,-2.6064730603932706
2024-04-14 12:00:00,577.2243815920576,0.02868263469088106,-6.414943926308117,-3.888120300440377
2024-04-14 13:00:00,577.2253311895937,-0.9228852207402269,-7.4858119912563845,-2.9866339775971005
2024-04-14 14:00:00,577.2276671103858,-1.4049683451383999,-6.405199859982123,-2.447498905265351
2024-04-14 15:00:00,577.231400177925,-0.6150332974300454,-5.999095794663766,-1.7972710858311454
2024-04-14 16:00:00,577.2365410567661,-1.4654318451109702,1.2790167757570368,-3.0001259874122037
2024-04-14 17:00:00,577.243100365256,0.06704270738782725,3.5365578178923203,-9.156700890536223
2024-04-14 18:00:00,577.251088590029,-1.7216025201695402,0.5854221924382084,-7.294908262297596
2024-04-14 19:00:00,577.260515771333,-2.622871264650257,0.8591784549123846,-6.91682296159498
2024-04-14 20:00:00,577.2713915094481,-2.027424097054677,0.4568592262019324,-7.030826638595364
2024-04-14 21:00:00,577.2837252875057,-2.0906478736104646,0.5430687410780428,-4.546146154973215
2024-04-14 22:00:00,577.2975261182885,-3.51956768089417,3.194243388390933,-4.582201825785276
2024-04-14 23:00:00,577.3128021948744,-3.2298986793773565,6.1267388574325015,-3.6596423729296537
2024-04-15 00:00:00,577.3295611248959,0.49149201408567933,3.7093360392838473,-3.56038917826536
2024-04-15 01:00:00,577.347809810761,-0.027858919896516454,1.3771352483186583,-4.077086139183077
2024-04-15 02:00:00,577.3675540506285,-0.4299596538097603,0.14370121370354244,-4.191295610522364
2024-04-15 03:00:00,577.3887982395352,0.5011696797594141,-0.6806710839824485,-3.519296835312003
2024-04-15 04:00:00,577.411544992135,0.7851622238297296,2.5847280881568384,-2.7214353041214974
2024-04-15 05:00:00,577.4357945018811,1.528826449546841,1.699942079345084,-1.3345630307729333
2024-04-15 06:00:00,577.4615433855605,1.3905340481975372,-0.3392881441987578,-0.11278928955922726
2024-04-15 07:00:00,577.4887846708975,0.49804686066750037,0.8917310959023714,-0.11856262746749507
2024-04-15 08:00:00,577.5175082098439,-0.9997241960423935,3.3391159809450897,-1.6168999947465592
2024-04-15 09:00:00,577.5477010474066,-1.3311335363393937,1.180281093359968,-2.1468486044271744
2024-04-15 10:00:00,577.5793476641771,-1.768661923081936,-0.338722374686012,-2.2019633664092826
2024-04-15 11:00:00,577.6124302055388,-1.932107138165975,-3.2720605643068432,-2.468262503065997
2024-04-15 12:00:00,577.6469288950207,-1.6788066312514047,-6.995080354867694,-0.4430419089016223
2024-04-15 13:00:00,577.6828224430866,-1.351441794900552,-8.085289246590037,-0.7260914015959936
2024-04-15 14:00:00,577.7200882643593,-0.9986967256645585,-7.103678985411198,-1.897712553283489
2024-04-15 15:00:00,577.75870275956,-2.0730199116786707,-6.58551457686903,-3.3301682710123734
2024-04-15 16:00:00,577.7986416713316,-1.946320399449064,0.6887199300009301,-2.731041201883447
2024-04-15 17:00:00,577.8398803695067,-1.7744081283379955,3.555700242993443,-3.781172484162096
2024-04-15 18:00:00,577.8823941249657,-1.430645952583518,1.0553829502432106,-3.187131122625401
2024-04-15 19:00:00,577.9261585911859,-0.9485686705086209,1.2351067502132547,-3.2626966708905285
2024-04-15 20:00:00,577.9711498265591,-0.6122628357294388,1.0774323505362182,-3.1863193413659547
2024-04-15 21:00:00,578.017344154806,-1.968383430109725,1.249252209532488,-3.548212934228779
2024-04-15 22:00:00,578.0647187923504,-1.0375883134383912,3.7918470282814867,-3.688977507193542
2024-04-15 23:00:00,578.113253467137,-1.9021353218499826,6.457987972700103,-2.2191061179871183
2024-04-16 00:00:00,578.1629301608699,-3.0894038667737505,4.384530415817174,-1.1980567099132624
2024-04-16 01:00:00,578.2137327161597,-1.8437614660876989,1.6493181357169966,-1.8592893857890387
2024-04-16 02:00:00,578.2656462427856,-2.0111010822495246,0.1767126326891017,-1.2612577932252755
2024-04-16 03:00:00,578.3186565636502,-3.082926065129868,-0.6911137256721501,-1.384616772848211
2024-04-16 04:00:00,578.3727503810029,-2.187880421904424,2.337463131032538,-1.3923330901310875
2024-04-16 05:00:00,578.4279150714441,-3.6499587672142297,1.5305470553729397,-2.168503359602787
2024-04-16 06:00:00,578.4841375849279,-3.1331794407840334,-0.43911113211157876,-2.1118470120323174
2024-04-16 07:00:00,578.5414046635536,-3.545604807678046,0.5886409001728902,-1.4644407560484956
2024-04-16 08:00:00,578.5997033922409,-4.133226256583498,3.3743554589717637,-2.050832594629199
2024-04-16 09:00:00,578.6590215302825,-2.421939037101879,0.9519924804233751,-2.02907497360413
2024-04-16 10:00:00,578.7193474123554,-2.6711354728489596,-0.47458790851799953,-2.7636240309885824
2024-04-16 11:00:00,578.7806694553685,-3.1102453430673904,-3.5146000445725245,-3.4558240677285945
2024-04-16 12:00:00,578.8429756859567,-3.1412546785177256,-7.575603100528211,-2.026117906910874
2024-04-16 13:00:00,578.9062540792537,-2.9867170140847747,-8.695019264955784,-1.9045178002130583
2024-04-16 14:00:00,578.9704923180091,-2.2724778805561527,-7.59469291566099,-2.4933215217919766
2024-04-16 15:00:00,579.0356774518393,-2.0177132656422145,-7.217877656236435,-2.420086529960688
2024-04-16 16:00:00,579.101796386744,-1.444429732333674,0.12888935989194064,-2.1462560143023
2024-04-16 17:00:00,579.168836457269,-4.699942101189322,3.7128581838874193,0.6382474600330117
2024-04-16 18:00:00,579.2367855711727,-4.188872433354163,1.5011638834366143,1.5709229787449146
2024-04-16 19:00:00,579.3056318749102,-4.033341033376814,1.7886498050082285,1.3590593534583093
2024-04-16 20:00:00,579.3753632985934,-5.210007791496082,1.8359720933875878,1.9086723995150803
2024-04-16 21:00:00,579.4459680878344,-4.466475476338587,2.040410380387666,1.2600970081164231
2024-04-16 22:00:00,579.5174344477866,-5.1100285223186575,4.324951148409806,1.907642926122213
2024-04-16 23:00:00,579.5897486377823,-2.319030461124953,6.706311946903125,1.3629698764395275
2024-04-17 00:00:00,579.6628945148595,-5.4440399148727465,5.06638725733241,1.3047581426808863
2024-04-17 01:00:00,579.7368536834133,-6.9214289599458425,1.8146635181125519,1.8799117584199705
2024-04-17 02:00:00,579.8116057706194,-4.317189346988357,0.11258344432017849,1.6130001320488017
2024-04-17 03:00:00,579.887128930102,-3.740188184076942,-0.7995156019806133,0.6325748559555376
2024-04-17 04:00:00,579.9633998211817,-2.6719660289678586,2.023308892293985,0.7752573154921198
2024-04-17 05:00:00,580.0403930707372,-2.0603243456250766,1.324003571831372,-0.13407229694351078
2024-04-17 06:00:00,580.1180806703029,-1.5183132422903327,-0.4214640395855227,0.5616966115729977
2024-04-17 07:00:00,580.1964328374328,-2.0806156159721922,0.21294354714933317,0.2812392313901511
2024-04-17 08:00:00,580.2754187830152,-0.3727207896328082,3.6685053318468186,-0.05120332522927775
2024-04-17 09:00:00,580.3550070914605,-2.712923437627637,0.8248298131561586,0.3430865330108971
2024-04-17 10:00:00,580.4351658474043,-0.895432257010043,-0.6688870774138364,-0.1508465129803481
2024-04-17 11:00:00,580.5158630720501,-0.5691124431676826,-3.7381027269529237,-0.8486479019295579
2024-04-17 12:00:00,580.597066908848,-1.6712428804784167,-8.193063561306467,2.3972395329368568
2024-04-17 13:00:00,580.6787454228265,-2.054708442965193,-9.356978114548044,2.162941134686661
2024-04-17 14:00:00,580.760867168182,-2.787502087385292,-7.931000531843694,1.0876354510469348
2024-04-17 15:00:00,580.8434010730022,-2.3943241657009366,-7.982495491424408,1.8534185841231807
2024-04-17 16:00:00,580.9263152758874,-1.9353796441228042,-0.3793317506338938,2.0083961188692947
2024-04-17 17:00:00,581.0095773425942,-2.8548223119487375,3.9643086172232467,2.890936352131313
2024-04-17 18:00:00,581.0931539161389,-1.8593339579356325,1.837515393255127,3.648664648541636
2024-04-17 19:00:00,581.1770111925443,-2.036354077984356,2.3204690475581216,3.398873837881849
2024-04-17 20:00:00,581.261115309259,-2.329538086865341,2.4771546031181924,2.961268174488116
2024-04-17 21:00:00,581.3454325355854,-2.2004743441434584,2.6039727284364727,3.531069080121653
2024-04-17 22:00:00,581.4299296068511,-2.3357374431082008,4.753371846561278,3.7724359896957043
2024-04-17 23:00:00,581.5145736951047,-1.5313365501298222,6.992248066331244,3.1945147886938083
2024-04-18 00:00:00,581.5993325212872,-0.8974191635435318,5.687737093853927,1.3903495484023443
2024-04-18 01:00:00,581.6841746080391,-0.2785018120281393,1.8681955683744396,1.2061316356145928
2024-04-18 02:00:00,581.7690696313373,-2.4694818662875377,0.05218769012082575,-0.2217754551705382
2024-04-18 03:00:00,581.8539888482321,-3.136449727546051,-0.8151685591877563,-1.0523705614982999
2024-04-18 04:00:00,581.9389052749963,-4.201958704209915,1.7905515542048471,-0.9174981249912366
2024-04-18 05:00:00,582.0237942809802,-4.160290857397399,1.1585645142390528,-1.662067937821838
2024-04-18 06:00:00,582.1086346141001,-4.231566902863392,-0.37478356475062236,-0.8622841464861187
2024-04-18 07:00:00,582.1934090984266,-4.168323002059083,-0.01048254425614023,-0.7146035521115052
2024-04-18 08:00:00,582.2781044559651,-4.102995726254562,4.151528352625426,-0.18663708233598283
2024-04-18 09:00:00,582.3627112311594,-3.910502019788055,0.7905560989543449,0.5872346896743578
2024-04-18 10:00:00,582.44722311723,-3.428890442805823,-0.8697441389859332,1.0614114645617752
2024-04-18 11:00:00,582.5316366088318,-3.959718214390932,-3.8488766273323325,2.086958232891283
2024-04-18 12:00:00,582.615950446188,-4.285766014544151,-8.757535102462827,2.7673506708190967
2024-04-18 13:00:00,582.7001643272681,-3.7301989316798654,-9.864699919365666,2.154734523777372
2024-04-18 14:00:00,582.7842785104021,-5.832014805557378,-8.130467086218571,2.888203381373896
2024-04-18 15:00:00,582.8682941135544,-2.645131062664518,-8.657726080595626,3.0845630297056674
2024-04-18 16:00:00,582.9522132265911,-4.236698009901829,-0.7977697489840465,3.602254532294756
2024-04-18 17:00:00,583.0360385304675,-1.527687183824355,4.229705467352495,4.97194318600444
2024-04-18 18:00:00,583.1197730049594,0.364523013846906,2.067385428982761,5.318318552210907
2024-04-18 19:00:00,583.2034200171355,0.6739243228532814,2.601121403092867,5.481534256918398
2024-04-18 20:00:00,583.2869833670485,-0.3823278325122601,2.7855388127226517,5.739805652741119
2024-04-18 21:00:00,583.3704677050138,1.6584984723365324,2.8386082173144143,5.642425605335238
2024-04-18 22:00:00,583.4538789324489,-0.2155807186952643,4.977198317831858,5.094503468414446
2024-04-18 23:00:00,583.5372255426623,-2.975799152188415,7.055143886793893,3.993429722732185
2024-04-19 00:00:00,583.6205180087286,0.6033223741516167,5.735200218117841,4.9009593990019225
2024-04-19 01:00:00,583.7037681353144,-0.2015714290350843,1.62706584300707,4.540737450713613
2024-04-19 02:00:00,583.7869880515156,0.3311789624303856,0.08811931664529453,3.193713669408847
2024-04-19 03:00:00,583.8701895727025,0.25202491783511505,-0.6304154393526037,3.248200948815023
2024-04-19 04:00:00,583.9533840399126,-1.6571550173620153,1.861728036199435,2.9920429412499012
2024-04-19 05:00:00,584.0365823061117,-0.47380346383192773,1.2501230205821405,2.8870981371381497
2024-04-19 06:00:00,584.1197957313312,-1.8490640840225296,-0.2631108951967098,3.2323792478879922
2024-04-19 07:00:00,584.2030361628547,-0.8462048332419272,0.022727431446906442,2.9604412389403634
2024-04-19 08:00:00,584.2863154172027,-2.545747359925258,4.5296192190911855,3.459812723631435
2024-04-19 09:00:00,584.3696452896722,2.0307237216152316,0.8985627722490603,4.391068216463482
2024-04-19 10:00:00,584.4530381185766,2.011194434820027,-1.0225323644549522,4.5182998110583545
2024-04-19 11:00:00,584.5365068625201,2.1877360644095916,-3.7879772801401255,5.183734353210444
2024-04-19 12:00:00,584.6200652769329,2.3958199533653897,-9.124953349742885,5.139068119444543
2024-04-19 13:00:00,584.7037281311468,2.010287296573665,-10.000512361094103,4.886496933373664
2024-04-19 14:00:00,584.787510423114,2.402577158270674,-8.071820927341834,5.701733345957273
2024-04-19 15:00:00,584.8714271804613,2.2876954731156047,-8.892927229790704,5.583804576213911
2024-04-19 16:00:00,584.9554926488241,2.990914366735751,-0.9210035610526522,6.504596545492701
2024-04-19 17:00:00,585.0397192410462,4.259037151667599,4.341481960206269,4.4397616470799965
2024-04-19 18:00:00,585.1241178091354,3.988350983125997,2.0493326676634602,4.318198540075189
2024-04-19 19:00:00,585.2086977692557,4.6408906489830315,2.551615802445832,4.298795779315594
2024-04-19 20:00:00,585.2934668989473,5.299794030189446,2.727617310797565,5.989121760065737
2024-04-19 21:00:00,585.378430924645,6.034149544396996,2.8253357274737456,4.602083803484217
2024-04-19 22:00:00,585.4635933657541,5.024014540844519,4.872422835629645,5.069969257771561
2024-04-19 23:00:00,585.548956807762,5.82579017711987,6.828830004923496,3.466423010194658
2024-04-20 00:00:00,585.6345244233346,6.459598254825892,5.317741181903413,1.2281361399360777
2024-04-20 01:00:00,585.7203004197391,5.8955494624817675,1.3983019591312154,2.525848158647791
2024-04-20 02:00:00,585.806289504023,5.922291790964664,0.32295439172463164,4.588464313287733
2024-04-20 03:00:00,585.8924964626374,6.517918069579878,-0.3415863657911831,5.881171833573969
2024-04-20 04:00:00,585.9789256490129,6.736929023402695,2.0955194385052742,6.648625889079239
2024-04-20 05:00:00,586.0655811992843,7.0223200573761915,1.547169765238249,7.214928978101277
2024-04-20 06:00:00,586.1524661073652,8.642577043186861,0.07156675934898642,4.323390090098942
2024-04-20 07:00:00,586.2395818718949,7.895585856862908,0.15599045896751618,3.708841812274677
2024-04-20 08:00:00,586.3269285698274,7.893384049549127,4.946517662556468,3.43316971806696
2024-04-20 09:00:00,586.4145050539648,6.334511916750557,1.0953770835001029,4.235605945784506
2024-04-20 10:00:00,586.5023090442392,5.913535776854815,-1.3191474750235945,4.653302653929627
2024-04-20 11:00:00,586.590337294083,5.195689021455678,-3.819432481464686,5.933406165925908
2024-04-20 12:00:00,586.6785852331444,5.557334682205806,-9.342961758695072,2.5470418433449638
2024-04-20 13:00:00,586.7670473444861,5.330911968787177,-10.043392046949723,2.625432733676449
2024-04-20 14:00:00,586.8557168520512,6.147940083834783,-8.0038469056173,3.0101899697312464
2024-04-20 15:00:00,586.944585569523,4.216507652034011,-8.807812697820633,2.7867194762635443
2024-04-20 16:00:00,587.0336435856505,5.009176566717315,-0.8038254590367655,1.5310053066689184
2024-04-20 17:00:00,587.1228792568478,6.9930196616428475,4.240533520293512,-8.676432438784264
2024-04-20 18:00:00,587.2122798104068,5.005761101189478,1.7894740838775973,-7.297514995473912
2024-04-20 19:00:00,587.3018311402036,5.188487770530969,2.2648208280631494,-7.7151397387978
2024-04-20 20:00:00,587.3915171075981,6.175758865164994,2.4336304519651213,-6.790906424728137
2024-04-20 21:00:00,587.481319748255,6.25506067421486,2.6183502722150283,-6.7347306946849494
2024-04-20 22:00:00,587.5712202374067,7.0930999040770075,4.528505309127566,-7.582825450611314
2024-04-20 23:00:00,587.6611978505983,8.911238086292883,6.459208389120537,-9.921644326011759
2024-04-21 00:00:00,587.7512298368625,13.971971629946893,5.014175842238144,-13.027377309047576
2024-04-21 01:00:00,587.8412921968373,12.86731338301638,1.2849081973272987,-9.043513777181033
2024-04-21 02:00:00,587.9313606599695,18.012937154055066,0.7045743026243191,-7.6788721166489315
2024-04-21 03:00:00,588.0214116380646,15.97148024273622,0.05870442511891896,-5.961596305919619
2024-04-21 04:00:00,588.1114224061123,15.020876103052387,2.568477687427548,-5.19077619659217
2024-04-21 05:00:00,588.2013712374148,15.69554503254983,1.9913679419636643,-4.128284211928355
2024-04-21 06:00:00,588.291237203695,19.689393835373153,0.5912275875177528,-5.211858626585959
2024-04-21 07:00:00,588.3809997276833,16.45620334037767,0.4158935953454256,-3.913096663406324
2024-04-21 08:00:00,588.4706384897885,15.710701421086583,5.392791872986528,-3.9841317838615793
2024-04-21 09:00:00,588.5601330868305,13.746408801321081,1.3243654411299888,-2.7209073292816197
2024-04-21 10:00:00,588.6494631266629,15.059884662879654,-1.6275600346261891,-3.0917877549163526
2024-04-21 11:00:00,588.7386080246698,14.72842734785388,-3.9780424035570316,-2.438992968966698
2024-04-21 12:00:00,588.8275474559813,13.341015979701979,-9.49719643170842,-3.5013670039748495
2024-04-21 13:00:00,588.9162610004602,11.320334192011842,-10.12753658716988,-2.5990586053021625
2024-04-21 14:00:00,589.0047284297815,11.615027522759988,-7.884881012422336,-1.964874940119269
2024-04-21 15:00:00,589.092929865911,12.561869601626768,-8.753074146885027,-1.4017253206526286
2024-04-21 16:00:00,589.1808459411405,12.17419719266502,-0.6667824023099093,-2.6982607314956453
2024-04-21 17:00:00,589.2684578174302,1.9201092086384506,4.012400575254971,-9.140967601323753
2024-04-21 18:00:00,589.3557466609218,1.1524644146898027,1.4173589737460086,-7.185570049357548
2024-04-21 19:00:00,589.4426931161632,0.651355375902881,1.8493330839154427,-6.903381575981585
2024-04-21 20:00:00,589.5292779358517,-0.7019138999391998,1.9500686594287042,-7.04743269534113
2024-04-21 21:00:00,589.6154819711592,-1.8760965495763458,2.102957631713583,-4.752343053296387
2024-04-21 22:00:00,589.7012854537907,-0.5224364343300749,4.041565075002138,-4.590414094462713
2024-04-21 23:00:00,589.7866681490707,-0.28101042193975445,6.072452130858662,-3.5181098579896766
2024-04-22 00:00:00,589.8716093867814,-3.7429110130744903,4.54310929654229,-3.391807670249304
2024-04-22 01:00:00,589.9560880509523,-2.4743567808208127,1.1113037733429936,-3.903035043474432
2024-04-22 02:00:00,590.0400830861493,-1.046500253833301,0.987986417379772,-3.9415692496956614
2024-04-22 03:00:00,590.1235739804292,-0.04832080310438869,0.3546968931836632,-3.2299500705085222
2024-04-22 04:00:00,590.2065411347168,-0.09349065004255408,3.185492796250602,-2.4585432809248458
2024-04-22 05:00:00,590.288965635142,-0.7203853647584992,2.471904202820088,-1.0304844732035194
2024-04-22 06:00:00,590.3708290313282,-2.1322178857744802,1.2678357389166461,-0.02644688447039998
2024-04-22 07:00:00,590.4521135752597,-0.5135831351193474,0.8475819329341866,0.07388762692554555
2024-04-22 08:00:00,590.5328022161991,-1.0105429828162187,5.9364977934046115,-1.468757026787455
2024-04-22 09:00:00,590.6128783495268,-0.23166014758191977,1.5625815675388546,-1.883799769483697
2024-04-22 10:00:00,590.6923257344804,1.400254848219106,-1.769085116223067,-2.0934954664764027
2024-04-22 11:00:00,590.771128456156,2.736787260681922,-4.037199690463404,-2.32071602637458
2024-04-22 12:00:00,590.8492709628819,4.210122631526133,-9.363122098712779,-0.25627149569511876
2024-04-22 13:00:00,590.926738111878,2.7094231809181792,-10.050315915611863,-0.5558453771842663
2024-04-22 14:00:00,591.0035151828389,2.432754462148978,-7.677449717228695,-1.8888199277591304
2024-04-22 15:00:00,591.0795873869497,3.288331165831096,-8.57754082870346,-3.250377724077283
2024-04-22 16:00:00,591.1549397669731,3.302749017053088,-0.3556948965149993,-2.7719938875111505
2024-04-22 17:00:00,591.2295571957171,-0.9046725280829833,3.62167692070476,-3.6465615883388995
2024-04-22 18:00:00,591.3034244298574,-0.9434293907596611,1.0928479765374879,-3.102843015635201
2024-04-22 19:00:00,591.3765261910523,-1.0023348937463652,1.4542411309964542,-3.208432428302394
2024-04-22 20:00:00,591.4488472087095,-1.0147942283214206,1.37338674841381,-3.1674397288019085
2024-04-22 21:00:00,591.520372607325,-0.24900255920897507,1.4395274971682765,-3.6208975452842824
2024-04-22 22:00:00,591.5910872611344,-1.150984883975866,3.530093617918202,-3.5501959950766593
2024-04-22 23:00:00,591.6609750308083,-0.4226081009231848,5.7623762611107905,-2.070743190995994
2024-04-23 00:00:00,591.7300184940971,-1.8680978043423693,3.8929691688200974,-0.9748898585747668
2024-04-23 01:00:00,591.7981990760901,-0.5099880711586593,0.8762668671821257,-1.5044778721136152
2024-04-23 02:00:00,591.8654974566832,0.23212980856828835,1.1614985501743316,-0.9091258154258525
2024-04-23 03:00:00,591.9318938340613,-0.9674923760333058,0.5146705875524977,-1.0090720455803883
2024-04-23 04:00:00,591.9973683342395,-1.0828934332491826,3.6944513208609457,-0.9789262218512008
2024-04-23 05:00:00,592.0619013928349,-0.4617476924221364,2.8228861011998654,-1.8230398016125917
2024-04-23 06:00:00,592.1254742625049,-0.12103048347148615,1.842626019010808,-1.897069798044138
2024-04-23 07:00:00,592.1880686560077,-0.6092145420473116,1.1974731524027573,-1.3263272663629793
2024-04-23 08:00:00,592.2496672661961,-0.09177987242173913,6.3202451915963795,-1.9281325853708517
2024-04-23 09:00:00,592.310254392483,0.18559579570467122,1.7397557217234147,-1.9056059099110305
2024-04-23 10:00:00,592.3698160233157,-2.2173657445609933,-1.7738068072736606,-2.7386434714810086
2024-04-23 11:00:00,592.4283400528271,-1.1428885325425426,-3.9403932027794575,-3.4950583175051904
2024-04-23 12:00:00,592.4858164236836,-1.665611351730604,-9.085662341366255,-2.184542730586715
2024-04-23 13:00:00,592.5422369148965,-1.2677806792236197,-9.819637105578192,-2.0548191300947636
2024-04-23 14:00:00,592.5975953794702,-1.7620720618642736,-7.372842292723005,-2.4226810248830395
2024-04-23 15:00:00,592.651887480435,-1.1682697989141388,-8.082118604406215,-2.3114990771146346
2024-04-23 16:00:00,592.7051107156701,-1.521690914733199,0.1516339669155671,-1.8650537678525179
2024-04-23 17:00:00,592.7572641497028,-2.475114484492792,2.9868622107042637,0.49098812408572406
2024-04-23 18:00:00,592.8083471480659,-2.367756173007024,0.6886270072848719,1.5507820176563047
2024-04-23 19:00:00,592.8583588686532,-2.3478424321682496,1.0109465381447644,1.3285370253702904
2024-04-23 20:00:00,592.9072980376092,-2.089699159975794,0.7687432946836816,1.9436578276829224
2024-04-23 21:00:00,592.9551630767432,-1.6846066732802,0.9329550203261247,1.0964885762107237
2024-04-23 22:00:00,593.0019526962162,-2.687471700300989,3.078779431774503,1.69673957231031
2024-04-23 23:00:00,593.047667487526,-1.3866660293451787,5.451299590835687,1.0176989509835015
2024-04-24 00:00:00,593.0923101320799,-0.11004126269438075,3.369666484817246,1.0080646457972762
2024-04-24 01:00:00,593.1358848591711,0.583815265933481,0.7525986542638068,1.6877012206315458
2024-04-24 02:00:00,593.178397060174,0.6616990433439014,1.3993997188705272,1.4205041776115233
2024-04-24 03:00:00,593.219853818024,1.7069745770794498,0.5778098840158333,0.26536172088068843
2024-04-24 04:00:00,593.2602637984743,0.9747337988833351,3.980614211304697,0.4443881913376732
2024-04-24 05:00:00,593.299636446895,1.1480858857279372,2.8963683165877754,-0.37409064921067076
2024-04-24 06:00:00,593.3379820404489,0.6837985142851721,2.184571681984954,0.4036477632810149
2024-04-24 07:00:00,593.3753114265977,-0.9550478209370112,1.2756817015942685,0.004054692745029467
2024-04-24 08:00:00,593.4116353534383,-0.5194372802775433,6.68705538501192,-0.259253458172689
2024-04-24 09:00:00,593.446964024153,-2.004292903718124,1.9448923790582036,0.07243650050706425
2024-04-24 10:00:00,593.4813068729741,-1.6497617218709593,-1.6515229326158907,-0.4000222184872745
2024-04-24 11:00:00,593.5146709389733,-2.203732052580449,-3.7913306826672013,-1.0296082037256675
2024-04-24 12:00:00,593.5470621704527,-2.7600946573351166,-8.809172527087018,2.3022050139694303
2024-04-24 13:00:00,593.5784857157983,-2.132761263997395,-9.68508732850501,2.099362876704217
2024-04-24 14:00:00,593.608944670107,-1.4616821797011426,-7.105712437135478,0.8784499467295727
2024-04-24 15:00:00,593.6384407299817,-1.1294742701451241,-7.453608263069852,1.7646418032334423
2024-04-24 16:00:00,593.6669741551295,-1.129602769901112,0.6516434770675648,1.9309851377040212
2024-04-24 17:00:00,593.694543958621,2.8047361252123437,2.2589323782321578,2.261787537934459
2024-04-24 18:00:00,593.7211484916288,0.8098941208697852,0.16141820800479212,3.1475391794966585
2024-04-24 19:00:00,593.7467858207029,0.8037008987182617,0.48258748741484,2.926925793163917
2024-04-24 20:00:00,593.7714538892689,-0.3268209166088809,0.1524766014181219,2.7428904259219067
2024-04-24 21:00:00,593.795150063456,-1.3073770790211938,0.4919053030245237,3.0703217125405855
2024-04-24 22:00:00,593.8178716977096,-0.206830127216449,2.7055588153054755,3.293399614201347
2024-04-24 23:00:00,593.8396139518468,-2.717363968749055,5.161444159594047,2.8563058573082327
2024-04-25 00:00:00,593.8603704368428,0.27414978769388654,3.33908960672891,1.0663901687344273
2024-04-25 01:00:00,593.8801335985537,1.0824683227847345,0.6916676943681282,0.9257303842935042
2024-04-25 02:00:00,593.8988942374691,0.4648408974148879,1.6113984210883419,-0.5451335559723571
2024-04-25 03:00:00,593.9166419151413,0.210960114954446,0.6070894063923887,-1.2346914364881396
2024-04-25 04:00:00,593.9333639247171,1.3473407518087015,4.156152678519546,-1.0868573550453715
2024-04-25 05:00:00,593.9490446294935,0.9099880403556426,2.7238460600912036,-1.8128787299404134
2024-04-25 06:00:00,593.9636652618657,1.6136927319225833,2.518910697748011,-0.8762686915361945
2024-04-25 07:00:00,593.977204536776,2.4082906298253874,1.2202362767769452,-0.7157314433783311
2024-04-25 08:00:00,593.9896386146147,1.2712528696395111,7.210089724370972,-0.44098120862524753
2024-04-25 09:00:00,594.0009411118957,2.3329793266685783,2.146948188289329,0.3391313731464358
2024-04-25 10:00:00,594.0110833806662,1.8150805725059627,-1.2974078483705753,0.7512438951983744
2024-04-25 11:00:00,594.0200347902074,1.0062845652212218,-3.5938623920461352,1.7375430366174491
2024-04-25 12:00:00,594.0277634076713,2.126643117859203,-8.338627189863036,2.3542206643324843
2024-04-25 13:00:00,594.0342363888259,1.7233420874405283,-9.791454194824334,1.7338757185580076
2024-04-25 14:00:00,594.039420354128,-0.2804860078757656,-6.726720659843005,2.577786313590757
2024-04-25 15:00:00,594.0432825712269,0.02465477370753888,-6.873488561689605,2.855551216755044
2024-04-25 16:00:00,594.0457913932806,0.49799350850275914,1.104288182986958,3.4319269152297394
2024-04-25 17:00:00,594.0469170813603,2.8171767098492637,1.8133634076357301,4.30254280115465
2024-04-25 18:00:00,594.0466328628263,5.269497691790548,-0.20503002247314409,4.768899467856273
2024-04-25 19:00:00,594.0449153574361,5.175287753222733,0.09807981942420649,5.001717069916976
2024-04-25 20:00:00,594.0417441674182,5.057069553775932,-0.2964712812552679,5.107657560061186
2024-04-25 21:00:00,594.0371020685707,4.900196855482136,0.0006736894353357101,5.102027386511848
2024-04-25 22:00:00,594.0309750007885,4.2968104686229935,2.2924063346918935,4.589808195896608
2024-04-25 23:00:00,594.0233517586151,5.616507357528576,4.8333171876496355,3.536823696206614
2024-04-26 00:00:00,594.0142240041125,3.232504095794866,3.0057916291092655,4.417480270983382
2024-04-26 01:00:00,594.0035862649355,2.4060755541988783,0.5115858632985465,4.088752317566974
2024-04-26 02:00:00,593.9914358141589,1.4647410317222693,1.6931569557145205,2.820666198404464
2024-04-26 03:00:00,593.977773194033,3.058603761031918,0.6991545882982031,2.9944684566368456
2024-04-26 04:00:00,593.9626025880257,2.41664540079762,4.135119677651149,2.755632333525586
2024-04-26 05:00:00,593.945931582892,4.308166256359527,2.3916831254954607,2.634219035253042
2024-04-26 06:00:00,593.9277706093765,3.0212508017983737,2.569942686483219,3.261035902341856
2024-04-26 07:00:00,593.9081326465343,4.272592920209831,0.9992247866459676,3.080049646609789
2024-04-26 08:00:00,593.8870332762089,3.6968468699823234,7.632757806341151,3.483362047467688
2024-04-26 09:00:00,593.8644906283455,2.2726277149703265,2.278067880040485,4.20481377664376
2024-04-26 10:00:00,593.8405254430731,2.840683105099288,-0.7399880449382696,4.358779496765776
2024-04-26 11:00:00,593.8151609917694,3.3230403755744646,-3.1773908739305443,5.049189506586714
2024-04-26 12:00:00,593.7884229209219,5.483806882081012,-7.847358953864061,4.995129150861033
2024-04-26 13:00:00,593.7603392709776,5.1154721232429665,-9.725314981287326,4.679503587066789
2024-04-26 14:00:00,593.7309404082791,4.467932407678745,-5.986674675295929,5.487801859338139
2024-04-26 15:00:00,593.7002584235087,4.750002448477403,-6.272203612776733,5.3319427407906375
2024-04-26 16:00:00,593.6683260934433,5.69222850448773,1.834327251732662,6.295118150336325
2024-04-26 17:00:00,593.6351764669015,1.2604844877459982,1.64426552468201,4.460073520670503
2024-04-26 18:00:00,593.6008430080767,1.3262582610618665,-0.38786792733447084,4.550766658195971
2024-04-26 19:00:00,593.5653597072651,1.6104579784745283,-0.09480107653369989,4.618983390794179
2024-04-26 20:00:00,593.5287612352466,2.177737622744985,-0.5378822975153366,6.301383439523765
2024-04-26 21:00:00,593.4910824572781,3.6752348384491142,-0.5323204616288955,4.856003165901653
2024-04-26 22:00:00,593.4523576164978,3.143361840798434,1.824504367393593,5.289776175310205
2024-04-26 23:00:00,593.4126201963811,4.387717357352926,4.55628705101387,3.653375395252072
2024-04-27 00:00:00,593.3719032089658,6.044558685421407,2.451550835337834,1.8219872702750413
2024-04-27 01:00:00,593.3302390947586,4.630012000803276,0.29643102552632794,2.8733178789118923
2024-04-27 02:00:00,593.2876597463326,6.020850742781931,1.7112727161765802,4.710216794708869
2024-04-27 03:00:00,593.2441956981471,4.358196944324959,0.7062517610617334,5.961355596466156
2024-04-27 04:00:00,593.1998756783829,5.467248704175972,3.6308040508923396,6.682071566548778
2024-04-27 05:00:00,593.154726836046,3.1798065068718415,2.0977152105082086,7.097751446573803
2024-04-27 06:00:00,593.1087755540763,5.382439753795438,2.379470411810916,4.529314280317415
2024-04-27 07:00:00,593.0620480101783,4.108357671192039,0.7128398680794061,3.8767544505502936
2024-04-27 08:00:00,593.0145705901988,5.928513237124548,7.6164929457992505,3.580423226877421
2024-04-27 09:00:00,592.9663707743044,6.312083558174891,2.217879352889934,4.313666314630746
2024-04-27 10:00:00,592.9174767133625,6.611093860257029,-0.5285755959376232,4.8600050223180356
2024-04-27 11:00:00,592.867916232485,6.0096454428149855,-2.888577571068854,5.9710158957689075
2024-04-27 12:00:00,592.8177181849296,3.6354391018188608,-7.3826296763630195,2.969472389614402
2024-04-27 13:00:00,592.7669126850465,3.014341614302225,-9.216323966636969,3.2150696672883177
2024-04-27 14:00:00,592.7155298617348,4.348260303904453,-5.168851193503372,3.4550610278640743
2024-04-27 15:00:00,592.6635980223349,5.244696888070166,-5.782473323661902,3.204178413256871
2024-04-27 16:00:00,592.611142903289,2.859241051651793,2.7002398145653403,1.8593762304938883
2024-04-27 17:00:00,592.5581879823085,2.384106093182254,1.6325436821238586,-8.454837757614554
2024-04-27 18:00:00,592.5047544941432,2.4007745171149963,-0.4585941756585267,-7.066934835599649
2024-04-27 19:00:00,592.4508615327827,2.772432384412923,-0.1818237261375233,-7.611470191058193
2024-04-27 20:00:00,592.396526274549,2.6962189244655974,-0.6513799054495655,-6.521365293565171
2024-04-27 21:00:00,592.3417641241612,5.223883802694104,-0.9458923127713853,-6.469755614083801
2024-04-27 22:00:00,592.2865879801755,8.215884491886186,1.3694495814120298,-7.411922053473593
2024-04-27 23:00:00,592.231007732538,11.523953383329513,4.386692802342012,-9.571653918209583
2024-04-28 00:00:00,592.1750304836415,14.052845996376618,1.8646930564992568,-12.442569536517421
2024-04-28 01:00:00,592.1186608343246,13.335922086631399,0.19404712037501037,-9.288630041330922
2024-04-28 02:00:00,592.0619008476923,15.27014865409376,1.7791524986100233,-7.701202000396168
2024-04-28 03:00:00,592.0047504174694,14.943032551439387,0.5369022104473072,-5.814685179356216
2024-04-28 04:00:00,591.9472071047417,15.708234596370744,2.953154987986067,-4.888596689098427
2024-04-28 05:00:00,591.8892658901184,16.00361788149803,1.554034045233244,-3.9669178168497
2024-04-28 06:00:00,591.8309193408132,17.799996965951323,2.177692049863158,-5.0686083566276965
2024-04-28 07:00:00,591.7721576914859,15.60890853540775,0.506892772334407,-3.65795899922793
2024-04-28 08:00:00,591.7129688115026,12.672704895354741,7.240030729709803,-3.865704436567198
2024-04-28 09:00:00,591.6533395096201,12.867652972515884,2.1548090435441813,-2.665801525680182
2024-04-28 10:00:00,591.5932563931336,14.521913242888218,-0.5607294487677502,-2.9544401872540744
2024-04-28 11:00:00,591.5327058811595,13.62352045607031,-2.756828924539898,-2.369397412689845
2024-04-28 12:00:00,591.4716743419233,8.409301843120602,-6.827663748085768,-3.163312436958162
2024-04-28 13:00:00,591.4101483484286,6.640069511254865,-8.549468367273596,-2.2807494924098495
2024-04-28 14:00:00,591.3481142986825,5.45121270642835,-4.3529875261086985,-1.5563394790022362
2024-04-28 15:00:00,591.2855574728717,6.376294567523132,-5.072516542334442,-1.1093354980602648
2024-04-28 16:00:00,591.2224626651806,4.249303031334762,3.1739623138288398,-2.525728010344156
2024-04-28 17:00:00,591.1588139302931,0.3222318350160549,1.7644423465263441,-9.145488111835563
2024-04-28 18:00:00,591.0945954584888,-0.281143452479796,-0.2855296835408336,-7.027922322468136
2024-04-28 19:00:00,591.0297920275767,-0.7112864194780286,-0.03544991852493088,-6.853055689573824
2024-04-28 20:00:00,590.96438840195,-1.0466396834004854,-0.6049030657299399,-7.112845652819574
2024-04-28 21:00:00,590.8983698260627,-2.0453948065378427,-1.0068296189586825,-5.086145400566098
2024-04-28 22:00:00,590.8317223844175,-1.1976837785276757,1.0298911871704504,-4.6739297930602834
2024-04-28 23:00:00,590.7644333559965,-0.4911671500610737,4.12087100302861,-3.394137208964074
2024-04-29 00:00:00,590.696490802045,-0.8061318949048655,1.357376503231835,-3.207735410372027
2024-04-29 01:00:00,590.6278831264401,-0.6239876489593144,0.16333683150909734,-3.647232308989931
2024-04-29 02:00:00,590.5585990206771,-0.6611100534764773,1.8607905261052455,-3.6382794933058986
2024-04-29 03:00:00,590.4886274189565,0.7500143191684856,0.3748884101923934,-2.8335301483174553
2024-04-29 04:00:00,590.4179572242974,1.9506004664349348,2.3724588698078386,-2.081016560540202
2024-04-29 05:00:00,590.3465776926204,3.2416700841110924,0.9244840100587775,-0.7127317867902566
2024-04-29 06:00:00,590.274478994763,4.212997993947056,1.9614873293094117,0.06103568198054485
2024-04-29 07:00:00,590.201651881571,2.9973309454888977,0.27768680202887736,0.2633303709112437
2024-04-29 08:00:00,590.1280870465258,4.1924214935899045,6.816797452410707,-1.2573059925264358
2024-04-29 09:00:00,590.0537751556277,3.8407134707656496,1.934171474784045,-1.638660101177366
2024-04-29 10:00:00,589.9787070093694,3.5428702040184135,-0.7963260074172804,-1.965251205970539
2024-04-29 11:00:00,589.9028738177684,4.09795211559765,-2.8835938560732153,-2.2072320772929785
2024-04-29 12:00:00,589.8262672238717,-0.06972420275837976,-6.5276699183853095,0.011126897271990534
2024-04-29 13:00:00,589.748879267367,-1.1314533067109096,-8.052843951471255,-0.30458200918488254
2024-04-29 14:00:00,589.6707025780843,-3.905914334597014,-3.6559914306790446,-1.8087968128083092
2024-04-29 15:00:00,589.591730285025,-2.8415058144622662,-4.378576060260433,-3.1016484103023156
2024-04-29 16:00:00,589.5119565650814,-3.8700637970754315,3.479826145125277,-2.751718913131191
2024-04-29 17:00:00,589.4313766562929,-9.077324116767045,2.0271828235342157,-3.35123536305998
2024-04-29 18:00:00,589.3499863873358,-10.547826229260068,0.2484541371725688,-2.8606142952482396
2024-04-29 19:00:00,589.2677820805684,-10.331115540986275,0.42413301937939457,-2.9707995589614695
2024-04-29 20:00:00,589.1847602625597,-9.981153009961986,-0.32009354615669217,-2.943513706440976
2024-04-29 21:00:00,589.1009179716747,-12.228909634805518,-0.8816795865614409,-3.5003287503077303
2024-04-29 22:00:00,589.016253842235,-12.641230777758551,0.713681022282425,-3.2687040867588646
2024-04-29 23:00:00,588.930769470363,-10.54136290572103,3.658503383299194,-1.7379099479411426
2024-04-30 00:00:00,588.8444697364488,-11.507827059613192,1.0398686565463167,-0.6665113333818418
2024-04-30 01:00:00,588.7573634191343,-11.257011564522259,0.25383329888073425,-1.0341851534928341
2024-04-30 02:00:00,588.6694632313519,-10.20068243260448,1.8689920878309008,-0.43777288657829605
2024-04-30 03:00:00,588.5807862598182,-9.41265175355204,0.28564880424358075,-0.5237833105098251
2024-04-30 04:00:00,588.4913533272778,-10.561244712394341,1.8896140216680155,-0.4897226365514453
2024-04-30 05:00:00,588.401188208721,-5.706202486488564,0.34695058969603065,-1.3719363119284802
2024-04-30 06:00:00,588.3103171916863,-9.64495281713971,1.765711429194137,-1.6310758037407562
2024-04-30 07:00:00,588.2187687490322,-10.071516237885021,0.03418486356034332,-1.121437374707486
2024-04-30 08:00:00,588.1265731797384,-7.406176804112988,6.2926594004987555,-1.7430557761243024
2024-04-30 09:00:00,588.0337618210641,-9.000898370387404,1.597707214196456,-1.6905706648731074
2024-04-30 10:00:00,587.9403666994176,-7.508100944550961,-1.1115535199214674,-2.6607122349452377
2024-04-30 11:00:00,587.8464201971162,-7.7037714375608175,-3.1891290526569183,-3.453519706898552
2024-04-30 12:00:00,587.7519552061009,-9.214293275224804,-6.386446774635031,-2.3512151562411123
2024-04-30 13:00:00,587.6570054573534,-8.931941042044059,-7.634667308188616,-2.1703971071208494
2024-04-30 14:00:00,587.5616061764504,-10.330354641129816,-3.187388405709105,-2.27386312961142
2024-04-30 15:00:00,587.4657959755724,-9.85506854637913,-3.9319835200852324,-2.0987439091080065
2024-04-30 16:00:00,587.3696159060484,-11.06645775553659,3.7271169312190424,-1.5302750817308453
2024-04-30 17:00:00,587.2731087885014,1.1228899319839911,2.506261997201516,0.32773928231310084
2024-04-30 18:00:00,587.176318391417,3.632817430307682,1.005345675615579,1.5455185026597356
2024-04-30 19:00:00,587.079288678391,3.7831242324743926,1.1034481814689565,1.3341389076656844
2024-04-30 20:00:00,586.9820636420084,3.365689490263776,0.1564522405619048,2.00579462716598
2024-04-30 21:00:00,586.8846863363152,4.588709987456241,-0.609193646784088,0.965797323012706
2024-04-30 22:00:00,586.7871995588869,2.6101100620915076,0.5128286077756605,1.4698617712459852
2024-04-30 23:00:00,586.6896464806395,1.3225549248165862,3.2918728585582087,0.7459257359856664
2024-05-01 00:00:00,586.5920704426209,1.0820416980589016,0.8841927934415259,0.7416950658786456
2024-05-01 01:00:00,586.4945147821061,0.036045971720341186,0.4107589397669469,1.468680306406585
2024-05-01 02:00:00,586.3970231032305,-1.1195378989478968,1.615511358834018,1.1670034368832825
2024-05-01 03:00:00,586.2996392203223,-3.580162824639615,0.09406047089431199,-0.14353686657703868
2024-05-01 04:00:00,586.2024075606446,-3.158211287432664,1.270329985594505,-0.02452625880638034
2024-05-01 05:00:00,586.105373485232,-2.2913294411864626,-0.05699521684033671,-0.6970488272052543
2024-05-01 06:00:00,586.0085828605339,-0.8791890859096156,1.4723806524431424,0.12822557293262915
2024-05-01 07:00:00,585.9120821342538,-0.9222002163025991,-0.14524904830464433,-0.35463286964644886
2024-05-01 08:00:00,585.8159178151028,-3.3824833151187477,5.541730623294905,-0.44516512327898966
2024-05-01 09:00:00,585.7201360969116,0.23866424273990106,0.9581461582145021,-0.176946497865954
2024-05-01 10:00:00,585.6247831834374,-0.5458181163235167,-1.7025019913211612,-0.5864630757927837
2024-05-01 11:00:00,585.529904666961,0.25946146812509596,-3.759541455713031,-1.0998246793730753
2024-05-01 12:00:00,585.435544327853,1.3779164470909109,-6.082603165984518,2.169142391040582
2024-05-01 13:00:00,585.341743746459,1.8600872365768737,-6.9900273834724524,1.9581964004364854
2024-05-01 14:00:00,585.2485425473159,0.9374611090190683,-2.9441711937209334,0.688167537385861
2024-05-01 15:00:00,585.1559796174629,1.1291375763026963,-3.6025455418182317,1.6974283480526053
2024-05-01 16:00:00,585.0640942209823,0.7523566881640136,4.127490262589148,1.8760588282646389
2024-05-01 17:00:00,584.9729261275005,-0.061081226322812654,3.045630502276922,1.692524596545301
2024-05-01 18:00:00,584.8825155052203,-0.15461687020570025,1.7430282780126873,2.6590730869726102
2024-05-01 19:00:00,584.7929027538175,-0.3587433166055689,1.818571926985048,2.43726863580302
2024-05-01 20:00:00,584.7041282410429,-1.698332973257834,0.7063427126972469,2.6778620195176357
2024-05-01 21:00:00,584.6162323044788,-0.49715834867004105,-0.15818919387553954,2.6291152380667784
2024-05-01 22:00:00,584.5292544645723,-0.24202358365812415,0.4912292502277191,2.881539868858014
2024-05-01 23:00:00,584.4432326934859,-0.5557222393445045,3.173673907067529,2.618815638790978
2024-05-02 00:00:00,584.3582029186387,-2.63377067377769,1.2854357286164413,0.7501320265225229
2024-05-02 01:00:00,584.2741994375363,-2.883257003375661,0.7067726091441006,0.7822849566953038
2024-05-02 02:00:00,584.1912550132013,-1.7522823507442808,1.387336683813377,-0.636309346270321
2024-05-02 03:00:00,584.1094012650725,-1.4741561796345195,-0.20460735062706603,-1.2906377348109366
2024-05-02 04:00:00,584.0286683857287,-1.1256356246592532,0.8620187789402489,-1.0850515400097982
2024-05-02 05:00:00,583.9490852646251,-1.1718288021004355,-0.5635748457660292,-1.8236816167585108
2024-05-02 06:00:00,583.8706792148939,-1.5728052289596235,1.2076058986593017,-0.8654798845935353
2024-05-02 07:00:00,583.7934754422887,-0.25217072887596714,-0.35489061086160756,-0.5664141025511424
2024-05-02 08:00:00,583.7174970669918,0.08458027078404484,4.574887785278504,-0.5569651230542534
2024-05-02 09:00:00,583.6427652048847,-0.9459273912340223,0.006991527394656728,0.20617065895469044
2024-05-02 10:00:00,583.5692994393125,-2.900051887267068,-2.275000190597753,0.5857526385523539
2024-05-02 11:00:00,583.4971179324824,-3.6534540517451433,-4.600600385756444,1.3269365050193878
2024-05-02 12:00:00,583.4262375086018,-1.462336333633516,-5.964452811221819,1.9105516362534043
2024-05-02 13:00:00,583.3566737176718,-1.4110133495275932,-6.566481984921112,1.25082161677687
2024-05-02 14:00:00,583.2884405262641,-0.39637203558118017,-3.20446930692071,2.2524008162378037
2024-05-02 15:00:00,583.2215492610533,-0.981308338941858,-3.177120331290851,2.6268794091795677
2024-05-02 16:00:00,583.1560083740692,-2.6781312490023765,3.961373357234357,3.2407495176987102
2024-05-02 17:00:00,583.0918236660585,-1.9554750878090772,3.483474847823322,3.6501765739271326
2024-05-02 18:00:00,583.028998731447,-0.6014936565093194,2.39335400894412,4.239140916118121
2024-05-02 19:00:00,582.9675353937032,-0.7976463052567624,2.4833447498527663,4.546766161700783
2024-05-02 20:00:00,582.9074337014008,0.19106955397148795,1.2071837357306674,4.524313008897077
2024-05-02 21:00:00,582.8486921166522,-1.4855283200323584,0.571940631735377,4.62489557164477
2024-05-02 22:00:00,582.7913075961304,-2.1915111535906817,0.8432733426447474,4.236930214815482
2024-05-02 23:00:00,582.7352756080404,-1.789876607977476,3.274387615577912,3.190213384359148
2024-05-03 00:00:00,582.6805901974593,0.0027831719471578253,1.9213763702430788,3.9152502603504975
2024-05-03 01:00:00,582.6272440838683,0.6713594642699263,1.0999931718386462,3.641403280023114
2024-05-03 02:00:00,582.575228677716,1.001133984140779,1.3744039028256363,2.5792334353175237
2024-05-03 03:00:00,582.5245342484109,2.861325437385858,-0.39109834543897876,2.8252386596422974
2024-05-03 04:00:00,582.4751501912115,2.462571676806533,0.7504385749065287,2.621839557075377
2024-05-03 05:00:00,582.427065044932,-0.5654082854425724,-0.911325382267032,2.499668622777649
2024-05-03 06:00:00,582.3802666342999,2.4387240225406686,0.9092501902571587,3.371759152902259
2024-05-03 07:00:00,582.3347422828712,2.287846743738669,-0.6221272371411336,3.199538210531368
2024-05-03 08:00:00,582.2904787649006,-0.4351667233304397,3.978216593853155,3.6664713645766476
2024-05-03 09:00:00,582.2474625312683,-0.9807000322742851,-0.5072147575053085,4.090452258511327
2024-05-03 10:00:00,582.2056801135979,-1.8776224781529436,-2.596736823341688,4.288679187896773
2024-05-03 11:00:00,582.1651183792778,-0.54399280871678,-5.292689102134119,4.961563531573018
2024-05-03 12:00:00,582.1257648187974,-0.4362003413257298,-6.23930057562862,4.889736098156957
2024-05-03 13:00:00,582.0876076704315,0.15844273243806128,-6.643070095186821,4.497019692317253
2024-05-03 14:00:00,582.0506360471414,0.03576898000210349,-3.697646297589037,5.221241270445542
2024-05-03 15:00:00,582.0148401842581,0.6803099908063359,-3.3561509652746575,5.021000790210273
2024-05-03 16:00:00,581.9802117834647,-0.16521581252823125,3.1164182599865664,5.988585769076908
2024-05-03 17:00:00,581.9467441257098,-0.8750148517229945,3.776687168938317,4.561583557074831
2024-05-03 18:00:00,581.9144318970068,-0.808631325884221,2.876351701823385,4.907847727054019
2024-05-03 19:00:00,581.8832714976254,-1.162044797534577,2.983520066936012,5.055253232973171
2024-05-03 20:00:00,581.8532604404612,-2.1163728892736344,1.5868001619279581,6.676312286884494
2024-05-03 21:00:00,581.8243955445245,-0.5503027237268725,1.232192058602416,5.103715120600037
2024-05-03 22:00:00,581.796671916106,-0.47079338504215684,1.4287756600181694,5.5053458089180936
2024-05-03 23:00:00,581.7700820183477,-1.7624601007726142,3.493887144743897,3.7584909376810582
2024-05-04 00:00:00,581.7446151466341,-0.9759687603255998,2.6993901849750537,2.341963428716322
2024-05-04 01:00:00,581.7202573522662,-1.0156678460168678,1.50209368392215,3.1033168098284167
2024-05-04 02:00:00,581.6969912194247,-4.244774753044453,1.4470130352495711,4.770770498370141
2024-05-04 03:00:00,581.6747954186009,-2.0161346850261452,-0.30218561368969876,5.923524880114989
2024-05-04 04:00:00,581.6536450739984,-2.8612593940724764,0.8984314212749387,6.609182898799062
2024-05-04 05:00:00,581.6335120522841,-2.433079383228005,-0.9382571418789429,6.92782447282284
2024-05-04 06:00:00,581.614365083128,-2.438487699916891,0.7164555059816069,4.727667110807397
2024-05-04 07:00:00,581.5961696773536,-3.750914081566293,-0.7456822740841949,4.020426678296846
2024-05-04 08:00:00,581.5788872916297,-5.594835980815674,3.7381951276282184,3.65775356155772
2024-05-04 09:00:00,581.5624753107389,-4.565997627886304,-0.700050801953239,4.243573119100581
2024-05-04 10:00:00,581.5468892351744,-0.8881642047209652,-2.8123353049177457,4.943610274464323
2024-05-04 11:00:00,581.5320837277038,-3.405913845312625,-5.789547191878901,5.843377309487641
2024-05-04 12:00:00,581.5180128842252,-0.7282236585966757,-6.589673469686236,3.1498842440576813
2024-05-04 13:00:00,581.5046304764774,-0.7296019692197433,-6.876328392804196,3.5412998855466897
2024-05-04 14:00:00,581.4918899875943,-2.9638733845882825,-4.256832176112995,3.618815573107013
2024-05-04 15:00:00,581.4797443647868,-1.7083793584716886,-3.862359730288258,3.4309947239732064
2024-05-04 16:00:00,581.4681461058365,-0.6733676251221823,2.23722272652748,2.0579987927582652
2024-05-04 17:00:00,581.457047207846,-0.3310081068709678,3.845319007788036,-8.441358108763078
2024-05-04 18:00:00,581.4463989565402,-2.3281943617669185,2.8996524773805143,-7.027857072153784
2024-05-04 19:00:00,581.4361518008826,-2.344433485538957,3.085963571338783,-7.637681886682474
2024-05-04 20:00:00,581.4262559067494,-2.42596551505801,1.7189690389173553,-6.369259430608763
2024-05-04 21:00:00,581.4166617893469,-3.028196257570926,1.5069669264719139,-6.455432458247844
2024-05-04 22:00:00,581.4073208850107,-5.8759211061458245,2.029851814117412,-7.431251592982201
2024-05-04 23:00:00,581.3981862642922,-3.5922479842961366,3.858651905075086,-9.354590185071249
2024-05-05 00:00:00,581.3892128856954,-2.246646789608235,3.5387476826542,-12.001313778741373
2024-05-05 01:00:00,581.3803580997775,-3.8588962783187526,1.8670038476965574,-9.72846566915534
2024-05-05 02:00:00,581.3715818147126,-3.9914865396452797,1.6300760367144373,-7.870171311781721
2024-05-05 03:00:00,581.3628464672431,-4.691061025550539,0.03860534538630744,-5.910390787078849
2024-05-05 04:00:00,581.3541169327067,-4.062631614730208,1.2384942191204105,-4.829979537096877
2024-05-05 05:00:00,581.3453607246561,-3.624737932999551,-0.5814639547341016,-3.9991588369224838
2024-05-05 06:00:00,581.3365482892805,-3.4527270452803123,0.6440215991454705,-5.10784284314571
2024-05-05 07:00:00,581.3276533648934,-4.50204463319551,-0.7808128492861255,-3.6247958824118776
2024-05-05 08:00:00,581.318653424291,-4.162668749712566,3.7506365598716123,-3.966621234450061
2024-05-05 09:00:00,581.3095300633225,-5.560259864988666,-0.7459870171346987,-2.8732831811991617
2024-05-05 10:00:00,581.3002686001414,-3.5691215099323017,-2.7901478640438806,-3.070999226165238
2024-05-05 11:00:00,581.2908576150933,-3.3609329683472424,-6.018057323818975,-2.5218673229270645
2024-05-05 12:00:00,581.2812882754076,-6.097008730019752,-7.046069123266422,-3.038210422121415
2024-05-05 13:00:00,581.2715545050432,-5.748263656411382,-7.2709914309219,-2.1522994177099357
2024-05-05 14:00:00,581.2616529330638,-6.947819939260285,-4.918980568675813,-1.3148524251276947
2024-05-05 15:00:00,581.2515821006003,-7.356000001856273,-4.513978414078147,-0.9716036846659993
2024-05-05 16:00:00,581.241342061004,-5.63863686075365,1.5193166159798324,-2.5120218162302135
2024-05-05 17:00:00,581.2309343660868,-1.4408385454335075,3.718850482066609,-9.258946302719945
2024-05-05 18:00:00,581.2203622114969,-1.9995585517503969,2.5922258091976884,-6.903029468944208
2024-05-05 19:00:00,581.2096302384076,-1.756390525919187,2.882688969368527,-6.80592868185692
2024-05-05 20:00:00,581.1987444021597,-1.4480330759006392,1.5852713369601301,-7.255982663219108
2024-05-05 21:00:00,581.1877118070664,1.2329537734373162,1.6169636832563818,-5.487629263760134
2024-05-05 22:00:00,581.1765407383881,-0.8482297295881835,2.504820988274932,-4.883131997074825
2024-05-05 23:00:00,581.1652409917825,-0.1731237237111145,4.24395542449557,-3.396072692566886
2024-05-06 00:00:00,581.1538233502441,-1.1554701550547861,4.151119249310312,-3.0694724444996284
2024-05-06 01:00:00,581.1422991031229,-0.5661748617777675,2.2322969147476286,-3.338421156092705
2024-05-06 02:00:00,581.1306798963568,-0.255652546617398,1.9628972572715186,-3.38792460701084
2024-05-06 03:00:00,581.1189778976888,-2.1840377222309826,0.4046288747584919,-2.529569050216254
2024-05-06 04:00:00,581.1072055195436,-2.1797884885093026,1.6645648541606022,-1.761981885194891
2024-05-06 05:00:00,581.0953761171363,-3.3490710669225336,-0.009117184638397634,-0.5571878655754375
2024-05-06 06:00:00,581.0835038043264,-3.2582603717004304,0.5901839921100683,0.06457257526408655
2024-05-06 07:00:00,581.0716027718926,-2.11998463666157,-0.7598838143440991,0.3582656791130054
2024-05-06 08:00:00,581.0596872751669,-1.0993470760964783,3.827764000873628,-1.0581041999439427
2024-05-06 09:00:00,581.0477713911724,0.5133814408660555,-0.5075368398682651,-1.5036159921702372
2024-05-06 10:00:00,581.0358685378468,-0.8634222314070712,-2.5227029860180097,-1.8497433204218432
2024-05-06 11:00:00,581.0239910440407,-1.3497372961536485,-5.900281413826141,-2.153972334060829
2024-05-06 12:00:00,581.0121498686237,-0.9414910560058161,-7.551055157528322,0.23039634491049604
2024-05-06 13:00:00,581.0003541058383,-0.7534059896196368,-7.737783042515222,-0.10916507370339038
2024-05-06 14:00:00,580.9886112094698,0.2546867315968484,-5.48531795654181,-1.7479799845247792
2024-05-06 15:00:00,580.9769288990612,-0.9331995258612551,-5.160014280739974,-3.0237150924599083
2024-05-06 16:00:00,580.9653153911719,-0.911845915848744,1.0100514842141286,-2.753520959537343
2024-05-06 17:00:00,580.953779842061,0.24969774247165333,3.5131160911285524,-2.9965936756612006
2024-05-06 18:00:00,580.9423327650012,0.9152120448399046,2.1343893708567623,-2.571934180697908
2024-05-06 19:00:00,580.9309859037642,1.0791572741699156,2.529382681810645,-2.6695258597447102
2024-05-06 20:00:00,580.9197520022016,0.5582120113070914,1.2842609125339577,-2.6122249260426256
2024-05-06 21:00:00,580.9086449157804,0.8188188843910211,1.5909336978750113,-3.228397498046464
2024-05-06 22:00:00,580.8976792132736,1.1628886329722263,2.8026268650587856,-2.9131947113045715
2024-05-06 23:00:00,580.8868689811397,0.4619493575657998,4.609469306279382,-1.318287644984915
2024-05-07 00:00:00,580.8762274471106,1.2772803933737578,4.465150667906026,-0.28865850839048074
2024-05-07 01:00:00,580.8657663855917,0.9577293077779814,2.483802744167594,-0.5572984375373111
2024-05-07 02:00:00,580.8554961392657,0.5206291040041151,2.276382628909295,0.02749212782076206
2024-05-07 03:00:00,580.8454259898016,1.878313668355304,0.6424413140849772,0.003819027758108152
2024-05-07 04:00:00,580.8355646331202,1.3614431910094709,2.158649672268897,-0.015657496398518204
2024-05-07 05:00:00,580.8259196954807,1.7251644837623417,0.5705208538098764,-0.8616050330529336
2024-05-07 06:00:00,580.8164970217916,2.504717699114167,0.4928792916375598,-1.2940940125433769
2024-05-07 07:00:00,580.8073013231812,2.1169601129923876,-0.6008504635702441,-0.8534109726031882
2024-05-07 08:00:00,580.7983363165897,4.358849029049111,4.004268186448761,-1.461453532087519
2024-05-07 09:00:00,580.7896048406883,2.705381798051235,-0.0053827905654403145,-1.3796038481739932
2024-05-07 10:00:00,580.7811092306621,2.4166777128865533,-2.2948413088974506,-2.4829456346511884
2024-05-07 11:00:00,580.7728516758566,2.9715389311483023,-5.670532632119207,-3.303857974885605
2024-05-07 12:00:00,580.7648341063086,3.279052539388317,-7.981067688883302,-2.422818956813662
2024-05-07 13:00:00,580.757058344693,2.9812769603429388,-8.18147548313798,-2.176859821897922
2024-05-07 14:00:00,580.749526140797,1.9901531829491432,-5.879127671691809,-2.0205516520543068
2024-05-07 15:00:00,580.742239042429,2.3393712220193947,-5.740495766548884,-1.7811144978995477
2024-05-07 16:00:00,580.7351983588763,1.5992720735345074,0.6566821560192094,-1.1611525884299887
2024-05-07 17:00:00,580.7284048049418,3.083881577024272,3.367556863837626,0.23015675419632203
2024-05-07 18:00:00,580.7218582265599,2.98039690991925,1.7689231391347269,1.6188217243861784
2024-05-07 19:00:00,580.7155579438283,2.9444296731774102,2.193431245776044,1.416581137218161
2024-05-07 20:00:00,580.7095028426974,2.9473784908135485,0.9787405132681303,2.154378153220894
2024-05-07 21:00:00,580.7036911413782,2.799174829699382,1.3916155577936367,0.925518471128882
2024-05-07 22:00:00,580.6981197248625,4.263372246162703,2.8376344059711367,1.3708736230036211
2024-05-07 23:00:00,580.6927840838425,3.3886667294750623,4.8347454769411975,0.6838037097413118
2024-05-08 00:00:00,580.6876784295757,3.760424835202798,4.47738733070235,0.584509404519165
2024-05-08 01:00:00,580.6827958569363,3.409147977980183,2.477881268403096,1.2901748966805078
2024-05-08 02:00:00,580.6781284442793,4.776132132756288,2.4626415795922836,0.973097843372085
2024-05-08 03:00:00,580.6736672734711,6.303811800764265,0.8793506029519241,-0.4968296771873037
2024-05-08 04:00:00,580.6694024841089,4.913910132382853,2.6582501442190796,-0.45156276071083
2024-05-08 05:00:00,580.6653238475956,5.439425727168327,1.0788422870220467,-0.9535918617860131
2024-05-08 06:00:00,580.6614211542873,4.71199113646901,0.43914135379129193,-0.14255364454764263
2024-05-08 07:00:00,580.6576836789914,4.786275320303957,-0.37980421164244066,-0.6041547876529174
2024-05-08 08:00:00,580.6540995897212,3.4903270053371216,4.201839417773208,-0.55626601283157
2024-05-08 09:00:00,580.6506557736204,2.6640639353670394,0.558908622844725,-0.2936283318321665
2024-05-08 10:00:00,580.6473383551496,2.844902071506681,-2.243875971987647,-0.6583644546686245
2024-05-08 11:00:00,580.6441329098787,2.532299449774314,-5.421279582026247,-0.9751527776267634
2024-05-08 12:00:00,580.6410245689098,2.234510894670052,-8.17183118165545,2.1062957180756126
2024-05-08 13:00:00,580.6379978680544,2.301654279602076,-8.433393655391946,1.8837415077354072
2024-05-08 14:00:00,580.6350363498492,2.0463723387666732,-6.091743567056109,0.6603348784402182
2024-05-08 15:00:00,580.6321226587515,1.5638409405773928,-6.049705147955911,1.783741548626929
2024-05-08 16:00:00,580.629239214818,2.1010039990355835,0.5715388812485923,1.9782179048978095
2024-05-08 17:00:00,580.626368783602,0.8232275655828971,3.339744980927067,1.3506586698880714
2024-05-08 18:00:00,580.6234950371934,0.8102534037145688,1.4934476707042552,2.3828038883878024
2024-05-08 19:00:00,580.6206021533743,1.0280300254441954,1.8801802882436924,2.1411875329378223
2024-05-08 20:00:00,580.6176743665515,1.0252516741745694,0.6312594814944964,2.7858144777794673
2024-05-08 21:00:00,580.6146958809471,2.701847811059224,1.0784345496284213,2.3950217583651408
2024-05-08 22:00:00,580.6116511123558,3.2048643973770368,2.6899028712482544,2.713581619018932
2024-05-08 23:00:00,580.6085240440075,2.4622699764826166,4.994288467040404,2.5349175124695686
2024-05-09 00:00:00,580.6052981665905,2.8742176748136217,4.331266945013632,0.529217213582257
2024-05-09 01:00:00,580.6019570191295,3.399283888610512,2.203659042393281,0.7851000498667876
2024-05-09 02:00:00,580.5984840331159,4.145429780054656,2.485580873505796,-0.5194946866763472
2024-05-09 03:00:00,580.5948619398662,3.7039657059241335,1.1049244519820962,-1.1737520977724416
2024-05-09 04:00:00,580.5910736181075,3.349533723119407,3.0453279056719635,-0.9059352468988355
2024-05-09 05:00:00,580.5871017838526,3.2106953673015823,1.5444454435245103,-1.672242594678784
2024-05-09 06:00:00,580.5829282517738,2.4233598828651566,0.42950317250214637,-0.7457913071410006
2024-05-09 07:00:00,580.5785338555515,2.582206014039002,-0.231949757215545,-0.288790112375111
2024-05-09 08:00:00,580.5738984656366,2.635456880676884,4.3005481596971435,-0.4799035060105597
2024-05-09 09:00:00,580.5690011195386,3.482877458997109,0.9570552022160358,0.26106621924829304
2024-05-09 10:00:00,580.5638203235028,4.54386065604433,-2.251309526052399,0.6436285465053327
2024-05-09 11:00:00,580.5583342831359,2.6256763713437294,-5.184615995939516,1.0006053414599514
2024-05-09 12:00:00,580.5525210255477,-0.587325191639934,-8.075966600466947,1.5807707665592312
2024-05-09 13:00:00,580.5463588743576,0.0003738812461051566,-8.4146419619579,0.8879092063542934
2024-05-09 14:00:00,580.5398266875324,1.7142826176772132,-6.169404238358658,2.0552949331491153
2024-05-09 15:00:00,580.5329039002227,0.47377329814412406,-5.954940702320693,2.518263503953897
2024-05-09 16:00:00,580.5255708066858,0.46835723938511364,0.776017649865778,3.130054304063275
2024-05-09 17:00:00,580.5178080379405,-1.8625251138784051,3.322954651981704,3.1517624239561735
2024-05-09 18:00:00,580.5095962676361,-3.0387991909649372,1.2064776712935132,3.8127252520352877
2024-05-09 19:00:00,580.5009167293148,-2.8036669676159818,1.5769741677838593,4.165776070517372
2024-05-09 20:00:00,580.4917514971211,-2.5455213894916824,0.3108689353452383,4.092900957025396
2024-05-09 21:00:00,580.4820831618695,-5.389309290996039,0.7750101186786018,4.242216010448012
2024-05-09 22:00:00,580.4718950513629,-2.8453836614979764,2.538208564070469,4.075280046064566
2024-05-09 23:00:00,580.4611713502918,-1.1221007040063569,5.157455808939881,3.0334735447747105
2024-05-10 00:00:00,580.4498967326421,-0.6804786226484794,4.132435540934677,3.4681463490717372
2024-05-10 01:00:00,580.4380564077699,0.6214928748391912,1.7741502768784991,3.2763004405124585
2024-05-10 02:00:00,580.4256360432264,-1.8138610321042279,2.4001078210959537,2.4581171677818685
2024-05-10 03:00:00,580.4126220987652,-3.1774883766776156,1.1462728157090885,2.808593462203499
2024-05-10 04:00:00,580.3990019919545,-0.9406445011655933,3.216893314202095,2.624749195008901
2024-05-10 05:00:00,580.3847639077392,-1.6888811570023563,1.8832581585319053,2.5108590907312798
2024-05-10 06:00:00,580.3698967343884,-2.2555927019062665,0.36327595432112314,3.542420013196771
2024-05-10 07:00:00,580.3543903571554,-1.4854737045237698,-0.17170294672516173,3.3427862940936146
2024-05-10 08:00:00,580.3382362153751,-2.7070414645535266,4.329090551940056,3.9297146972382424
2024-05-10 09:00:00,580.3214272836022,-2.722411158909381,1.1849642304676293,3.9960196448395555
2024-05-10 10:00:00,580.3039583793638,-2.3883635505876555,-2.1514137443554033,4.255818915579202
2024-05-10 11:00:00,580.2858262627063,-2.4798641014672285,-4.900616645770288,4.894654484531106
2024-05-10 12:00:00,580.2670294862836,-3.1386586533041054,-7.927717773874213,4.819346940894604
2024-05-10 13:00:00,580.2475685275073,-3.1746141068517773,-8.300812138398639,4.347857717743137
2024-05-10 14:00:00,580.2274460124004,-3.2971303505069045,-6.2020911434462,4.951775481552626
2024-05-10 15:00:00,580.2066665005382,-2.932169586884129,-5.75465277217935,4.710155858525348
2024-05-10 16:00:00,580.1852359487426,-1.7114954895802157,0.988530927516075,5.657728613321579
2024-05-10 17:00:00,580.1631622062197,0.151673121869635,3.4158389019554045,4.649325769955184
2024-05-10 18:00:00,580.1404551759258,-0.48409108965256564,1.0332341494139912,5.180401764312867
2024-05-10 19:00:00,580.1171263830147,-0.173738195324745,1.4025962818968385,5.3840155304131665
2024-05-10 20:00:00,580.0931883903996,-1.084434970424013,0.11517393585084275,6.976072644173528
2024-05-10 21:00:00,580.068655215695,-2.48919267119868,0.5802757748473979,5.220261680656222
2024-05-10 22:00:00,580.0435429080601,-4.4167809382129235,2.4981660975629114,5.605071932589882
2024-05-10 23:00:00,580.0178689697293,-4.891837497505321,5.353116607744849,3.730851920031182
2024-05-11 00:00:00,579.9916520593858,-4.861473255607052,3.9369484230076854,2.6828727732134716
2024-05-11 01:00:00,579.9649118111206,-4.320515123450377,1.3669907229157534,3.1386125894140733
2024-05-11 02:00:00,579.9376686781691,-3.7148259988699692,2.2694861333231673,4.767671187377664
2024-05-11 03:00:00,579.9099441193429,-2.383148663017323,0.9325250458503489,5.8006794978241185
2024-05-11 04:00:00,579.8817602779023,-3.1294686863587913,3.125042908937361,6.472665499519013
2024-05-11 05:00:00,579.8531397678594,-3.6823020573150416,1.9375372020176675,6.711625087438079
2024-05-11 06:00:00,579.824105210452,-3.3547928868919143,0.1684024892885001,4.88228518715136
2024-05-11 07:00:00,579.7946791344443,-4.325543779060013,-0.24365305568483064,4.044517700300495
2024-05-11 08:00:00,579.7648838506597,-2.9558986892277517,4.309634112767889,3.641380725800199
2024-05-11 09:00:00,579.7347413609175,-1.9209354670490484,1.306827970292974,4.029366135838609
2024-05-11 10:00:00,579.7042733896441,-2.5824062610786314,-1.950563900154933,4.898696771589552
2024-05-11 11:00:00,579.6735011914001,-2.3989115507861243,-4.553219350785442,5.568629710171429
2024-05-11 12:00:00,579.6424455583856,-1.2359835450279206,-7.746172693487063,3.0597106801294167
2024-05-11 13:00:00,579.6111269711093,-1.582569454622785,-8.16386311556108,3.4953055990745137
2024-05-11 14:00:00,579.5795656468046,-1.5610938860947954,-6.208314764667933,3.3198430039582654
2024-05-11 15:00:00,579.5477817700902,-1.393230008815749,-5.599664487169893,3.395112725895554
2024-05-11 16:00:00,579.5157953076673,-1.2684185378025177,1.0538598022146004,2.118763427920597
2024-05-11 17:00:00,579.483626266248,1.6909645019572963,3.7200679875364067,-8.584658755741723
2024-05-11 18:00:00,579.451295288218,-0.09087861866191815,1.1300427435202998,-7.160459413076414
2024-05-11 19:00:00,579.4188242890042,-0.5717373733688191,1.4785041910418184,-7.745591106677153
2024-05-11 20:00:00,579.3862364715524,-0.8776983112703647,0.09352391814111408,-6.332062078423203
2024-05-11 21:00:00,579.3535561882787,-0.7572087061647608,0.5213327726591578,-6.70768025477324
2024-05-11 22:00:00,579.320808987342,-0.7432305301922497,2.6642501550078825,-7.701828612157622
2024-05-11 23:00:00,579.2880218400763,3.0071247847710083,5.5362765170315305,-9.251423141878846
2024-05-12 00:00:00,579.2552230032965,2.3721979437564187,3.710376009060994,-11.627796956113846
2024-05-12 01:00:00,579.2224412833316,0.9540743803030409,0.9805214850127294,-10.17703714864726
2024-05-12 02:00:00,579.1897057401821,2.0523720424125713,2.082847459415687,-8.164925242010417
2024-05-12 03:00:00,579.1570454141935,2.402595553195056,0.5983118185214266,-6.277952785910018
2024-05-12 04:00:00,579.1244891625597,2.5840483843121547,2.791098087379079,-4.97963563425099
2024-05-12 05:00:00,579.0920660396058,2.6639067444236844,1.7293940048875305,-4.195366788917169
2024-05-12 06:00:00,579.059805475872,3.004271500003483,-0.025011983574338925,-5.249064992301261
2024-05-12 07:00:00,579.0277372887285,2.2479556267085172,-0.40388673211396564,-3.7718061833231205
2024-05-12 08:00:00,578.9958914766939,2.4383614089717867,4.353017959354432,-4.207270845020159
2024-05-12 09:00:00,578.9642980307773,2.497350498505739,1.3153059854987599,-3.2069545147816987
2024-05-12 10:00:00,578.9329870160927,0.13610697573437847,-1.7268467665185878,-3.402247225308465
2024-05-12 11:00:00,578.9019884876749,1.3732760065397542,-4.203383538607067,-2.781880955607538
2024-05-12 12:00:00,578.8713324855482,2.658527103423239,-7.5620448723533435,-3.137814716618043
2024-05-12 13:00:00,578.8410485524274,2.368974147623021,-8.116005611444486,-2.2440170886059123
2024-05-12 14:00:00,578.8111655439436,1.6673852643997407,-6.291373000183335,-1.2571778081601126
2024-05-12 15:00:00,578.7817116258826,3.292815101624001,-5.730080975690883,-0.9544457518157555
2024-05-12 16:00:00,578.7527141577423,2.8166486658499252,0.8247819706951136,-2.5941447942873617
2024-05-12 17:00:00,578.7241996076019,-0.7079850522904962,4.115675395960146,-9.471889951271576
2024-05-12 18:00:00,578.6961931073627,0.7349847270460259,1.4073336534765506,-6.808511487885315
2024-05-12 19:00:00,578.668718492417,1.0143336428809562,1.6918817359333762,-6.734933871231377
2024-05-12 20:00:00,578.6417981731232,1.538770687699639,0.12714914018025442,-7.387718001003149
2024-05-12 21:00:00,578.6154530489251,1.568039573834426,0.6348382810946943,-5.808330903854319
2024-05-12 22:00:00,578.5897028030935,2.080938208132693,3.0479813766967285,-5.11862238792289
2024-05-12 23:00:00,578.564566365903,0.9560355753360454,5.769860118183414,-3.4904620594225007
2024-05-13 00:00:00,578.5400613886517,0.559472410873127,3.508268252293424,-2.9178020518182133
2024-05-13 01:00:00,578.516204487941,0.13208071733117777,0.6331898245091291,-3.001475029781263
2024-05-13 02:00:00,578.4930112539165,0.585164084560347,1.9380278672333104,-3.216203205710236
2024-05-13 03:00:00,578.4704957079367,-0.10180415960019218,0.418821353389684,-2.3675129017262733
2024-05-13 04:00:00,578.4486704655386,0.010552755249932488,2.372274198196606,-1.5814974189851747
2024-05-13 05:00:00,578.4275472645548,0.496067133927113,1.4505943038017592,-0.614208702283652
2024-05-13 06:00:00,578.4071373902598,-0.03384448155202335,-0.05413050810738107,-0.03916240060040306
2024-05-13 07:00:00,578.3874514665034,0.4501002710743478,-0.5271774951295984,0.3196257575518678
2024-05-13 08:00:00,578.3684991313179,0.7015159492915473,4.42669501617939,-0.956710096788842
2024-05-13 09:00:00,578.3502889589757,0.7297019100066109,1.1305968740476242,-1.500587743029841
2024-05-13 10:00:00,578.3328286511584,0.8533570176251715,-1.6026663042293652,-1.8435193645541652
2024-05-13 11:00:00,578.3161243771121,-0.12647633541610048,-3.944350609374113,-2.18529743232197
2024-05-13 12:00:00,578.3001806229931,-0.08213164168466847,-7.418307645824835,0.3202586645163624
2024-05-13 13:00:00,578.2850006649483,0.4378817362313612,-8.117682551968686,-0.025199849210909193
2024-05-13 14:00:00,578.2705867977078,0.04253549050258698,-6.400551611275576,-1.7225706769347764
2024-05-13 15:00:00,578.256940949471,-0.03535292765718623,-5.958919851507007,-3.0326681703066596
2024-05-13 16:00:00,578.2440647517238,-0.46401515974707763,0.6037374865791441,-2.8037870785558217
2024-05-13 17:00:00,578.2319589885465,0.19913959573784723,4.392944913611288,-2.694043497895596
2024-05-13 18:00:00,578.2206231781065,-0.5068294524886596,1.6208360895323026,-2.344629815150092
2024-05-13 19:00:00,578.2100557431517,-0.45225735079520746,1.865237164148768,-2.423035556505154
2024-05-13 20:00:00,578.2002545136629,-0.6184270777037,0.10985783965058814,-2.3616852756096858
2024-05-13 21:00:00,578.1912166048463,-0.6205485285310033,0.9655405425705874,-2.9762086188859818
2024-05-13 22:00:00,578.1829382525141,-0.3663502099974494,3.5652777848667014,-2.621865827383325
2024-05-13 23:00:00,578.1754149699237,0.10819935103825173,6.097607474093631,-0.951221795055605
2024-05-14 00:00:00,578.1686419884729,1.1808077756824105,3.3644856056340218,0.06606463021052736
2024-05-14 01:00:00,578.1626143901991,0.22541745926241674,0.4423970540051817,-0.2204289034666174
2024-05-14 02:00:00,578.1573269051923,0.6654453443748025,1.8558507284916816,0.3613770219411191
2024-05-14 03:00:00,578.1527742007759,0.698193483115574,0.3521384655901688,0.4668938505182642
2024-05-14 04:00:00,578.1489511393546,0.8148968540061787,1.9607300988907352,0.3554219077484626
2024-05-14 05:00:00,578.1458527194608,0.8884576186775348,1.1743080891025108,-0.3786184272408004
2024-05-14 06:00:00,578.1434743294512,0.29063763461601866,0.04926182253940052,-0.9533737866066223
2024-05-14 07:00:00,578.141811356477,0.4928139251298944,-0.6043359646749539,-0.5902893169317911
2024-05-14 08:00:00,578.1408588708011,0.7234867349845899,4.499322333797064,-1.163667939582712
2024-05-14 09:00:00,578.1406112470344,0.34332533507893004,0.8432375301252006,-1.067174112238484
2024-05-14 10:00:00,578.1410619969679,1.2532682434570006,-1.5086136378624562,-2.2157166025624693
2024-05-14 11:00:00,578.1422040990116,2.6282816577880794,-3.7812731042318988,-3.10921265256778
2024-05-14 12:00:00,578.1440296360437,7.065313812392446,-7.4926697187129205,-2.4066737297231957
2024-05-14 13:00:00,578.1465296106915,6.721459003045084,-8.270622356300962,-2.0973662574356546
2024-05-14 14:00:00,578.1496941863343,6.145206359528856,-6.466719607867038,-1.7281809379960666
2024-05-14 15:00:00,578.1535122398874,4.486309914868798,-6.250866307240907,-1.4789558475153426
2024-05-14 16:00:00,578.1579713245696,4.977257256936355,0.4178217369343546,-0.8530503184402988
2024-05-14 17:00:00,578.1630582607554,0.4966127139010723,4.56405911438563,0.19626991095792573
2024-05-14 18:00:00,578.1687594890899,-0.15216599526809205,1.6917508651186166,1.6516556410595802
2024-05-14 19:00:00,578.1750616380713,-0.2526894741624801,1.943239629241108,1.4343882068499842
2024-05-14 20:00:00,578.1819517230117,-0.7812686802834605,0.07215706976365144,2.277159887508148
2024-05-14 21:00:00,578.1894169884226,-1.4957760973236418,1.2084434916137634,0.837915617287272
2024-05-14 22:00:00,578.1974450346586,-0.20264268842004185,3.9780316237197573,1.3371660300416426
2024-05-14 23:00:00,578.2060240260407,-2.773271890958654,6.46297913795828,0.7642687269596018
2024-05-15 00:00:00,578.2151422318238,-3.295320557100922,3.3885813506679203,0.5415969746092204
2024-05-15 01:00:00,578.224787999099,-2.5427000944401925,0.5131107785343175,1.1848013168069076
2024-05-15 02:00:00,578.2349498566488,-2.060737129650988,1.8406980886073687,0.905089184394748
2024-05-15 03:00:00,578.2456163790647,-3.9908985585041137,0.39914374556100013,-0.703861566121516
2024-05-15 04:00:00,578.2567765991016,-3.244518206641601,1.714014119828778,-0.6862725122887907
2024-05-15 05:00:00,578.2684201977121,-3.5558146302373643,0.9815250625999138,-1.0641306300745985
2024-05-15 06:00:00,578.2805378319922,-4.125099771906548,0.2688594769091735,-0.3142975369947615
2024-05-15 07:00:00,578.2931216273154,-3.505751337218726,-0.5938634430145504,-0.6335068470821579
2024-05-15 08:00:00,578.3061655938443,-2.8965801642286806,4.579718824735482,-0.5393042543510591
2024-05-15 09:00:00,578.3196652031094,-2.709904253528407,0.603444761661037,-0.24320571124197782
2024-05-15 10:00:00,578.3336162301434,-0.6014875317230235,-1.4562362487000649,-0.6058924497204351
2024-05-15 11:00:00,578.348015120857,-3.288812464195871,-3.6374025245059745,-0.7018001321550831
2024-05-15 12:00:00,578.3628595674317,-4.081311191025293,-7.789171489274134,2.097623112867791
2024-05-15 13:00:00,578.3781484092598,-4.6025948384292406,-8.603584726312846,1.898031155482393
2024-05-15 14:00:00,578.3938817444987,-3.802267426303729,-6.583210167499337,0.8615958493043794
2024-05-15 15:00:00,578.4100604217294,-6.382720297751121,-6.6548085741159895,2.067468450137803
2024-05-15 16:00:00,578.4266857280683,-5.059786873953158,0.13211862759784093,2.260982518287103
2024-05-15 17:00:00,578.4437591460337,-4.921889341844349,4.851896622669903,1.2662335731407393
2024-05-15 18:00:00,578.461281866701,-3.8323888625466225,1.7274190199432902,2.3736879759022504
2024-05-15 19:00:00,578.479253933767,-4.305122553521983,2.0178788018367526,2.107989817918144
2024-05-15 20:00:00,578.4976742282344,-4.988743032121306,0.12113451177199301,3.059934292115045
2024-05-15 21:00:00,578.5165415764271,-2.842162913885545,1.2658352479362287,2.459786089522085
2024-05-15 22:00:00,578.5358558132201,-2.9725035359082312,4.155724745047917,2.840922977640146
2024-05-15 23:00:00,578.5556184512365,-3.4375018724957727,6.734127069511698,2.6577563517476395
2024-05-16 00:00:00,578.575831954979,-2.8178277503669733,3.5469903700366947,0.485005425351185
2024-05-16 01:00:00,578.596499274449,-2.2615311377541047,0.7751178033600223,0.9499140599449363
2024-05-16 02:00:00,578.6176244111391,-2.5686902315459292,1.8895332633371216,-0.20846744293030536
2024-05-16 03:00:00,578.6392125370795,-1.3445200459675561,0.5270001573309326,-0.8516926484428806
2024-05-16 04:00:00,578.6612696828569,-2.352313717942252,1.600117782908143,-0.5690737478226451
2024-05-16 05:00:00,578.6838026012052,-2.257741560672912,0.8467914257022776,-1.3528524662346426
2024-05-16 06:00:00,578.7068191281589,-1.026198071099543,0.48238287922001316,-0.44300393627939016
2024-05-16 07:00:00,578.7303283079206,-1.3942774640358948,-0.5642814368228334,0.11823059293821671
2024-05-16 08:00:00,578.7543404801434,-1.6669330338244208,4.641376065795338,-0.20878351211430193
2024-05-16 09:00:00,578.7788671792238,-2.620003304161173,0.4979941923322506,0.5331419326052039
2024-05-16 10:00:00,578.8039205247212,-3.840485351573193,-1.3595996080251367,0.9361644348770919
2024-05-16 11:00:00,578.8295129466362,-0.919519239369265,-3.5135532579748787,0.943559550707972
2024-05-16 12:00:00,578.8556578115684,-0.1970993165065238,-8.136135592673766,1.5275770976118033
2024-05-16 13:00:00,578.8823694342022,-0.38131918984697677,-9.00852993823083,0.7974796938754851
2024-05-16 14:00:00,578.9096631441088,-2.351054949313834,-6.689366767046008,2.11075857225107
2024-05-16 15:00:00,578.9375557209244,-0.7950849607178725,-7.12938555154089,2.636914791334302
2024-05-16 16:00:00,578.9660648448904,1.0539614046359702,-0.19434829272425613,3.274322043197905
2024-05-16 17:00:00,578.9952095012246,-0.9961064715532757,5.107052658801661,2.8738443115270575
2024-05-16 18:00:00,579.0250100239962,-1.4443582286655783,1.6854535184351251,3.513894686234216
2024-05-16 19:00:00,579.0554877365419,-1.606136572602395,1.996972507691308,3.893676328369186
2024-05-16 20:00:00,579.0866642479166,-2.518861018976736,0.10354326239052747,3.8186535086695876
2024-05-16 21:00:00,579.1185611491215,-1.154776339047885,1.1641097372709215,3.9421054526554933
2024-05-16 22:00:00,579.1511997569384,-2.68256787891778,4.1387200460537255,4.092648075925694
2024-05-16 23:00:00,579.1846007423626,-1.9855286918765387,6.917861547423026,3.0930664020908942
2024-05-17 00:00:00,579.2187846572622,-4.279842562566159,3.859183664750335,3.0418742405535943
2024-05-17 01:00:00,579.2537723011756,-4.004969306099383,1.1657605636047856,2.9454364413190985
2024-05-17 02:00:00,579.2895845017105,-5.038566753646251,2.0139792306887596,2.335003021247025
2024-05-17 03:00:00,579.3262417297176,-6.597114745500335,0.7788439467217109,2.8220290690610126
2024-05-17 04:00:00,579.3637638176134,-4.6224899264943815,1.5128635492715299,2.6658625596093666
2024-05-17 05:00:00,579.4021696526329,-5.585943928168376,0.8848385980758015,2.5789356774596413
2024-05-17 06:00:00,579.441477337203,-7.22360086671938,0.8167254453251945,3.7253980841911996
2024-05-17 07:00:00,579.4817043856649,-5.656182465641223,-0.5022363919566359,3.4667144719329697
2024-05-17 08:00:00,579.5228674513303,-4.370054261696737,4.698795092951645,4.2783917174148645
2024-05-17 09:00:00,579.5649823696318,-5.048543500815526,0.44774440992820025,3.8658167212555625
2024-05-17 10:00:00,579.6080644037967,-8.288857351453089,-1.4515194018096538,4.252312349466047
2024-05-17 11:00:00,579.6521280531813,-5.096840002901899,-3.461903240663416,4.786615190384006
2024-05-17 12:00:00,579.6971869195509,-3.2803992295755506,-8.36547194299787,4.70868425302252
2024-05-17 13:00:00,579.7432536299478,-3.1001707284685835,-9.317721272097591,4.1546383706184
2024-05-17 14:00:00,579.7903396890213,-1.6359430608265484,-6.695838003666359,4.631441375471672
2024-05-17 15:00:00,579.8384555571703,-2.6455441830183872,-7.439024332778853,4.33611295862708
2024-05-17 16:00:00,579.8876106835617,-1.5297547620104979,-0.3408854304413218,5.203029508890111
2024-05-17 17:00:00,579.9378131526909,-0.9132075217039528,5.185083987029764,4.740310381983408
2024-05-17 18:00:00,579.9890695103967,-1.0090933276161422,1.4697197428052604,5.310304074414112
2024-05-17 19:00:00,580.0413847192908,-0.9148318606738712,1.777431046432601,5.546016094950457
2024-05-17 20:00:00,580.0947625122272,-0.860308301087457,-0.01438588377003805,7.179931672630182
2024-05-17 21:00:00,580.1492060567584,-0.7074608163716221,0.9244456064670654,5.143809153146118
2024-05-17 22:00:00,580.2047180849792,-0.8489558603160958,3.9577849008669888,5.576452874469984
2024-05-17 23:00:00,580.261300877501,0.5834607410546369,6.96012635929696,3.6051120221473583
2024-05-18 00:00:00,580.3189564798955,0.5136371268376934,4.163091705044795,2.804314688221892
2024-05-18 01:00:00,580.3776866841918,-0.5836717182176017,1.5740041080829876,2.971980925942972
2024-05-18 02:00:00,580.4374929047365,0.5286617894846586,2.199093136775289,4.734752169003522
2024-05-18 03:00:00,580.4983764546628,0.5969124215920374,1.1483894152274299,5.6363217085176425
2024-05-18 04:00:00,580.560338706605,1.558487384138175,1.417306119334219,6.323867789922678
2024-05-18 05:00:00,580.6233810581631,1.1590109610677928,1.07483096865534,6.512777012113786
2024-05-18 06:00:00,580.6875047911172,0.639717818885515,1.345563096103101,4.9372142938941375
2024-05-18 07:00:00,580.7527109056248,0.5042817275584639,-0.322351247311956,3.9453586141287427
2024-05-18 08:00:00,580.8189997980049,0.9272818213287337,4.752265810226557,3.5214525704397492
2024-05-18 09:00:00,580.8863713400698,0.30556457852446783,0.45205702217324895,3.6660070592324216
2024-05-18 10:00:00,580.9548250677647,-0.7801116620772746,-1.66746679852175,4.712753392834476
2024-05-18 11:00:00,581.024360209855,-0.17920871066758082,-3.519974887459692,5.204823388272315
2024-05-18 12:00:00,581.0949756721042,-1.414788532611169,-8.539487930822377,2.779300791329319
2024-05-18 13:00:00,581.1666701425959,-1.449723164700913,-9.530822023517901,3.163875045622906
2024-05-18 14:00:00,581.2394421388979,-1.9126388254978792,-6.697466255441809,2.6206629420417618
2024-05-18 15:00:00,581.3132894021886,-1.4522517665170653,-7.561832734066109,3.1107950983945836
2024-05-18 16:00:00,581.3882090411206,-1.3968514481301781,-0.3644066070192329,2.0330490140287862
2024-05-18 17:00:00,581.4641977401327,1.5287439568631953,5.0673996565846835,-8.910341353580684
2024-05-18 18:00:00,581.5412518592252,-0.7550212901511486,1.1259059274938679,-7.372136496567918
2024-05-18 19:00:00,581.6193673517804,-0.5018996753266265,1.407242786893665,-7.90471046334732
2024-05-18 20:00:00,581.698539834037,0.24670573323840017,-0.17119861542811404,-6.4540469518472525
2024-05-18 21:00:00,581.7787643008571,-2.1060038154718086,0.6236919069495949,-7.146452392334917
2024-05-18 22:00:00,581.8600344230861,-1.907167668972761,3.6024680848480135,-8.205334838961306
2024-05-18 23:00:00,581.9423414158008,-0.48647059557924877,6.8363477717648315,-9.342218591986379
2024-05-19 00:00:00,582.0256745157361,-0.3817680123007676,4.410979460470483,-11.314885963905738
2024-05-19 01:00:00,582.1100210518964,-0.17447717347101843,1.9510555350360315,-10.546599413461465
2024-05-19 02:00:00,582.1953665958096,-0.7935296428732954,2.4382761863371623,-8.520113139273295
2024-05-19 03:00:00,582.2816949893545,-1.4645158040453907,1.625503704295601,-6.8526828896046394
2024-05-19 04:00:00,582.3689883942434,-0.23595959479769135,1.4404351385673246,-5.283463938013083
2024-05-19 05:00:00,582.457227634061,-2.4877276390283214,1.4367378883631698,-4.526237883395872
2024-05-19 06:00:00,582.5463924951378,-2.2523708719536444,2.0164726007254883,-5.470494223909507
2024-05-19 07:00:00,582.6364618271679,-1.0892463400452925,0.036343081352422583,-4.073558568475092
2024-05-19 08:00:00,582.7274132652431,-0.6795328491854207,4.788739427602846,-4.496619843660468
2024-05-19 09:00:00,582.8192231968959,0.6935041687876264,0.5227431092127054,-3.5554704748962367
2024-05-19 10:00:00,582.9118667971112,0.9805321849800066,-1.851430015669514,-3.780968966421749
2024-05-19 11:00:00,583.0053179487163,-0.7160156861807536,-3.6192989642349263,-3.0000032983007263
2024-05-19 12:00:00,583.0995493214833,-1.9063386971837417,-8.717412044079193,-3.425798580220453
2024-05-19 13:00:00,583.1945326707466,-1.426921343155982,-9.739387025802877,-2.5382243017878032
2024-05-19 14:00:00,583.2902387240792,-0.6061527243770115,-6.78701952250786,-1.4170664771943486
2024-05-19 15:00:00,583.3866373521112,-0.9869887751582382,-7.652356882445949,-1.1172916945070124
2024-05-19 16:00:00,583.4836974298966,-1.6941728194547068,-0.4306663869174343,-2.7788582235243404
2024-05-19 17:00:00,583.5813870122321,-1.3788295166907574,4.726561168387284,-9.639118663928716
2024-05-19 18:00:00,583.6796736368372,-0.6604118001232564,0.8054806925503898,-6.6447425292643825
2024-05-19 19:00:00,583.7785241412835,-0.3197205877914939,1.0561820821582417,-6.544985635650182
2024-05-19 20:00:00,583.8779041896408,-1.135789263115612,-0.27581055930392434,-7.346304367221224
2024-05-19 21:00:00,583.9777784912762,-0.4926783037012683,0.360385505178215,-5.905485692753083
2024-05-19 22:00:00,584.0781109510121,0.5728113489628868,3.207372478013257,-5.238294777988213
2024-05-19 23:00:00,584.1788634022492,-0.31081441325522974,6.619079634093293,-3.5571286230873276
2024-05-20 00:00:00,584.2799956550487,2.364607784024656,4.455777744332904,-2.6303811834061417
2024-05-20 01:00:00,584.3814658543236,0.672666757160755,2.1894764879603765,-2.623609099444734
2024-05-20 02:00:00,584.4832309818147,-0.07272309207155558,2.608361478401967,-3.058869368145072
2024-05-20 03:00:00,584.5852478397804,-0.899732154097137,2.0304206489991454,-2.1859363346824066
2024-05-20 04:00:00,584.6874730253975,-1.4932027330351048,1.684086009147871,-1.448356301510341
2024-05-20 05:00:00,584.7898627403254,-0.09788049650774155,1.8898974544992826,-0.7218796983168762
2024-05-20 06:00:00,584.8923733254487,-1.277583093659814,2.690327306598744,-0.10511753838763488
2024-05-20 07:00:00,584.9949612986137,-1.4376643178536597,0.48611187886813295,0.28659114037191374
2024-05-20 08:00:00,585.0975832002646,-0.3031915736763722,4.853473267514431,-0.897864894102648
2024-05-20 09:00:00,585.2001959080764,-1.1704341176606476,0.6675625658070544,-1.5673243562227723
2024-05-20 10:00:00,585.3027567964043,-1.3741068809219996,-1.8764793002668705,-1.9821706152153593
2024-05-20 11:00:00,585.405224426649,0.3356635707084479,-3.675942798241882,-2.3749451991156234
2024-05-20 12:00:00,585.5075591352207,0.7972085024177886,-8.78740536705592,0.27263772941737163
2024-05-20 13:00:00,585.6097231570535,0.7703550255882874,-9.889274470815586,-0.02080371182609862
2024-05-20 14:00:00,585.7116803279625,0.7341135575310318,-6.798514718599044,-1.6572791668945444
2024-05-20 15:00:00,585.8133957103564,0.25299215500035643,-7.703885318290171,-3.0025025470666034
2024-05-20 16:00:00,585.9148355581236,0.12494435573228202,-0.5419348446839387,-2.78784506917194
2024-05-20 17:00:00,586.0159677239773,0.8469182902725834,4.200721169719144,-2.4436071839689872
2024-05-20 18:00:00,586.1167612343928,-1.3554825110174988,0.5123722891142842,-2.1436510124895976
2024-05-20 19:00:00,586.2171859835073,-1.7448227327438417,0.6978772118917537,-2.220240462655142
2024-05-20 20:00:00,586.3172133242223,-1.498773391880718,-0.4909474258612432,-2.2174925064803626
2024-05-20 21:00:00,586.4168154268664,-2.588679155344721,0.2363587759581562,-2.8244950474798327
2024-05-20 22:00:00,586.5159651135916,-1.0233664965270464,2.851106719652177,-2.45370533671679
2024-05-20 23:00:00,586.6146366434506,-1.5903084628228044,6.348461954087644,-0.6827901347153571
2024-05-21 00:00:00,586.7128052083642,-1.0941727099393574,4.194407672863054,0.31695982871217343
2024-05-21 01:00:00,586.8104462752949,-0.716547734499045,2.1968851324058365,-0.020783673201719744
2024-05-21 02:00:00,586.9075355754777,-0.00697917945296922,2.5589941276429684,0.5504494763322484
2024-05-21 03:00:00,587.004048678804,-0.2155818686484281,2.2388199335925205,0.7927132562519714
2024-05-21 04:00:00,587.0999613612987,-2.041980251118389,1.948264750629007,0.6137541391906768
2024-05-21 05:00:00,587.1952503227235,-1.0031938661140885,2.3670990348925094,-0.029155491501949165
2024-05-21 06:00:00,587.2898933200494,-0.49099491268361817,3.3507919143124685,-0.649690321678213
2024-05-21 07:00:00,587.3838698421926,-1.2998709947951284,0.9514652401962558,-0.36546408759378274
2024-05-21 08:00:00,587.4771624695304,-0.58118936387757,5.0075045399859786,-0.923477645638874
2024-05-21 09:00:00,587.5697560986421,-0.6006113637077988,0.8718442365894733,-0.8209889715237676
2024-05-21 10:00:00,587.6616374876241,0.08250386841086765,-1.8135377699323278,-1.9206035861027237
2024-05-21 11:00:00,587.7527951493714,-0.637534329306277,-3.4304469145240817,-2.9548139055410436
2024-05-21 12:00:00,587.843219066376,-1.6978372012974887,-8.481661856467525,-2.3437200086109384
2024-05-21 13:00:00,587.9328996842688,-2.3436544594408133,-9.720833723076973,-1.9984115017509536
2024-05-21 14:00:00,588.0218272852826,-4.015875735373356,-6.658288090076689,-1.4476634598326115
2024-05-21 15:00:00,588.1099920764341,-2.7963547671339484,-7.5458169829985655,-1.2478203263015917
2024-05-21 16:00:00,588.1973849227273,-1.426009363978551,-0.5064287736010751,-0.6549467851476831
2024-05-21 17:00:00,588.2839970445907,-0.1353488004403971,3.6446308342785696,0.12672092157101794
2024-05-21 18:00:00,588.3698194575755,-0.7818436964314515,0.09121421805532015,1.4908100208005466
2024-05-21 19:00:00,588.4548430527759,-1.055527474604105,0.1528186892345621,1.2478657325935896
2024-05-21 20:00:00,588.5390583892483,-0.7371266314690956,-1.0245001010006165,2.202568343221409
2024-05-21 21:00:00,588.6224559785845,0.11741645049175986,0.1486727047886331,0.561454866135099
2024-05-21 22:00:00,588.7050265525344,-0.30759955681821793,2.4191969205063506,1.233376083777417
2024-05-21 23:00:00,588.7867610941441,-1.486636823383492,6.013963926598742,0.855911802640551
2024-05-22 00:00:00,588.8676510973946,1.1262782756327852,3.6444690299099447,0.5016015970625952
2024-05-22 01:00:00,588.9476888895219,1.5583288106904547,1.9774211908149504,1.086561108972695
2024-05-22 02:00:00,589.0268673508415,2.3608651421421882,2.232273098627577,0.9199944083886351
2024-05-22 03:00:00,589.1051795581317,4.246852826434406,2.2993918619093394,-0.791424246475482
2024-05-22 04:00:00,589.1826189926275,6.528340160626271,2.2023804088576897,-0.7833395621114814
2024-05-22 05:00:00,589.2591799089159,7.914127340258801,2.8932838865461874,-1.0765911357209093
2024-05-22 06:00:00,589.3348575510014,3.8044935702745306,3.9540821490765885,-0.4134332703525848
2024-05-22 07:00:00,589.409647872183,3.145697028622294,1.4161846854296158,-0.5315295862347518
2024-05-22 08:00:00,589.4835475119611,0.905097050010113,5.194724547937101,-0.46336910990829705
2024-05-22 09:00:00,589.5565548331791,1.6049642928310277,1.0859963773964605,-0.12751550340658732
2024-05-22 10:00:00,589.628670644983,-1.8913331720262931,-1.6435758152976379,-0.5237616576591176
2024-05-22 11:00:00,589.6998974605872,0.11090618284356424,-2.931198989670635,-0.4596046537601483
2024-05-22 12:00:00,589.7702378761293,1.333983245930881,-7.904409574830353,2.0801884527701238
2024-05-22 13:00:00,589.8396947541291,2.1444366541878708,-9.358496350946517,1.9443649426296283
2024-05-22 14:00:00,589.9082717393788,1.8926892453913524,-6.467875526178948,1.1669145414087865
2024-05-22 15:00:00,589.9759726774738,2.8883949221109333,-7.301677956017591,2.4173103564328824
2024-05-22 16:00:00,590.0428016294504,2.9240781925417423,-0.34162024490525866,2.5747404229131
2024-05-22 17:00:00,590.1087624412704,0.4459326680084814,3.2642646357809224,1.411040254940133
2024-05-22 18:00:00,590.1738584118524,3.766617854312017,-0.5097082365871604,2.559231970422734
2024-05-22 19:00:00,590.2380927047728,4.134678930758582,-0.5757331166437223,2.272961481112411
2024-05-22 20:00:00,590.3014683702477,4.3933940654864045,-1.7062195039055392,3.4513570681714936
2024-05-22 21:00:00,590.3639881655245,3.578749500754725,0.10539832108566141,2.7618640126351157
2024-05-22 22:00:00,590.4256542092088,2.329889972122942,1.894483694751254,3.149972123917014
2024-05-22 23:00:00,590.4864678605302,3.397715416066262,5.672362286161551,2.9834544372420675
2024-05-23 00:00:00,590.546429777874,2.7858505882544478,2.9248571297044945,0.6528625041670718
2024-05-23 01:00:00,590.6055400918679,2.7567001024380033,1.6090117285303551,1.2587480771638024
2024-05-23 02:00:00,590.6637986791014,2.5473334698992858,1.7863879091143569,0.27247994188486824
2024-05-23 03:00:00,590.7212047330727,3.6620072941925628,2.33717965302054,-0.3603916802856686
2024-05-23 04:00:00,590.77775647553,4.1966917371564705,2.599550042037946,-0.13399825472432042
2024-05-23 05:00:00,590.8334509720397,2.929163129945209,3.570693273542081,-0.8933073755270009
2024-05-23 06:00:00,590.8882842042664,3.4042953828229656,4.5558691333871035,0.011551279523533516
2024-05-23 07:00:00,590.9422511409434,3.0831141514415776,1.898768791224859,0.6058659163901936
2024-05-23 08:00:00,590.995345909207,2.4935578005296293,5.372515310768132,0.20858097949536045
2024-05-23 09:00:00,591.0475614584485,-0.6762736840770458,1.2309708676581614,0.9377413579703362
2024-05-23 10:00:00,591.0988898313823,1.9322060039172584,-1.4645377665604822,1.3834419312609973
2024-05-23 11:00:00,591.1493224626784,0.7812746280269494,-2.396684965081085,1.1660878743758254
2024-05-23 12:00:00,591.1988502492528,1.398542892053797,-7.40883128566092,1.8014381443542393
2024-05-23 13:00:00,591.2474632980915,1.2135798668080042,-9.109723814996574,1.0386806500970902
2024-05-23 14:00:00,591.2951509199377,2.7409763748260048,-6.361769734551569,2.41564243978787
2024-05-23 15:00:00,591.3419017295832,1.9770191453961843,-7.112055308137414,2.9831344331580425
2024-05-23 16:00:00,591.3877038662314,2.292983151335534,-0.22257618625349004,3.671889168686546
2024-05-23 17:00:00,591.4325464170302,3.8100643069424223,3.0696996951171953,2.8576895809101868
2024-05-23 18:00:00,591.4764210042257,6.054961626251384,-1.0074681612233607,3.3460855307463544
2024-05-23 19:00:00,591.5193205164674,6.4073040930514935,-1.1697669579961274,3.763142348477224
2024-05-23 20:00:00,591.561236745504,8.362352995390552,-2.1925992863027166,3.669009545408263
2024-05-23 21:00:00,591.6021602768593,7.445615064727235,0.03495844767286509,3.727266210740434
2024-05-23 22:00:00,591.6420806312634,6.511817556577057,1.2803550214568387,4.2657467907027655
2024-05-23 23:00:00,591.6809860283269,5.731498191998412,5.461388250330644,3.2761275293441203
2024-05-24 00:00:00,591.7188636542523,3.9368646045098785,2.128381038813299,2.6258907024245297
2024-05-24 01:00:00,591.755700324098,3.4946179153531602,1.1687514410990973,2.610930319449681
2024-05-24 02:00:00,591.7914838380862,4.910902870632299,1.4372303497493983,2.0903829415322015
2024-05-24 03:00:00,591.8262020204592,3.438282736841984,2.3756079484629877,2.7199072942358944
2024-05-24 04:00:00,591.8598425367499,3.668254068281726,3.2432942557064894,2.6186091392619866
2024-05-24 05:00:00,591.8923935964133,3.7453175726290056,4.304188184364795,2.6181006465929255
2024-05-24 06:00:00,591.9238439353592,3.9367275138941977,4.916545933920439,3.8228826168261385
2024-05-24 07:00:00,591.9541824969772,3.64846420739741,2.209462279209848,3.467891016415462
2024-05-24 08:00:00,591.9833981382538,6.1073578227059215,5.493653059604591,4.6855909794355455
2024-05-24 09:00:00,592.0114795489113,6.127421857611353,1.3198351420775518,3.701263451399822
2024-05-24 10:00:00,592.038415104932,4.465105407038209,-1.2119016763811221,4.238381164410836
2024-05-24 11:00:00,592.0641929334375,5.624796977868073,-1.9534663122744116,4.574476400968677
2024-05-24 12:00:00,592.0888008121988,6.2622944110679555,-7.116741906435241,4.505646683168453
2024-05-24 13:00:00,592.1122260048496,6.2963640939588,-8.991918988125269,3.863328889316765
2024-05-24 14:00:00,592.1344556741864,5.337217863824662,-6.267535870363604,4.2258623323525955
2024-05-24 15:00:00,592.155478193362,5.012085179116184,-6.950047750872275,3.8424843783940297
2024-05-24 16:00:00,592.1752827169205,3.751883321340415,-0.16986823470552898,4.542702196444515
2024-05-24 17:00:00,592.1938589046058,-2.098701355001481,2.7659936668072116,4.808848783588458
2024-05-24 18:00:00,592.2111969733043,0.9843945151815205,-1.2400223258571916,5.264430837371442
2024-05-24 19:00:00,592.2272876396006,1.2944377846952193,-1.4374227965055844,5.515697372209676
2024-05-24 20:00:00,592.2421223996084,2.085474865629749,-2.466626932991904,7.2290296677536805
2024-05-24 21:00:00,592.2556938511239,1.5506007502764305,-0.02497834508590155,4.858683743685519
2024-05-24 22:00:00,592.2679953465145,1.8705676320455495,0.7438567145938123,5.4175803068461255
2024-05-24 23:00:00,592.2790205830094,2.4292846314006056,5.395540912476608,3.4361538731134673
2024-05-25 00:00:00,592.288763325068,3.2819070116460125,1.4399217711331582,2.7094078921527975
2024-05-25 01:00:00,592.297217259267,3.2630185019394276,0.7260927293609566,2.683671509432709
2024-05-25 02:00:00,592.3043761798914,1.758907409478411,1.237342138894416,4.739374271735732
2024-05-25 03:00:00,592.3102338489863,3.0320106887963902,2.3451133213169233,5.492642140900296
2024-05-25 04:00:00,592.3147840007254,3.2582973665419104,3.9013597578868087,6.195558874845873
2024-05-25 05:00:00,592.3180205095199,2.5392524771101534,5.030981906567788,6.361745106802093
2024-05-25 06:00:00,592.3199377406379,2.921467295824982,4.77961548161393,4.8789794819230865
2024-05-25 07:00:00,592.3205311040514,4.058701266499725,2.1329160969386223,3.8078515325102584
2024-05-25 08:00:00,592.319797608647,3.0114822070842138,5.616518007863899,3.352202176404831
2024-05-25 09:00:00,592.3177351217992,3.4891086341737036,1.3790375354527662,3.174118708574357
2024-05-25 10:00:00,592.3143419582505,3.286386134816894,-0.9186384156855337,4.347910322618226
2024-05-25 11:00:00,592.3096170867517,3.688103463204925,-1.4859941122803966,4.818273562323809
2024-05-25 12:00:00,592.3035605159622,4.920930307575077,-6.873780211312022,2.39928938777474
2024-05-25 13:00:00,592.2961731880349,4.3128992104140025,-8.848132407708643,2.7290600092596833
2024-05-25 14:00:00,592.2874571292365,2.206297522583668,-6.086905007036072,1.9631503552159375
2024-05-25 15:00:00,592.2774153942385,2.4281249747688207,-6.75525897677892,2.7697186077716665
2024-05-25 16:00:00,592.2660524203673,2.839412215303014,-0.07684437457895854,1.8913797389086708
2024-05-25 17:00:00,592.2533741434112,-2.6530197611947415,2.6172319426096333,-9.407586324826125
2024-05-25 18:00:00,592.2393874247571,-1.4752210672879755,-1.3454067116277257,-7.658759645841427
2024-05-25 19:00:00,592.2241001855378,-1.3338067157603746,-1.531999591640786,-8.138293878136716
2024-05-25 20:00:00,592.2075215637446,-0.46948404720865256,-2.6890758751345136,-6.678961641401452
2024-05-25 21:00:00,592.1896621137348,2.214929150192688,0.0063112078115352965,-7.650902471739045
2024-05-25 22:00:00,592.1705346231137,1.6359297310193597,0.3880517448717703,-8.754516099004686
2024-05-25 23:00:00,592.1501541131324,-0.0293429181826923,5.392637047534367,-9.583448242484094
2024-05-26 00:00:00,592.1285373593963,1.4399113867042388,0.8958176279508813,-11.114266374051404
2024-05-26 01:00:00,592.1057024740936,1.5057923234907094,0.33050569627021303,-10.81200049385449
2024-05-26 02:00:00,592.0816686631924,-0.5888588234037115,1.1124619980581754,-8.735271837846861
2024-05-26 03:00:00,592.0564564784052,-0.33911291119625275,2.2813502545678825,-7.218693821776918
2024-05-26 04:00:00,592.0300876546074,0.9215328621979779,4.17878521528959,-5.500405732094996
2024-05-26 05:00:00,592.0025844780888,2.110649381518556,5.425621926572202,-4.738855786179517
2024-05-26 06:00:00,591.9739697527222,2.6744464513041066,4.26896370136554,-5.657379905391893
2024-05-26 07:00:00,591.944266396368,2.2328629554874624,1.7227281338082343,-4.349857485663682
2024-05-26 08:00:00,591.9134965104892,1.4029487971388335,5.756986758588422,-4.743432066216328
2024-05-26 09:00:00,591.8816814452792,1.0895544162887063,1.5081655559050373,-3.8094014174730355
2024-05-26 10:00:00,591.848842096838,0.9203129231412959,-0.6234868067083776,-3.9656682132708303
2024-05-26 11:00:00,591.8149997240243,2.256945874440021,-1.0811624448595334,-3.0707831536048795
2024-05-26 12:00:00,591.7801770058825,1.1140185761411203,-6.703285086442273,-3.7509104955812713
2024-05-26 13:00:00,591.7443979993487,0.27701180301380646,-8.706819806021485,-2.9345899963410886
2024-05-26 14:00:00,591.7076878609793,1.3253902076882014,-5.949874665314584,-1.8032034033528872
2024-05-26 15:00:00,591.6700731963927,0.7178549718360046,-6.609646675996723,-1.5482814922319244
2024-05-26 16:00:00,591.6315813877593,0.382513692759062,0.027685009577020452,-3.061780090095322
2024-05-26 17:00:00,591.5922403165802,2.3848777313510254,2.6812550175752854,-9.658373065506474
2024-05-26 18:00:00,591.5520784749882,0.4262590977674563,-1.3807596053721358,-6.367577967383487
2024-05-26 19:00:00,591.5111249820075,-0.08929415165675891,-1.514905816987882,-6.236925013362932
2024-05-26 20:00:00,591.4694097064581,0.1773589863023517,-2.5743322719070703,-7.15243642085339
2024-05-26 21:00:00,591.4269626892994,-3.05760284750977,0.07660224689429868,-5.795962088683922
2024-05-26 22:00:00,591.3838139498243,-0.06895700132247384,0.18915870489326764,-5.2740156533952005
2024-05-26 23:00:00,591.339993756418,1.406449986535108,5.3794130829771,-3.5958568259301904
2024-05-27 00:00:00,591.2955335635626,0.3054776822667691,0.5947124342072231,-2.245723680036501
2024-05-27 01:00:00,591.2504658912825,1.1657522843901234,0.062007512910709085,-2.218225688583339
2024-05-27 02:00:00,591.2048237955852,3.854375138956698,1.146753608744508,-2.8559525432862873
2024-05-27 03:00:00,591.1586406838014,2.809424354374414,2.1705662659991667,-1.908631304174925
2024-05-27 04:00:00,591.1119501204487,3.126901342377778,4.162169019922029,-1.2810204827484712
2024-05-27 05:00:00,591.0647855363758,3.474836115530593,5.433410298588723,-0.7530319504950279
2024-05-27 06:00:00,591.017180364485,3.2832550665660847,3.6506949859559703,-0.04113041700702297
2024-05-27 07:00:00,590.969168112674,2.263593155308399,1.1205610921268012,0.3266776398908157
2024-05-27 08:00:00,590.9207824479353,0.6722142360918042,5.7229903219972655,-0.865987006024265
2024-05-27 09:00:00,590.8720569595179,0.42086896825139775,1.6074238054007952,-1.6503497331700185
2024-05-27 10:00:00,590.8230248349971,1.9796593709530725,-0.46451564449954685,-2.208168561450649
2024-05-27 11:00:00,590.7737186080784,1.4843292913604955,-1.0621795569107981,-2.6658683425281495
2024-05-27 12:00:00,590.7241699125881,0.5401624243486367,-6.6115734487024564,0.21724111176572944
2024-05-27 13:00:00,590.6744093388996,0.3868683072278145,-8.580750126049677,0.029472479922271377
2024-05-27 14:00:00,590.6244665735845,-1.1777744844705467,-5.809504115814686,-1.4471879732992716
2024-05-27 15:00:00,590.5743703957553,0.2786067901017759,-6.429839711043796,-2.7931374748133635
2024-05-27 16:00:00,590.5241484583626,0.5309421486914516,0.17239970386719888,-2.6074903109211807
2024-05-27 17:00:00,590.4738271252735,0.012249029011059065,2.608217199116773,-2.2142933534013816
2024-05-27 18:00:00,590.4234316229163,0.6966568194669662,-1.0363329868302755,-1.93375545555298
2024-05-27 19:00:00,590.3729861539267,0.6420079849156082,-1.0933862151421327,-2.0016079237002655
2024-05-27 20:00:00,590.3225134693945,0.925850828622174,-2.0480547852150535,-2.0603095128015654
2024-05-27 21:00:00,590.2720345373403,-0.13015177458805738,0.3226557492767353,-2.744538512028947
2024-05-27 22:00:00,590.2215687965947,-0.33242799858317085,0.16515277014608418,-2.3542935681575603
2024-05-27 23:00:00,590.1711333777575,0.885272448928049,5.242892540413883,-0.439298367099463
2024-05-28 00:00:00,590.1207440921374,1.7475903267793456,0.34970049899920647,0.39196508208396186
2024-05-28 01:00:00,590.0704165616944,1.5858530853877255,-0.22738616500823625,0.0511165179261773
2024-05-28 02:00:00,590.0201673622778,1.8232988802145655,1.3041168823790081,0.5924168751285982
2024-05-28 03:00:00,589.9700143549962,2.6850992709132697,2.0541478773736923,0.9207384967167602
2024-05-28 04:00:00,589.9199754242927,3.643521360017303,4.06650671870835,0.7499964969816473
2024-05-28 05:00:00,589.8700676065542,2.915961568060311,5.239474405556746,0.13449641982872096
2024-05-28 06:00:00,589.8203058350495,-0.9252876777486563,3.2195670833774157,-0.43458524067827115
2024-05-28 07:00:00,589.7707027372563,-0.3378008077444292,0.4892311953456453,-0.20213312485745383
2024-05-28 08:00:00,589.7212678974864,0.30504750246370804,5.4920033412365346,-0.7483187411867029
2024-05-28 09:00:00,589.6720086603902,-1.10051446544162,1.5624356637244845,-0.6339298586731238
2024-05-28 10:00:00,589.6229304378722,0.3499558564776635,-0.5267770501844672,-1.646109244165431
2024-05-28 11:00:00,589.5740364949487,-1.023899786705556,-1.3402265403318236,-2.869910167911218
2024-05-28 12:00:00,589.5253280342409,-2.9175594409074392,-6.658910492582046,-2.2588581007513606
2024-05-28 13:00:00,589.4768048028864,-1.857140514960065,-8.515635525305969,-1.8940287626203711
2024-05-28 14:00:00,589.4284650626029,-0.04729355790595946,-5.698016324927931,-1.2031551797689504
2024-05-28 15:00:00,589.38030504083,-0.8271236513766098,-6.276158341719824,-1.067023047733547
2024-05-28 16:00:00,589.3323194813742,-0.5770416347702394,0.27634167123641273,-0.5716195178403416
2024-05-28 17:00:00,589.2845022470432,-0.9972481987801984,2.5324881634783534,-0.029742211741300113
2024-05-28 18:00:00,589.2368475900812,-0.54786994784115,-0.19573849533629675,1.1867608530961835
2024-05-28 19:00:00,589.1893501141755,-0.18478275129609756,-0.2515489181203744,0.9269815552410244
2024-05-28 20:00:00,589.1420043782871,1.0733655287068586,-1.3990673098239912,1.9236974028300633
2024-05-28 21:00:00,589.0948052658462,-0.23404977114557823,0.6923353470322773,0.16690915826711036
2024-05-28 22:00:00,589.0477478915201,-1.4036869089401307,0.3650105505487795,1.0309284668712793
2024-05-28 23:00:00,589.0008279733453,-1.8506103399828362,4.995375107503118,0.9344072591344195
2024-05-29 00:00:00,588.9540421514193,-4.9314834124526215,0.15456527982521273,0.4528759812080763
2024-05-29 01:00:00,588.9073883877785,-5.017998848363732,-0.4943675195488755,0.9949779801340373
2024-05-29 02:00:00,588.8608661898182,-4.961473452379323,1.4933958564695766,1.007211406091474
2024-05-29 03:00:00,588.8144762366985,-2.9877515808375392,1.9637430205087474,-0.7504676763697815
2024-05-29 04:00:00,588.7682202503908,-5.044852142302716,3.870197699679557,-0.7835658077676454
2024-05-29 05:00:00,588.7221008062742,-5.253707494410605,4.762347013385619,-1.0007403252491647
2024-05-29 06:00:00,588.676120709298,-5.478553281905306,2.856377933473445,-0.4339453608661527
2024-05-29 07:00:00,588.6302821076393,-5.013737633878009,-0.09387210810215962,-0.3526723656592026
2024-05-29 08:00:00,588.5845868495198,-1.8237388356037627,5.172339124181694,-0.32318713809772537
2024-05-29 09:00:00,588.5390361130942,-2.66944785910448,1.3880545502367654,0.04235719577344421
2024-05-29 10:00:00,588.493630349525,-3.624012433383882,-0.8841109122458121,-0.42550700389536916
2024-05-29 11:00:00,588.4483696140093,-7.605116540858262,-1.9011645282488914,-0.2120885449021654
2024-05-29 12:00:00,588.4032537387322,-11.762535711873738,-6.723421200084573,2.092703173226019
2024-05-29 13:00:00,588.3582819959638,-10.175438238900028,-8.338575643620619,2.015731886556864
2024-05-29 14:00:00,588.3134524345468,-5.419197288122177,-5.47031427384816,1.5060591274235247
2024-05-29 15:00:00,588.2687624643727,-5.283267593701453,-6.115461568049927,2.789966697378618
2024-05-29 16:00:00,588.2242091456014,-5.4787641232223905,0.4034891375379781,2.8810658400828713
2024-05-29 17:00:00,588.1797895657571,-1.5166801273495594,2.5190319788225555,1.7278585827698776
2024-05-29 18:00:00,588.1355008474274,-2.1402211870214387,0.7263717591511183,2.7383485804430077
2024-05-29 19:00:00,588.0913400972987,-2.002489932618232,0.6708534544565202,2.4402963808630567
2024-05-29 20:00:00,588.0473044433695,2.7210078821985917,-0.6702312011178206,3.7919188755497975
2024-05-29 21:00:00,588.0033910176865,-2.6418815222763214,1.0289389746897568,3.0795515299001894
2024-05-29 22:00:00,587.959596423665,-2.4087698398872135,0.5960718548412358,3.413101561380895
2024-05-29 23:00:00,587.9159166958067,0.7500777937949579,4.660638047406492,3.363367462991965
2024-05-30 00:00:00,587.8723475940186,-0.508122221290364,0.07826411975980521,0.9075105075120821
2024-05-30 01:00:00,587.8288843234913,-1.1528827703922389,-0.6506618579587697,1.5846603048597447
2024-05-30 02:00:00,587.7855214793084,-1.3151056932425718,1.49928921517355,0.7602949987606537
2024-05-30 03:00:00,587.7422530803252,-4.2864726826779815,2.020839696657521,0.12337990569528502
2024-05-30 04:00:00,587.6990727399932,-1.822247455490242,3.686458975291524,0.2367157402054678
2024-05-30 05:00:00,587.6559743217977,-1.254225690311955,4.019579771240041,-0.44132840272572543
2024-05-30 06:00:00,587.6129522031576,-5.708507500446217,2.4682344107674408,0.43732088652111173
2024-05-30 07:00:00,587.570001077709,-3.938877298817033,-0.5236683683562295,1.0025445894642784
2024-05-30 08:00:00,587.5271153552911,-2.574819628090836,4.829931544649761,0.6277727281498704
2024-05-30 09:00:00,587.4842890487641,0.5771596279987534,1.118108021735269,1.2804433015019605
2024-05-30 10:00:00,587.4415158776296,-0.0019330680714801929,-1.5038677812989665,1.864284971740707
2024-05-30 11:00:00,587.3987893330773,-0.7928143366161748,-2.5754202211347397,1.5294452246736714
2024-05-30 12:00:00,587.3561027747907,-1.6106184980591252,-6.618195596459693,2.2227113197282247
2024-05-30 13:00:00,587.3134497926667,-1.4888249344612632,-7.936041699311093,1.4414168411057617
2024-05-30 14:00:00,587.2708244961632,0.174884189550653,-5.134676669742808,2.76896798402898
2024-05-30 15:00:00,587.2282204758167,0.5782797363127656,-5.8119610549796255,3.3254608428502404
2024-05-30 16:00:00,587.1856318818981,-0.8231034034628237,0.7329618563002528,4.044509665264513
2024-05-30 17:00:00,587.1430536846976,-3.8347191384156076,2.5817806151409384,2.99988483857707
2024-05-30 18:00:00,587.1004809858605,-4.151811936957984,1.4350346681889534,3.236296282908598
2024-05-30 19:00:00,587.0579088722172,-4.273683777816359,1.402106072533792,3.7036688330652763
2024-05-30 20:00:00,587.0153327267711,-3.0633842251028227,-0.01622195403864312,3.564273452370296
2024-05-30 21:00:00,586.9727484738556,-1.8168044400911185,1.3057171702015915,3.56833879603396
2024-05-30 22:00:00,586.9301527711192,-2.2050946282204222,0.7975706999823133,4.46737115711891
2024-05-30 23:00:00,586.8875425350524,-2.388770764344031,4.2988004025755515,3.4024278267161674
2024-05-31 00:00:00,586.8449142335331,-1.4431774115338385,0.10838740786025759,2.2698757701403935
2024-05-31 01:00:00,586.8022640684019,-2.1319598401108806,-0.7180468786973166,2.307742650406365
2024-05-31 02:00:00,586.7595881419952,0.4422760811447688,1.3302475924062676,1.7378881844536584
2024-05-31 03:00:00,586.7168824440289,-0.8791562528434724,2.033730007230934,2.468543801583695
2024-05-31 04:00:00,586.6741428933808,-1.1406958354795051,3.4622382224538013,2.4243147196447894
2024-05-31 05:00:00,586.6313656294508,-0.5990363496047166,3.247293367654742,2.550377352499286
2024-05-31 06:00:00,586.5885471043364,0.4537948388249333,2.2089839989036317,3.778674057935112
2024-05-31 07:00:00,586.5456841863077,-0.14407243328503228,-0.7479382186202003,3.3463264655976257
2024-05-31 08:00:00,586.502774277062,1.6756196927061637,4.3218809172357995,4.989725112995947
2024-05-31 09:00:00,586.4598156402435,0.9022329568869054,0.7360264032683296,3.4819249996012918
2024-05-31 10:00:00,586.4168073730693,1.6017337875583735,-2.331386947122327,4.122845786494618
2024-05-31 11:00:00,586.3737494182309,2.396337510795206,-3.2298639020341677,4.239776973007984
2024-05-31 12:00:00,586.3306425064403,0.734137341316341,-6.389487312553547,4.224707464796858
2024-05-31 13:00:00,586.2874881875588,0.2487025940423564,-7.4889069071783405,3.502716125577215
2024-05-31 14:00:00,586.2442884406133,-0.3607946230641801,-4.776581313871056,3.7830874963218064
2024-05-31 15:00:00,586.201044397253,0.568449469113034,-5.377333159751594,3.2978392933856524
2024-05-31 16:00:00,586.1577560250394,0.3761650842916424,1.182770122344029,3.8233087683249916
2024-05-31 17:00:00,586.1144221673335,3.0480923095651633,2.747024771619545,4.780460751481876
2024-05-31 18:00:00,586.0710410880522,2.529925226793125,1.9482196139362973,5.080814071218346
2024-05-31 19:00:00,586.0276110277655,2.1348225086080674,1.9199779533554369,5.337588510270938
2024-05-31 20:00:00,585.984129998371,2.1126654862034684,0.4164748509356909,7.136729664489744
2024-05-31 21:00:00,585.9405955588311,2.550352004829847,1.4315288004024955,4.467523635936564
2024-05-31 22:00:00,585.8970052920929,3.2138216804073636,0.9188477042109339,5.150325323288666
2024-05-31 23:00:00,585.8533569482745,0.7706613493542136,3.9891571720019487,3.2668245303693206
2024-06-01 00:00:00,585.8096480439577,0.8871459758685205,0.29828619670942846,2.564919783464252
2024-06-01 01:00:00,585.7658759922696,1.155904098364772,-0.6497123492636652,2.4379322586293037
2024-06-01 02:00:00,585.7220386873806,-2.5155814059165778,1.2520827747687289,4.871459943767232
2024-06-01 03:00:00,585.6781350312772,-3.6751498128639923,2.0585414610812878,5.40847332050554
2024-06-01 04:00:00,585.6341653375317,-5.6877086752786,3.305273564268538,6.0982697734783295
2024-06-01 05:00:00,585.5901311748274,-2.049449714048592,2.7331214226920335,6.256197116529044
2024-06-01 06:00:00,585.5460352094124,1.7519711649182454,2.2047052627990618,4.767288362870293
2024-06-01 07:00:00,585.5018809288167,2.045979169144289,-0.7275168558919753,3.709656757930888
2024-06-01 08:00:00,585.4576726934027,0.32090347589803514,3.724241939326344,3.2571818913728534
2024-06-01 09:00:00,585.4134157050755,1.8158737204577164,0.2954780487138938,2.7052325257528955
2024-06-01 10:00:00,585.3691159440259,1.14862614174001,-3.168050879333296,3.890308793567476
2024-06-01 11:00:00,585.3247798818362,0.8817591654184298,-3.9404677499373517,4.433928702682825
2024-06-01 12:00:00,585.2804143156301,1.5323164605009651,-6.2160963144655925,1.9733655383346052
2024-06-01 13:00:00,585.2360260879461,2.273540343554828,-7.134485285244029,2.2949188537430616
2024-06-01 14:00:00,585.1916218475595,2.8467854427570956,-4.513957399182242,1.4855501088656249
2024-06-01 15:00:00,585.1472084965013,0.4095466125714893,-4.897922303952972,2.4611671948802223
2024-06-01 16:00:00,585.1027925863715,0.0935074465960497,1.7025434354245426,1.7411565316078823
2024-06-01 17:00:00,585.058379890822,-0.7319746194644949,2.8309578159598887,-9.917363087317474
2024-06-01 18:00:00,585.0139751403625,4.7150508770180295,2.2297217861470413,-7.84874780352755
2024-06-01 19:00:00,584.9695813137148,4.472086226727129,2.205020533304292,-8.286688073746124
2024-06-01 20:00:00,584.9251996910979,3.449433693395008,0.684935438799042,-6.819568823291944
2024-06-01 21:00:00,584.8808301399765,3.0559917828966263,1.3220634248045353,-7.878885347677706
2024-06-01 22:00:00,584.8364710136789,2.9511253974754936,0.8915372302380112,-8.949133641392358
2024-06-01 23:00:00,584.7921191291713,2.215661254046381,3.7866202689929453,-9.7844006522106
2024-06-02 00:00:00,584.7477707058972,7.14816172642179,0.6499219546360594,-11.125854386955087
2024-06-02 01:00:00,584.7034215773173,6.229106591805362,-0.39692930580926233,-11.075598863313312
2024-06-02 02:00:00,584.6590671937712,4.993925269540682,1.2220282849093669,-8.88502074822126
2024-06-02 03:00:00,584.6147027284562,5.175546210228049,2.3106510881563507,-7.300900026840601
2024-06-02 04:00:00,584.5703230403107,6.153797064119203,3.2552074289787245,-5.579327533408578
2024-06-02 05:00:00,584.5259222466983,6.194123227262821,2.285043887987085,-4.755089361948198
2024-06-02 06:00:00,584.4814936871319,6.569903969895108,2.236505363597417,-5.797903020624411
2024-06-02 07:00:00,584.4370299662277,6.716622482372713,-0.5827014175099344,-4.570951031090465
2024-06-02 08:00:00,584.3925235260189,5.248393513506812,3.2882434914857726,-4.959160531011453
2024-06-02 09:00:00,584.3479664673368,2.603284280581761,-0.12700633864859098,-4.014244409270039
2024-06-02 10:00:00,584.3033503572997,2.2851021004846643,-3.769428556198047,-4.029023901586413
2024-06-02 11:00:00,584.2586659572684,2.6467862329549234,-4.792847812847804,-3.0926043773755647
2024-06-02 12:00:00,584.2139027533956,4.326094741896554,-6.310343215034298,-4.019654280257778
2024-06-02 13:00:00,584.1690491245512,4.568484249818994,-6.972979860462726,-3.3045535139073903
2024-06-02 14:00:00,584.1240927012611,3.0635601386779854,-4.2651947687384695,-2.3024580712005602
2024-06-02 15:00:00,584.0790204451231,2.6032640999525256,-4.4023422807130785,-2.089942264362468
2024-06-02 16:00:00,584.0338187849286,3.26695361542545,2.350298337853584,-3.3510707382076874
2024-06-02 17:00:00,583.9884734620312,-3.0200744200955114,2.9183636236091854,-9.426762665544796
2024-06-02 18:00:00,583.9429696412544,0.11529030710948973,2.328753100391692,-5.9770130487556274
2024-06-02 19:00:00,583.8972920332305,0.08922446668827888,2.3325259761457287,-5.839042476064538
2024-06-02 20:00:00,583.8514249627308,0.7243406346010488,0.8670731719142496,-6.852838769246122
2024-06-02 21:00:00,583.8053529175864,0.9981284003405335,1.0508820746500256,-5.564363392577036
2024-06-02 22:00:00,583.759060999609,-0.02077429060398117,0.7796462899898503,-5.227932998994943
2024-06-02 23:00:00,583.7125353207061,0.107835781637732,3.6804486895217314,-3.5808197918656224
2024-06-03 00:00:00,583.6657634264236,-1.8415779905932368,0.9843123877297485,-1.8284978235601086
2024-06-03 01:00:00,583.6187346257967,-1.3060520614469624,-0.13290293916261248,-1.7997796251871554
2024-06-03 02:00:00,583.5714402154999,-3.0163902338022126,1.2431594512628517,-2.5482094329605274
2024-06-03 03:00:00,583.5238729705922,-0.254289402589734,2.6598949841277664,-1.4794785521300635
2024-06-03 04:00:00,583.4760264609835,-0.9205828981342847,3.25665398187404,-0.9620975447231555
2024-06-03 05:00:00,583.4278952070596,-3.3663694964554907,1.9295416917601353,-0.5810674023642484
2024-06-03 06:00:00,583.3794746393115,-2.872263124066876,2.186143179970419,0.23664530478490559
2024-06-03 07:00:00,583.3307610203622,-2.139145327385222,-0.39912466305334887,0.527508970076458
2024-06-03 08:00:00,583.2817519261922,-2.8041673407517465,3.037178180988236,-0.7647627664287082
2024-06-03 09:00:00,583.2324453963671,-2.5312084337100487,-0.4498938890640933,-1.621343073592927
2024-06-03 10:00:00,583.1828391818317,-3.602771874474115,-4.082026384543671,-2.3280409228139427
2024-06-03 11:00:00,583.1329308431635,-4.542753542523883,-5.64865991170773,-2.8515173889319754
2024-06-03 12:00:00,583.0827185013414,0.5653593445497336,-6.500250090377978,0.31217224448683656
2024-06-03 13:00:00,583.0322011073825,0.45288135754844916,-6.9200076061866955,0.22492514125564733
2024-06-03 14:00:00,582.9813783018917,0.1924869658538455,-4.135919288382235,-1.0679459793633694
2024-06-03 15:00:00,582.9302501707531,1.397868397698062,-4.023574870425999,-2.384543698025123
2024-06-03 16:00:00,582.8788178419791,1.1129891204911928,2.939737132978026,-2.2515440954483728
2024-06-03 17:00:00,582.8270834218093,2.9150674144897266,3.043861584160294,-1.9860124204593306
2024-06-03 18:00:00,582.7750495852956,4.253346216068508,2.289101030213683,-1.7074968315778338
2024-06-03 19:00:00,582.7227193665007,4.4266069658406195,2.355257416640346,-1.7545837489816447
2024-06-03 20:00:00,582.6700965602138,5.103914085489919,0.9993408111570583,-1.8333514568606584
2024-06-03 21:00:00,582.6171854731646,4.001658607232912,0.7870369229799192,-2.6558810033774565
2024-06-03 22:00:00,582.5639905148408,3.4094988500046384,0.7493717532062076,-2.2828611180516596
2024-06-03 23:00:00,582.5105169628472,3.9180941573005157,3.6486048239883373,-0.1972159441359626
2024-06-04 00:00:00,582.4567709211705,2.5667816548304927,1.37075213793622,0.24569528606282814
2024-06-04 01:00:00,582.4027593522213,2.1656582728355716,0.13370036710946354,-0.012117992166284612
2024-06-04 02:00:00,582.3484899129267,2.748706235344798,1.4215929708262798,0.4812108809022237
2024-06-04 03:00:00,582.2939707070151,1.856181199021762,2.8405764790675034,0.8492716148956446
2024-06-04 04:00:00,582.239210280106,1.8658407952409561,3.300925026898588,0.7440238977544916
2024-06-04 05:00:00,582.1842177212501,3.6290361314601114,1.751805535788927,0.16494061150088707
2024-06-04 06:00:00,582.1290030410927,2.3043046454655496,2.104247617176843,-0.3275553037350386
2024-06-04 07:00:00,582.0735770686186,2.4680839332595497,-0.29779754889768323,-0.13386345298048827
2024-06-04 08:00:00,582.0179509159459,-0.3164845378588552,2.9404895714811325,-0.6719559495681849
2024-06-04 09:00:00,581.9621357904667,0.9535457612720393,-0.49807831065608493,-0.49760324108278176
2024-06-04 10:00:00,581.9061441734495,-0.8384287518159681,-3.9463823892988805,-1.4513330323347753
2024-06-04 11:00:00,581.8499896090946,0.3399388000593717,-6.298775939650806,-2.8611524695031822
2024-06-04 12:00:00,581.7936859490562,-0.0066069802455785975,-6.861630176776117,-2.225448792034479
2024-06-04 13:00:00,581.7372471888632,0.16322445704065558,-7.109677462969145,-1.8207941829347265
2024-06-04 14:00:00,581.6806878056067,0.02925926758678088,-4.28185743532924,-1.0680896378641962
2024-06-04 15:00:00,581.6240228826418,0.5316625390416903,-4.0027454178668425,-0.9729400038166596
2024-06-04 16:00:00,581.5672683372673,0.18678256948987837,3.1430756833826043,-0.6471265901397147
2024-06-04 17:00:00,581.5104409834787,-0.7143971126805582,3.11073185220922,-0.2567757230074408
2024-06-04 18:00:00,581.4535589073845,-0.26638491171365786,2.1914138511229413,0.8114121532063816
2024-06-04 19:00:00,581.3966404984585,-0.34569518557748324,2.3622763768367214,0.5467783102822827
2024-06-04 20:00:00,581.3397043966737,-0.8217604842114952,1.1777934351684352,1.5242626523694718
2024-06-04 21:00:00,581.2827698260827,-1.155570505599826,0.6026026426294315,-0.2498019631122848
2024-06-04 22:00:00,581.2258568640221,-1.566905976058706,0.8603524247483062,0.7306966872883299
2024-06-04 23:00:00,581.1689866967632,0.2527321627027277,3.6833234116089826,0.9849577289251092
2024-06-05 00:00:00,581.112181250129,0.07895599277094334,1.8190057739560033,0.38985698314412426
2024-06-05 01:00:00,581.055462611378,-0.23529331387408092,0.3725466471884175,0.8972840553076983
2024-06-05 02:00:00,580.9988532638279,-3.1924803458385895,1.896455392126208,1.0871716898845143
2024-06-05 03:00:00,580.9423759218553,-5.924201526906472,2.776483980236444,-0.6546583751852744
2024-06-05 04:00:00,580.8860534485888,-5.029507657236195,3.2726686775142997,-0.7892144688668102
2024-06-05 05:00:00,580.8299088790715,-3.7656812076875212,1.6627996294216822,-0.9270273008056917
2024-06-05 06:00:00,580.7739657175016,-4.523465397391078,1.9505039666301793,-0.44100428674069897
2024-06-05 07:00:00,580.7182485811915,-3.863839965335387,-0.3382603050803582,-0.19614831077565473
2024-06-05 08:00:00,580.6627830709439,-0.6293860712416972,3.0550323196448934,-0.16842931934706667
2024-06-05 09:00:00,580.6075954838151,-1.3616664105662721,-0.32754016309795836,0.18161108984916802
2024-06-05 10:00:00,580.552712383557,1.8276560354023559,-3.535487586630973,-0.3448808323283337
2024-06-05 11:00:00,580.4981605566827,2.239488477369946,-6.7637805327132945,0.01613149866062995
2024-06-05 12:00:00,580.443967201487,-1.1605912286834155,-7.426519327685197,2.0531433548816524
2024-06-05 13:00:00,580.3901600218865,-1.5243203050874854,-7.599818763564483,2.00397904676544
2024-06-05 14:00:00,580.336766855098,-0.6833113471494698,-4.61621645638876,1.7527609484402666
2024-06-05 15:00:00,580.283814953853,-0.747712552403982,-4.208770941487113,3.0926685400381144
2024-06-05 16:00:00,580.2313306891349,-0.2347801756249055,3.030810793556646,3.112638692933441
2024-06-05 17:00:00,580.1793393534174,-1.4800518916197234,3.1653671054332144,2.1153454327691548
2024-06-05 18:00:00,580.1278649041608,-4.936321256121346,2.220104936513669,2.7583514154468545
2024-06-05 19:00:00,580.0769303273581,-5.109930897401227,2.4817650535079605,2.4512355165351396
2024-06-05 20:00:00,580.0265581283708,-5.8941299848152084,1.4291923452184951,3.968379511225964
2024-06-05 21:00:00,579.9767703078519,-5.705602470131453,0.49036050175795426,3.2384716605215793
2024-06-05 22:00:00,579.927588452448,-5.430405682685773,1.1034514693591422,3.509365760878634
2024-06-05 23:00:00,579.8790336102285,-5.143464990581947,3.824676561116145,3.6297548192374602
2024-06-06 00:00:00,579.8311265449696,-3.8619114347719687,2.267915419919111,1.0528694698832968
2024-06-06 01:00:00,579.7838874654728,-3.7020030309518006,0.6148278898939574,1.7832876755850675
2024-06-06 02:00:00,579.7373359098724,-3.3405845459185457,2.4752185990149242,1.0580300370311742
2024-06-06 03:00:00,579.6914907208471,-1.9376572380665493,2.5719149921320685,0.4342515250874039
2024-06-06 04:00:00,579.6463704793739,-2.834051675684236,3.1444674191962303,0.41321377711418933
2024-06-06 05:00:00,579.6019934533764,-2.781164208992891,1.424420697947662,-0.16524994233112802
2024-06-06 06:00:00,579.5583778751121,-1.6281546868979149,1.7381657242775408,0.6316110875081615
2024-06-06 07:00:00,579.5155419132252,-1.2918120069354018,-0.43818175647622193,1.1644518501863896
2024-06-06 08:00:00,579.473503847022,-2.7597073920466073,3.355693261854782,0.9205102831698578
2024-06-06 09:00:00,579.432282114219,-2.2751679703054606,-0.08666551595312687,1.4195513720395756
2024-06-06 10:00:00,579.3918947491852,-3.997973253063833,-2.8586445716411317,2.264723075519636
2024-06-06 11:00:00,579.3523591628069,-4.201215274527158,-7.050868980277053,1.8097250919973265
2024-06-06 12:00:00,579.3136921787625,-7.706535531250211,-8.101740474536111,2.4945838270237912
2024-06-06 13:00:00,579.2759102200149,-7.816563657841584,-8.260460302314094,1.7111137401407315
2024-06-06 14:00:00,579.2390294591444,-6.867594126746667,-4.963834765497217,2.9423994330995544
2024-06-06 15:00:00,579.2030663617406,-7.723738587675825,-4.605547914437254,3.446220140372523
2024-06-06 16:00:00,579.1680377561011,-8.607623386119258,2.6374120106332106,4.172173619385013
2024-06-06 17:00:00,579.133960686287,-0.6799747139031069,3.2967746350782825,3.1292393925379085
2024-06-06 18:00:00,579.1008522620882,-0.005811223087448525,2.3305014887651057,3.174457472234163
2024-06-06 19:00:00,579.068729557893,0.1081100183490662,2.6548227700952407,3.6983376536626005
2024-06-06 20:00:00,579.0376094720081,0.9432419597690114,1.6714196519705702,3.517728916252244
2024-06-06 21:00:00,579.007508352239,1.3491368946571356,0.4053181834920886,3.478036569611711
2024-06-06 22:00:00,578.9784417204066,1.788655097879655,1.357625738942284,4.615277442771499
2024-06-06 23:00:00,578.9504229788733,1.106980754609367,3.8924381571837494,3.4301581093335063
2024-06-07 00:00:00,578.9234630137054,1.7258702668251544,2.6741899773041946,2.036476742165309
2024-06-07 01:00:00,578.8975695982984,1.4392967340993437,0.8994440358162741,2.093689631785983
2024-06-07 02:00:00,578.8727466577374,3.4435919179121584,2.9830004582822216,1.450660966068197
2024-06-07 03:00:00,578.8489950811468,2.0911729377723987,2.3265852634559376,2.1932467176248527
2024-06-07 04:00:00,578.8263137749507,3.0504012248727577,3.008292645935252,2.1949923542413066
2024-06-07 05:00:00,578.8046990984119,3.588242263887537,1.2027759354805723,2.414282702220063
2024-06-07 06:00:00,578.7841443942391,2.229693612420647,1.5954575952318575,3.7207043981084316
2024-06-07 07:00:00,578.7646403891844,2.215911823149213,-0.4743192888006869,3.263767076467015
2024-06-07 08:00:00,578.7461753781561,1.3628801545677334,3.8384590542543418,5.172485413021799
2024-06-07 09:00:00,578.7287352149167,2.5254958283053384,0.11270255066223273,3.203066406115818
2024-06-07 10:00:00,578.7123036330642,1.650636338096092,-1.9951372295362613,3.8821972583759727
2024-06-07 11:00:00,578.6968624203959,0.8424457288138001,-7.118388941316633,3.8290807921069736
2024-06-07 12:00:00,578.6823919100714,0.4297061450425872,-8.586924430982963,3.89482637586901
2024-06-07 13:00:00,578.6688704710675,0.6918225366936213,-8.77491453408435,3.1242215263232453
2024-06-07 14:00:00,578.6562742151023,-0.4112456892304408,-5.328929748459048,3.3339012225871727
2024-06-07 15:00:00,578.6445771446693,-1.0602758643403831,-5.186427199655683,2.7621259193267753
2024-06-07 16:00:00,578.6337522209175,-0.6181717337117334,2.0993508653945088,3.1250686473997114
2024-06-07 17:00:00,578.6237716117357,-2.961823248461883,3.4300095096137793,4.688042127112371
2024-06-07 18:00:00,578.6146069065534,-1.2215350834569563,2.369296982409745,4.90763119449374
2024-06-07 19:00:00,578.6062292040862,-1.221037628623094,2.751045654545667,5.163762769991243
2024-06-07 20:00:00,578.598608825445,-1.4858306859496224,1.8787289729388754,7.008492887565737
2024-06-07 21:00:00,578.591715365829,-1.7224981731222897,0.517596134440279,4.153186672852896
2024-06-07 22:00:00,578.5855177068022,-1.8317903572250316,1.5895893339256277,4.886683316497298
2024-06-07 23:00:00,578.5799840915772,-3.7724405367049485,3.8591240906428235,3.0933323544849127
2024-06-08 00:00:00,578.5750823241284,-1.5755701199155965,2.902220226358148,2.518267569428984
2024-06-08 01:00:00,578.5707798695752,-2.1367654574224844,1.0529367558092113,2.3330488320381084
2024-06-08 02:00:00,578.567043738442,-1.141182386833293,3.1936989358274572,5.090439712563916
2024-06-08 03:00:00,578.5638404287948,-2.3058769064841727,2.0179753425225178,5.314061135166861
2024-06-08 04:00:00,578.5611359631795,-1.8231004074959856,2.9279846240525234,5.933979820263934
2024-06-08 05:00:00,578.5588961197873,-2.7477292847729586,1.1399178452352747,6.108915319750367
2024-06-08 06:00:00,578.5570865623687,-3.3535851424175007,1.5303407993761162,4.576157780672733
2024-06-08 07:00:00,578.5556730630911,-4.548182169883148,-0.45297351143855163,3.5754826182306307
2024-06-08 08:00:00,578.5546218622335,-2.999045283689725,4.2594665952391075,3.1449568262171566
2024-06-08 09:00:00,578.5539005405348,-2.74760211456271,0.32310434408551586,2.290597229942378
2024-06-08 10:00:00,578.5534777971816,-3.0127837459730245,-1.3051226224143009,3.3744285712056903
2024-06-08 11:00:00,578.5533235179606,-4.771358589722354,-6.96012996047546,3.988165032237126
2024-06-08 12:00:00,578.5534087537291,-4.46673571222334,-8.76432240495538,1.4976493634497352
2024-06-08 13:00:00,578.5537058296907,-4.449302440787164,-9.043981404647134,1.8395780157436905
2024-06-08 14:00:00,578.5541881922974,-3.8058688426741583,-5.805363051144421,1.0470437015212772
2024-06-08 15:00:00,578.5548294304709,-3.1015583009915417,-5.828538124251672,2.1352669947722713
2024-06-08 16:00:00,578.5556038018841,-3.018294030593438,1.4583871730400566,1.5543030556693
2024-06-08 17:00:00,578.5564867494788,-2.0131709916315685,3.4347101710645744,-10.20802592891181
2024-06-08 18:00:00,578.5574552801719,-1.4498562957658123,2.4432751808026514,-7.780874165208677
2024-06-08 19:00:00,578.5584880141314,-1.7129486602020734,2.8780979798348305,-8.173637333764177
2024-06-08 20:00:00,578.5595651568148,-2.1245914414140543,2.034735418381653,-6.729709133782286
2024-06-08 21:00:00,578.5606684221823,-3.586747260245261,0.8503681793145815,-7.654289341251648
2024-06-08 22:00:00,578.5617806242968,-2.9321908190562453,1.862078138061898,-8.671667943302433
2024-06-08 23:00:00,578.5628861901185,-1.6766402740796593,3.8677961101888676,-9.774042026227818
2024-06-09 00:00:00,578.5639704373107,-2.773000582886084,2.9885537148819354,-11.139523569306572
2024-06-09 01:00:00,578.5650199412203,-2.9601212273823876,1.056145125291675,-11.251043839129611
2024-06-09 02:00:00,578.5660223688988,-1.4484649717481943,3.122542154264237,-8.990099551414824
2024-06-09 03:00:00,578.5669654393739,-3.486914453284612,1.6517088000452245,-7.2817597861344705
2024-06-09 04:00:00,578.5678368383188,-4.392859955075892,2.922274930276818,-5.547251813519834
2024-06-09 05:00:00,578.568624485858,-5.203810819024056,1.3014975897396268,-4.666311256573514
2024-06-09 06:00:00,578.569315864713,-4.1729548624260815,1.5486803095522448,-5.835041311839036
2024-06-09 07:00:00,578.5698979004441,-3.1403962639062684,-0.3713522695363232,-4.688149367001407
2024-06-09 08:00:00,578.5703572074832,-2.7364387591120476,4.472064132906587,-5.105982581277678
2024-06-09 09:00:00,578.5706797657703,-4.1161514966199775,0.5533031069104544,-4.1578313760607
2024-06-09 10:00:00,578.5708522131822,-1.8335294151863764,-0.9731361655722953,-4.044186632423515
2024-06-09 11:00:00,578.5708620812529,-2.529917577305241,-6.5590135664478435,-3.061930937499988
2024-06-09 12:00:00,578.5706971186377,-5.743331425120459,-8.703119337009909,-4.10424635650738
2024-06-09 13:00:00,578.5703453685971,-5.238205922699308,-9.085272191290517,-3.456867254607305
2024-06-09 14:00:00,578.5697953248631,-1.876055040564438,-6.26059153105062,-2.6231487532481195
2024-06-09 15:00:00,578.569036110988,-2.251111267205488,-6.280502645417371,-2.437422198365036
2024-06-09 16:00:00,578.568057721558,-3.023230975535853,0.8961631285864035,-3.4309898746086183
2024-06-09 17:00:00,578.5668510695501,0.5807046129948503,3.3515693917997336,-8.91912507434468
2024-06-09 18:00:00,578.565407566149,-0.3519218257002876,2.4845000312731114,-5.507985771721838
2024-06-09 19:00:00,578.5637190139353,-0.038639728340740476,2.953525674212798,-5.38860495980722
2024-06-09 20:00:00,578.5617779587917,0.1210319910560429,2.0043390881832854,-6.487149038030964
2024-06-09 21:00:00,578.5595780929997,-0.47100110068754475,1.0478772908253227,-5.2864542831374814
2024-06-09 22:00:00,578.5571142577705,0.0774615364859983,2.093168462814474,-5.107744257070989
2024-06-09 23:00:00,578.5543823129269,0.22425199381757466,3.9480867207249206,-3.48672102746943
2024-06-10 00:00:00,578.5513787601503,0.7357171782307432,2.8661430594331216,-1.463238997814197
2024-06-10 01:00:00,578.548100659047,1.7518602507600463,0.8917693102068083,-1.4217302200138469
2024-06-10 02:00:00,578.5445457377095,0.7259969773183457,2.7898314167484064,-2.140374131776251
2024-06-10 03:00:00,578.5407123248089,-1.271906606821858,1.4206080607228513,-0.9394137787098783
2024-06-10 04:00:00,578.5365994732388,-0.8448413941716808,2.873649211892077,-0.49540729095906155
2024-06-10 05:00:00,578.5322072906994,-0.8331661797245715,1.489460980876764,-0.19850209185155657
2024-06-10 06:00:00,578.5275369565662,-0.21695225009182195,1.57526246919715,0.7141528243285361
2024-06-10 07:00:00,578.5225906870874,-0.057248730163451,-0.33383749263579504,0.9084955357118797
2024-06-10 08:00:00,578.5173714924732,1.8398677321778223,4.486181112533399,-0.4834203371843539
2024-06-10 09:00:00,578.5118831158777,0.20418327696904726,0.7162403748193413,-1.3423067676660119
2024-06-10 10:00:00,578.5061296728624,2.496297450054385,-0.8999827320801255,-2.2024443908365563
2024-06-10 11:00:00,578.5001160462515,1.9569298715517789,-6.021200985668238,-2.7958449321350622
2024-06-10 12:00:00,578.4938476890804,-0.27627498068511613,-8.308649468213583,0.6010767598183077
2024-06-10 13:00:00,578.4873307724218,-0.09561678874626978,-8.818534923587787,0.5568209399122445
2024-06-10 14:00:00,578.4805721519908,0.845269697951835,-6.414916521632742,-0.5609253283098399
2024-06-10 15:00:00,578.473579135419,-1.0533589411476214,-6.289340711139947,-1.8608794831314281
2024-06-10 16:00:00,578.466359384701,0.40041755990819183,0.7701613441607497,-1.816938288769956
2024-06-10 17:00:00,578.4589209091486,3.249338313065209,3.38692494117601,-1.8251841633898824
2024-06-10 18:00:00,578.4512720509518,1.5460021484902882,2.3633348927672655,-1.5206090922093807
2024-06-10 19:00:00,578.4434214507052,1.6244363532275656,2.831826429375729,-1.5596842333083885
2024-06-10 20:00:00,578.4353781275453,2.9660109691251364,1.758596100388179,-1.6299851970586081
2024-06-10 21:00:00,578.4271518830487,7.08217948213678,1.0450699174111924,-2.5744012825966354
2024-06-10 22:00:00,578.4187535215694,2.7596866358079524,2.20414885954977,-2.252589016927158
2024-06-10 23:00:00,578.4101941613195,2.845941678744225,4.0586493995796005,-0.014785239643416985
2024-06-11 00:00:00,578.4014844916122,3.5919631617518917,2.457683689860527,-0.07113134322467767
2024-06-11 01:00:00,578.3926341657495,3.4740315976717966,0.5308339992896113,-0.17749976271088364
2024-06-11 02:00:00,578.3836516501933,2.157016998856193,2.3293428762212356,0.20998847472919954
2024-06-11 03:00:00,578.3745446736972,4.106847287783239,1.519501241758088,0.5891067967614942
2024-06-11 04:00:00,578.365319997712,3.621106914554616,2.833050352991254,0.5605227347421551
2024-06-11 05:00:00,578.3559837416171,4.131022432556733,1.8314800108491824,0.0015138149770400691
2024-06-11 06:00:00,578.346542796495,5.187063185052693,1.6650184992871915,-0.3386244808348521
2024-06-11 07:00:00,578.3370049648619,5.097543493318085,-0.24718320438771244,-0.1673652537922538
2024-06-11 08:00:00,578.3273791943059,5.676066526110844,4.299874474737815,-0.6933201951546221
2024-06-11 09:00:00,578.3176756709244,5.835455292320148,0.8076205022271143,-0.410751465471629
2024-06-11 10:00:00,578.3079053019593,5.598726313109182,-1.0835582271333215,-1.403073387935255
2024-06-11 11:00:00,578.2980792702373,5.530053907844831,-5.519904596506182,-2.8882285815759223
2024-06-11 12:00:00,578.288209104427,7.294856229549282,-7.984528184123773,-2.238537149852525
2024-06-11 13:00:00,578.278306747795,7.251686999714252,-8.650722376961527,-1.7892713705476493
2024-06-11 14:00:00,578.268384744934,4.508597089400041,-6.517294886660642,-1.049686947673279
2024-06-11 15:00:00,578.258455997915,5.285115715936513,-6.243098618678451,-0.9804730951730428
2024-06-11 16:00:00,578.2485327946425,4.418711747806583,0.7738292838359342,-0.8410738262849535
2024-06-11 17:00:00,578.238626589051,3.2529985531992907,3.531306527401219,-0.5129316696514518
2024-06-11 18:00:00,578.2287474767458,6.249843410826088,2.0865153442210493,0.43489376820711645
2024-06-11 19:00:00,578.218904111227,6.352483335482816,2.5368152011579497,0.17179735213217942
2024-06-11 20:00:00,578.2091035232255,5.179306526299229,1.441289059281349,1.130300891193943
2024-06-11 21:00:00,578.1993510484829,6.789357812811431,1.0045148880098138,-0.6132237493040963
2024-06-11 22:00:00,578.189650487398,4.727467118747882,2.279169432657167,0.3937129611970768
2024-06-11 23:00:00,578.1800043674966,4.771972139458967,4.2273731209259715,1.0206503721184377
2024-06-12 00:00:00,578.1704144230539,5.869701568537607,2.0315648293030506,0.33831917910533166
2024-06-12 01:00:00,578.1608818346401,5.659138545148949,0.08705424218949383,0.8029253780214417
2024-06-12 02:00:00,578.1514068499239,3.7535168167495385,2.1899905381681695,1.1250857951584359
2024-06-12 03:00:00,578.1419889899571,4.212013020051586,1.9178983855722769,-0.5719003955808777
2024-06-12 04:00:00,578.1326274663866,6.649059249620791,2.959789602548809,-0.8614763185561688
2024-06-12 05:00:00,578.1233209221908,6.299048661966367,2.499143520507649,-0.9015131046648465
2024-06-12 06:00:00,578.1140669871296,5.231557759033535,1.8692087566237034,-0.49483350278684185
2024-06-12 07:00:00,578.104862176746,5.523039784056664,-0.058671544114843946,-0.1492304166878765
2024-06-12 08:00:00,578.0957016768094,4.997689709848373,4.0342075880539525,-0.1275989747117181
2024-06-12 09:00:00,578.0865791217977,5.477123679543183,0.901185082561364,0.20511211609765334
2024-06-12 10:00:00,578.0774865203618,3.8427337226679583,-1.3630538547018045,-0.3671663883279192
2024-06-12 11:00:00,578.0684141298244,4.834027157078481,-5.084962250361498,0.1325209634586781
2024-06-12 12:00:00,578.0593506027855,5.897760180719388,-7.789286290039283,1.882175506534383
2024-06-12 13:00:00,578.0502831924513,6.279318151256575,-8.548180332934288,1.8685789892264162
2024-06-12 14:00:00,578.0411982881924,7.113467985228112,-6.696836571679306,1.8621702982588537
2024-06-12 15:00:00,578.0320819990625,6.844845962867453,-6.284134854285205,3.2572068923552764
2024-06-12 16:00:00,578.0229205013532,4.088297572976671,0.8143811830632078,3.204400742606967
2024-06-12 17:00:00,578.0136997215432,-2.4501204960110954,3.439962399571325,2.506458374896629
2024-06-12 18:00:00,578.0044054765955,1.4464865674576686,1.6299991511983019,2.6291088047486597
2024-06-12 19:00:00,577.9950238551428,1.2721262915807756,2.0859504768562975,2.3168993764201553
2024-06-12 20:00:00,577.9855414868149,-0.011135641771033988,1.0274700291729872,3.928124125783162
2024-06-12 21:00:00,577.9759451368413,0.7611636357585212,0.8729533580825194,3.2199378693176697
2024-06-12 22:00:00,577.9662218579532,1.681542180918541,2.275517542708175,3.4667184184201534
2024-06-12 23:00:00,577.9563592066186,-1.5874503865503584,4.393285281382921,3.6578058985489013
2024-06-13 00:00:00,577.9463454009792,-1.620969201177104,1.8779932203027692,1.0166305798951856
2024-06-13 01:00:00,577.9361694057613,-1.2253710726837426,-0.17854337122418507,1.777745038146551
2024-06-13 02:00:00,577.9258214186187,-0.7191735864122393,2.4513744040086523,1.0919777637848
2024-06-13 03:00:00,577.9152927629441,-1.0815798372001382,2.4643372399597383,0.5419498342963144
2024-06-13 04:00:00,577.9045762096977,-0.5871426742306767,3.2170421415480543,0.39552432298493434
2024-06-13 05:00:00,577.8936663893724,-1.4206512230380213,3.3157983305542413,-0.08881349688856033
2024-06-13 06:00:00,577.8825595899146,0.30207622874797835,2.103009411664282,0.602354769673101
2024-06-13 07:00:00,577.8712541718718,-0.6097321224322059,0.15353185071332165,1.124946099847039
2024-06-13 08:00:00,577.8597507913474,-0.979879650487419,3.791627910748202,1.058500948391849
2024-06-13 09:00:00,577.8480521524834,-0.6766826616503749,1.0324264664826746,1.3662040426842823
2024-06-13 10:00:00,577.8361630135494,-0.2493598486380506,-1.6619345881985466,2.5751314232872375
2024-06-13 11:00:00,577.8240899682327,-0.9304035120543404,-4.849670382598916,1.9359839264205372
2024-06-13 12:00:00,577.8118413500505,-0.26205860424909133,-7.903920807456591,2.594138061655307
2024-06-13 13:00:00,577.7994270803682,-0.4266767159356277,-8.60526760024405,1.8225172358114305
2024-06-13 14:00:00,577.7868582761051,-1.7570614104640754,-6.921327283160743,2.9215304175196954
2024-06-13 15:00:00,577.7741468302539,-1.3353169672509466,-6.397688202485556,3.3388583394825586
2024-06-13 16:00:00,577.7613058221182,-1.1882560029378055,0.8659707361390437,4.080979444680548
2024-06-13 17:00:00,577.7483497463843,-1.9093135107229955,3.125260560511244,3.255703203827487
2024-06-13 18:00:00,577.7352940622303,-2.2225659111747973,1.171256286929542,3.18601556201501
2024-06-13 19:00:00,577.722155202603,-2.6614822386518426,1.6460164559962676,3.78331058005264
2024-06-13 20:00:00,577.7089510090138,-2.730514990412985,0.5811381132821954,3.6104258681168684
2024-06-13 21:00:00,577.6957006474561,-3.4491699591733322,0.6799012612862729,3.5535680504309863
2024-06-13 22:00:00,577.6824248521847,-3.354625925444111,2.2865908161386392,4.825610257120831
2024-06-13 23:00:00,577.6691457099657,-2.614042293134503,4.663782718257841,3.551113864910942
2024-06-14 00:00:00,577.6558857451229,-4.335470199407837,2.0102942054121193,2.0192902488728106
2024-06-14 01:00:00,577.6426677151899,-3.963256527262388,-0.12450873292066872,2.0750975449931337
2024-06-14 02:00:00,577.6295156679741,-5.0484555807749985,2.9342474973317176,1.4346924154691305
2024-06-14 03:00:00,577.6164550227343,-0.6123874584163786,3.0026500090464596,2.1432824266356216
2024-06-14 04:00:00,577.60351248667,-3.256682182972554,3.4917922466821256,2.1613774496204514
2024-06-14 05:00:00,577.5907155345988,-2.439000116395505,3.941421399258666,2.466863182538081
2024-06-14 06:00:00,577.5780916419848,-3.5568868521474997,2.299881033888146,3.808914176274609
2024-06-14 07:00:00,577.5656689115573,-3.776829746678459,0.35997104815853403,3.3811897869626497
2024-06-14 08:00:00,577.553476813373,-5.772214981455704,3.6372042646795357,5.411533903403174
2024-06-14 09:00:00,577.5415461917244,-3.1659927166141415,1.1872169735667604,3.0472295513230745
2024-06-14 10:00:00,577.5299093124858,-5.7640695717840345,-1.812374166494544,3.7265344257927757
2024-06-14 11:00:00,577.5185996800973,-2.7913263570453637,-4.684002303100289,3.5367289800484323
2024-06-14 12:00:00,577.5076521363819,-2.070894558534633,-8.377019825136758,3.660262247289556
2024-06-14 13:00:00,577.4971028770408,-2.4301988336477507,-8.992169822305843,2.865265778912917
2024-06-14 14:00:00,577.4869893635332,-1.570308912221435,-7.207051384922564,2.9603709336107205
2024-06-14 15:00:00,577.4773502608074,-1.3712831481209378,-6.752759732477063,2.3166926197906497
2024-06-14 16:00:00,577.4682257750451,-1.984127916163743,0.6035602430319664,2.522341898086703
2024-06-14 17:00:00,577.4596572943025,0.8966464988097869,2.8975577542376234,4.586138452650197
2024-06-14 18:00:00,577.4516857475306,-0.7886076548109031,0.8156073652308604,4.791314542049336
2024-06-14 19:00:00,577.4443510069184,-0.8587734284540147,1.2934733968294054,5.040949024706173
2024-06-14 20:00:00,577.4376932077698,-0.5936544124310785,0.2679294312586661,6.858031773402547
2024-06-14 21:00:00,577.4317531745306,-1.565994455149962,0.5299980984559177,3.9742431821633604
2024-06-14 22:00:00,577.4265719962584,-1.2267113609053695,2.421057553929498,4.659081810717416
2024-06-14 23:00:00,577.4221897258068,-0.44418420008014436,5.134258702174521,2.8477357720988508
2024-06-15 00:00:00,577.4186455402885,-2.6695253757496857,2.2470834897889516,2.4637963456723346
2024-06-15 01:00:00,577.4159776406236,-3.2685587539257313,0.16760491911592135,2.2549761941863022
2024-06-15 02:00:00,577.4142227552505,0.5218436379092282,3.587674047042833,5.216259559797406
2024-06-15 03:00:00,577.4134160071343,-0.6139540172850957,3.453181738385287,5.127356271765549
2024-06-15 04:00:00,577.4135916294869,-0.011710611615058042,3.674167128117759,5.673951854010372
2024-06-15 05:00:00,577.4147829359722,0.2569075487288046,4.2641022902195225,5.854207225079505
2024-06-15 06:00:00,577.4170215328279,-1.732497284918395,2.4757164504858795,4.159759301604751
2024-06-15 07:00:00,577.4203371420133,-1.938293722056983,0.5737031258778907,3.254253454165763
2024-06-15 08:00:00,577.4247582391735,-1.7878066409009534,3.67567393791507,2.847374463812367
2024-06-15 09:00:00,577.430312038749,-2.552487140676135,1.3387733180443617,1.8434017838827303
2024-06-15 10:00:00,577.4370239643143,-1.4236540775608546,-1.6717596387015212,2.8083897519479577
2024-06-15 11:00:00,577.4449176397517,-1.096344792544528,-4.472156667917988,3.4235838207107103
2024-06-15 12:00:00,577.4540153953511,-3.395622333969868,-9.040923259120316,0.9225301977390494
2024-06-15 13:00:00,577.4643383790706,-3.210286551704371,-9.700975117363166,1.296923289997033
2024-06-15 14:00:00,577.4759069971622,-2.120553863890109,-7.576734028510995,0.57138089523888
2024-06-15 15:00:00,577.4887415744853,-0.7927389463208101,-7.490781343514978,1.7547787153505436
2024-06-15 16:00:00,577.5028628726541,-0.8132834705824052,-0.06313552518858923,1.2935561231168813
2024-06-15 17:00:00,577.5182911321052,-0.8814078399154823,2.882936108330043,-10.219819400519743
2024-06-15 18:00:00,577.5350457860322,-2.9072441198270553,0.49424090639710616,-7.502042572602223
2024-06-15 19:00:00,577.5531453398627,-2.6616079932641696,0.9523179790954641,-7.853855325694005
2024-06-15 20:00:00,577.5726075561519,-1.9893782524537755,0.19423958595213786,-6.497468889650257
2024-06-15 21:00:00,577.5934495323042,-5.797877593552016,0.5008674521437768,-7.166439390896044
2024-06-15 22:00:00,577.6156883238045,-6.597770926134217,2.5908208117454383,-8.14873820941564
2024-06-15 23:00:00,577.6393430172061,-2.6226434469755304,5.794239159126821,-9.630938729357455
2024-06-16 00:00:00,577.66443466127,-0.51628616812377,2.5948633774686964,-11.083011870614843
2024-06-16 01:00:00,577.6909852825396,-1.5197653379165104,0.5911326495678811,-11.312352594190909
2024-06-16 02:00:00,577.7190175667475,-0.806503900779262,4.266178462210713,-9.018692128179097
2024-06-16 03:00:00,577.7485541591931,-1.3816138323028326,3.7543627733869487,-7.221303100277198
2024-06-16 04:00:00,577.7796176396088,-3.333164564354661,3.746078360639281,-5.5225314358935
2024-06-16 05:00:00,577.8122303023878,-1.1377992069583343,4.325185466417446,-4.609616561846962
2024-06-16 06:00:00,577.8464152241077,-2.330023614342281,2.6446053562414646,-5.790996966006815
2024-06-16 07:00:00,577.8821959378799,-2.048229623078896,0.8065493877131045,-4.7405157025141405
2024-06-16 08:00:00,577.9195964545825,-2.742444757399312,3.875932708924159,-5.223084406107344
2024-06-16 09:00:00,577.9586407820441,-2.7228033004726058,1.4125751436619487,-4.2384126252334315
2024-06-16 10:00:00,577.9993521641195,-3.6207984290745117,-1.3659013127245516,-4.012652422320472
2024-06-16 11:00:00,578.0417530049184,-5.527096796198521,-4.285148429541065,-2.9695077791788256
2024-06-16 12:00:00,578.0858647514499,-3.3786581872353736,-9.641771802384714,-4.055434761829786
2024-06-16 13:00:00,578.1317073769824,-2.4326653765232322,-10.426233688117993,-3.4528083123410607
2024-06-16 14:00:00,578.1792991463033,-2.3127578238604656,-8.079685339650084,-2.776855982792788
2024-06-16 15:00:00,578.2286557040875,-3.3331849186198497,-8.437691253634767,-2.5877795318328767
2024-06-16 16:00:00,578.2797912784667,-1.6630062147281706,-0.9914794034885828,-3.3153056602500612
2024-06-16 17:00:00,578.3327188139359,-4.793334915570313,2.884883964592682,-8.224267862958152
2024-06-16 18:00:00,578.387450296094,-3.1879583876428796,0.277371921499678,-5.026863829950849
2024-06-16 19:00:00,578.443996247664,-3.0041321650554664,0.7011413270265259,-4.941005409635043
2024-06-16 20:00:00,578.5023648336407,-4.492408234390268,0.3617838086101947,-6.061740407860761
2024-06-16 21:00:00,578.5625624590242,-2.2575628505335317,0.7305180651243957,-4.96551767361508
2024-06-16 22:00:00,578.6245938490947,-3.626508740197778,2.766782260210233,-4.97486736910717
2024-06-16 23:00:00,578.6884620507072,-3.3737629626810985,6.465344315543364,-3.3400434035694366
2024-06-17 00:00:00,578.7541681545049,-0.6345760739482103,3.177367460795481,-1.156959541352158
2024-06-17 01:00:00,578.8217110345811,-0.8126990344385376,1.231149366652599,-1.0901613667952037
2024-06-17 02:00:00,578.8910867863599,-3.0149023913145356,4.705548991882485,-1.6317333869278032
2024-06-17 03:00:00,578.9622881561195,-3.323630191329812,3.7380705826046663,-0.3567285473943938
2024-06-17 04:00:00,579.0353043690943,-1.808456290447225,3.6429021726449284,0.020249748707978146
2024-06-17 05:00:00,579.1101202286977,-2.9064674266624024,4.167137604770685,0.2792095931939151
2024-06-17 06:00:00,579.186715902481,-3.28201039402893,2.7578696969044048,1.3474247946434872
2024-06-17 07:00:00,579.2650668838797,-3.4620744597546036,0.9932236989259091,1.443783876948996
2024-06-17 08:00:00,579.3451439133798,-3.4099253213249767,4.223737095595923,0.0410443123493439
2024-06-17 09:00:00,579.4269126655284,-2.252388751880517,1.421041804812682,-0.7655657184606572
2024-06-17 10:00:00,579.5103324819075,-3.58425104061655,-0.9481302399768734,-1.8179512013141754
2024-06-17 11:00:00,579.5953558913857,-2.5266945154729683,-4.2027581521280855,-2.495903223784543
2024-06-17 12:00:00,579.6819301141343,-5.259259692300361,-9.931904983848778,0.9992345620149139
2024-06-17 13:00:00,579.7699972991591,-4.656317379286293,-10.847157071315635,0.9334771514429403
2024-06-17 14:00:00,579.8594950707206,-5.547709435229422,-8.647294453927808,0.005508818436551516
2024-06-17 15:00:00,579.9503577486828,-6.041144484488768,-9.404517960449748,-1.3146953037441647
2024-06-17 16:00:00,580.0425168435249,-5.792028595260831,-2.050930319406729,-1.4095579288574687
2024-06-17 17:00:00,580.1359018793662,-4.82553133341537,2.915430060570808,-1.8158006065216115
2024-06-17 18:00:00,580.2304408581628,-3.1895851487523714,0.39946274370173535,-1.4803184531120483
2024-06-17 19:00:00,580.326060262509,-3.120357196574105,0.7497362722335086,-1.5254393381684488
2024-06-17 20:00:00,580.4226861406548,-4.179925517654283,0.6319915055842025,-1.5847521285847448
2024-06-17 21:00:00,580.5202452765269,-3.090106218491087,1.1789813795138417,-2.5891204375496577
2024-06-17 22:00:00,580.6186654818567,-2.3992153580049944,2.9739521217443436,-2.3034022455961174
2024-06-17 23:00:00,580.7178752061712,-3.485647583830769,6.979915393339144,0.06785698432031341
2024-06-18 00:00:00,580.8178039869625,-3.366571966314723,3.47040304107046,-0.4716350617182225
2024-06-18 01:00:00,580.9183824061396,-3.319735134831035,1.768864842029775,-0.4075121133383079
2024-06-18 02:00:00,581.0195410678884,-2.602297234015623,4.592234359514067,-0.18947819338683775
2024-06-18 03:00:00,581.1212097518809,-2.764463011256339,3.4088878316014926,0.17436542777399527
2024-06-18 04:00:00,581.2233177639151,-2.908298481236102,3.355709868579618,0.23927084874126264
2024-06-18 05:00:00,581.3257943220362,-3.49931954711883,3.838318496746477,-0.3647932716639787
2024-06-18 06:00:00,581.4285689679192,-2.389408701180173,2.9707203819014776,-0.4798806486405929
2024-06-18 07:00:00,581.5315718919393,-2.3778568417545785,1.2139820579639218,-0.31769710814869645
2024-06-18 08:00:00,581.6347349051863,-1.5072785838686968,4.80210949060581,-0.7695658119234386
2024-06-18 09:00:00,581.7379934214813,-1.159393809807284,1.466060514485781,-0.3846601261597873
2024-06-18 10:00:00,581.8412860537743,-0.2997872191061788,-0.31644587296433146,-1.5050529617038126
2024-06-18 11:00:00,581.9445545523067,-1.7371694188784659,-4.053083621270942,-2.9343015121572242
2024-06-18 12:00:00,582.0477438968508,-1.893777395278562,-9.748995493972767,-2.2649710075995007
2024-06-18 13:00:00,582.1508025010017,-2.619247456307903,-10.87176274511853,-1.7597922995753144
2024-06-18 14:00:00,582.2536815934762,-1.2342716008986372,-9.203729564120053,-1.075680428457579
2024-06-18 15:00:00,582.356334054875,-2.4245149484611375,-10.318417604663964,-1.093401501749942
2024-06-18 16:00:00,582.4587146124134,-2.507182458391526,-3.1658700709593357,-1.1056620830624868
2024-06-18 17:00:00,582.5607799748494,-1.8152256482082976,2.9944390722026015,-0.6899933988437672
2024-06-18 18:00:00,582.6624889064718,-3.060418915334708,0.6699227705951777,0.16800723826784306
2024-06-18 19:00:00,582.7638027518174,-3.1840825072681582,0.9606455397596219,-0.09036578430874831
2024-06-18 20:00:00,582.8646865789932,-2.42147998582152,0.8623139104908144,0.8444794963375508
2024-06-18 21:00:00,582.9651087138125,-4.177298564772627,1.614895546543069,-0.8227056955828743
2024-06-18 22:00:00,583.0650409118444,-2.480629501156841,3.242665025576077,0.162923563736332
2024-06-18 23:00:00,583.1644599177988,-1.3664332423683163,7.389646853871676,1.1423264706978744
2024-06-19 00:00:00,583.2633485586974,-1.9752492225111382,2.8567758037409,0.3951248600728058
2024-06-19 01:00:00,583.361695180902,-1.954697780202423,1.6861400098927897,0.7868625894076035
2024-06-19 02:00:00,583.4594915144045,-0.38440683566966527,3.942888384959061,1.1720269363061997
2024-06-19 03:00:00,583.5567327959421,-0.9467625467154903,3.0110355733543983,-0.5310058225810004
2024-06-19 04:00:00,583.65341723023,-0.06827494652111454,3.0029195980341896,-0.9480618817430656
2024-06-19 05:00:00,583.7495448667972,-1.207135804764107,3.3851458010120923,-0.8575548630452048
2024-06-19 06:00:00,583.8451162846252,-0.07440305356260524,3.2135465442457027,-0.5442597753081747
2024-06-19 07:00:00,583.9401324898945,0.2673053339258331,1.4326497545781116,-0.15008757839846498
2024-06-19 08:00:00,584.034595045011,-0.8896066866307137,5.4257662095810755,-0.23075456796129076
2024-06-19 09:00:00,584.1285062735864,-0.7410103584974195,1.5102160601928631,0.14228802471818128
2024-06-19 10:00:00,584.2218691228043,-0.5173756378460439,0.39633031723635803,-0.5008238021945598
2024-06-19 11:00:00,584.3146872286434,0.6221224900579045,-3.4318770368335,0.13506731813218367
2024-06-19 12:00:00,584.4069643875852,-0.9671654964423624,-9.09491057591058,1.655111684767831
2024-06-19 13:00:00,584.4987046412668,-0.903315303277509,-10.574693065348207,1.7293037273588712
2024-06-19 14:00:00,584.5899123487394,1.3588068019065531,-9.673919717581635,1.9052005669355685
2024-06-19 15:00:00,584.680592208993,1.6902744365471563,-10.933661928755914,3.282795283215809
2024-06-19 16:00:00,584.770749515969,1.9972834008771088,-4.194308344554055,3.146275427707975
2024-06-19 17:00:00,584.8603898886469,2.914345796149746,3.207396901307112,2.8378674138963
2024-06-19 18:00:00,584.949518827845,7.45733838946785,0.9902976694961234,2.4728451131908873
2024-06-19 19:00:00,585.0381412765887,7.684616632719781,1.2221128286833214,2.1651292620082785
2024-06-19 20:00:00,585.1262613694666,4.826014638782112,1.1029259020853004,3.7047980896659367
2024-06-19 21:00:00,585.2138824903997,4.995601372207716,1.7544029815224567,3.186113155870071
2024-06-19 22:00:00,585.3010069511885,4.376754486319101,3.4254308558399575,3.436807706652379
2024-06-19 23:00:00,585.3876359252331,4.425329749422303,7.507384430257134,3.539649895087476
2024-06-20 00:00:00,585.4737694015024,7.9203663919992096,1.8989506341213966,0.9469135723769628
2024-06-20 01:00:00,585.5594071312125,6.587674330697837,1.2266858153545908,1.6762327227350027
2024-06-20 02:00:00,585.6445484541161,4.5467118742749335,3.283520380714628,0.975219290894277
2024-06-20 03:00:00,585.7291924164721,4.700930177324722,2.651143040807771,0.5687343653953286
2024-06-20 04:00:00,585.8133380687902,3.4895734062682777,2.6436068977470044,0.30348162719450444
2024-06-20 05:00:00,585.8969845014972,4.658037204702396,2.9642425467114686,-0.08926425291106854
2024-06-20 06:00:00,585.9801300783074,3.972496860700062,3.322522085456006,0.49485097553649426
2024-06-20 07:00:00,586.0627726752676,3.7784413601783626,1.4650069132063068,1.033779051347731
2024-06-20 08:00:00,586.1449098031932,2.3361395487446543,5.8283071978846746,1.1406434501774938
2024-06-20 09:00:00,586.2265392946018,5.448889889556199,1.5827098880132164,1.2418609278287236
2024-06-20 10:00:00,586.3076595144397,1.745426934739271,0.8777026624409483,2.809210888380123
2024-06-20 11:00:00,586.3882693068491,3.6859384703227533,-2.8761571609590253,1.9919493837872253
2024-06-20 12:00:00,586.4683679653946,8.371026036294438,-8.649982768528108,2.650588766839204
2024-06-20 13:00:00,586.5479553557739,9.0465738260134,-10.385794317601091,1.9112651358137795
2024-06-20 14:00:00,586.627031731446,6.476245219503994,-9.748275742724372,2.844998791774385
2024-06-20 15:00:00,586.7055978002589,7.090502103780523,-10.764473429739427,3.1683735256999377
2024-06-20 16:00:00,586.7836542346394,6.7665688475133265,-4.025564733727668,3.905341651575012
2024-06-20 17:00:00,586.861200914638,10.042151106439178,3.5373441367025604,3.439303842220291
2024-06-20 18:00:00,586.9382373031618,10.073105827476297,1.3826029813788814,3.2660538879828964
2024-06-20 19:00:00,587.0147628303203,9.685514751012533,1.5404230839043684,3.939299334762858
2024-06-20 20:00:00,587.0907768579681,10.795283923582815,1.3748740397961183,3.829065178652987
2024-06-20 21:00:00,587.16627873472,11.587212715473356,1.61742410565276,3.7090844441539343
2024-06-20 22:00:00,587.2412678757291,9.670204009890995,3.381629531384293,5.076898582995614
2024-06-20 23:00:00,587.315746180191,10.294881253886047,7.2639073000278005,3.765465265895106
2024-06-21 00:00:00,587.3897186758085,15.352604136475179,1.0477953470499661,2.1598818406664306
2024-06-21 01:00:00,587.4631930605692,15.186752729907312,0.7379179326323815,2.2321362768910955
2024-06-21 02:00:00,587.5361793260681,16.50894800034382,2.8258284130279336,1.5990442605601607
2024-06-21 03:00:00,587.6086897471212,15.335706760331732,2.3922847694458618,2.313318723101264
2024-06-21 04:00:00,587.6807378723221,15.980397844873778,2.3680051224291985,2.3208591603750097
2024-06-21 05:00:00,587.7523386736052,13.076563971335418,2.8102653063556784,2.6808320487037607
2024-06-21 06:00:00,587.8235080329733,13.331284206773034,3.388137188578754,4.037070571674895
2024-06-21 07:00:00,587.8942623456119,13.915079384670776,1.4197457164710148,3.670912553246391
2024-06-21 08:00:00,587.964618880644,11.037598801168542,6.120692031586615,5.657090286600857
2024-06-21 09:00:00,588.0345945406242,14.55691381775057,1.5029434736863847,2.985548167938925
2024-06-21 10:00:00,588.1042050839112,9.803286466325403,1.018477115950164,3.6540313338132675
2024-06-21 11:00:00,588.1734648054227,15.227391251591257,-2.910016057075664,3.359160000061676
2024-06-21 12:00:00,588.2423868620117,17.441448614709998,-8.704691962307804,3.520856485586183
2024-06-21 13:00:00,588.3109840529573,17.118533259295646,-10.433805321451885,2.704288009199038
2024-06-21 14:00:00,588.3792695239842,20.038156216237212,-9.581783301859694,2.6843575616381483
2024-06-21 15:00:00,588.4472565411396,20.4658659949107,-10.321859869908131,1.9787373338578804
2024-06-21 16:00:00,588.514957676492,21.33131459262927,-3.2140799660822044,2.0478076969608843
2024-06-21 17:00:00,588.5823845672251,7.674954098869762,3.7816106959320943,4.491050637973059
2024-06-21 18:00:00,588.6495475922686,7.306742927852497,1.8175123483139863,4.666197131564845
2024-06-21 19:00:00,588.7164551147376,7.425163836501042,1.921221421601678,4.89715962715973
2024-06-21 20:00:00,588.7831134571547,6.078348601900871,1.552734005750126,6.605803935194165
2024-06-21 21:00:00,588.8495270558568,8.137060004172099,1.422828951213854,3.8305839887572506
2024-06-21 22:00:00,588.9156987351442,6.995178477828745,3.25117270017056,4.397950086856493
2024-06-21 23:00:00,588.9816295891334,8.663417408009764,6.858807229433482,2.4461457734233587
2024-06-22 00:00:00,589.0473190373389,4.151162302569674,0.4806951120240217,2.2208235480674268
2024-06-22 01:00:00,589.1127648011588,4.842187189310835,0.47572283518009323,2.0393251743501986
2024-06-22 02:00:00,589.1779628719057,3.4577675077125605,2.627767313105411,5.126502307276237
2024-06-22 03:00:00,589.2429078898089,5.422009532724815,2.225653232847444,4.829429344618881
2024-06-22 04:00:00,589.3075930618169,6.099084218540156,2.263823827148114,5.3094988924948625
2024-06-22 05:00:00,589.372010140386,4.412617211586621,2.8529226504132636,5.512449997614167
2024-06-22 06:00:00,589.4361491627407,5.664815454120799,3.4684877169192623,3.5005476662193313
2024-06-22 07:00:00,589.499998278259,6.145406999922216,1.343591338263712,2.70100338355505
2024-06-22 08:00:00,589.5635435257042,5.9223803194748825,6.4466176853656885,2.3574584694551852
2024-06-22 09:00:00,589.6267688847183,11.332532462861195,1.4912359761474234,1.2894626762730266
2024-06-22 10:00:00,589.6896563958104,6.126620677002279,0.9424757262191533,2.221247200968101
2024-06-22 11:00:00,589.7521864788338,7.873970420241903,-3.0212832293135277,2.7351263302379087
2024-06-22 12:00:00,589.8143377931649,5.993629707599666,-8.956957011659991,0.24898951089535384
2024-06-22 13:00:00,589.8760871210097,4.457734531624283,-10.588141213027304,0.6543195603932132
2024-06-22 14:00:00,589.9374095376942,10.154398092476868,-9.717796835481135,0.005989205310100415
2024-06-22 15:00:00,589.9982784324113,8.048407592922786,-10.052590813820293,1.2959047884861805
2024-06-22 16:00:00,590.0586656185944,8.946659041292605,-2.7754370358684706,0.9901123759814611
2024-06-22 17:00:00,590.1185413157664,1.3045667423825762,3.871760703574019,-9.904868761723018
2024-06-22 18:00:00,590.1778742668622,1.014497669368211,2.100510348167933,-7.092882284398377
2024-06-22 19:00:00,590.236632100861,1.144877226541098,2.162340301077802,-7.423849628479965
2024-06-22 20:00:00,590.2947813670758,0.8351169014674724,1.6012501261267675,-6.191148394669949
2024-06-22 21:00:00,590.3522877759831,-0.14079588550328026,1.210643318064202,-6.60213520854395
2024-06-22 22:00:00,590.4091166592221,0.7808457555761379,3.2302399648276183,-7.570202379625977
2024-06-22 23:00:00,590.4652317343466,-1.4132041085775882,6.650678327602619,-9.392705953371715
2024-06-23 00:00:00,590.5205938940929,-0.5779617376219903,-0.059428305974054116,-10.983203850496933
2024-06-23 01:00:00,590.575161648799,-0.390998997231236,0.26921169302372605,-11.293374344591617
2024-06-23 02:00:00,590.6288919541761,-0.4215814474802073,2.6157512079935628,-8.983061714689537
2024-06-23 03:00:00,590.6817404145619,-0.30544625621109844,2.1873466499536285,-7.103640808304373
2024-06-23 04:00:00,590.7336620328492,-1.9881182082442592,2.3668544125951625,-5.552398237200186
2024-06-23 05:00:00,590.784612341577,-4.059192382398805,3.010762130297091,-4.616182089475262
2024-06-23 06:00:00,590.8345470642744,-0.6743802047488998,3.5160418795414166,-5.7062087390667955
2024-06-23 07:00:00,590.8834225367985,-1.1089004284015118,1.275588853322336,-4.790110961719378
2024-06-23 08:00:00,590.9311965492293,-0.962194004581761,6.7840321337255824,-5.303034678373061
2024-06-23 09:00:00,590.9778288239345,1.2877863817770958,1.7061599685677498,-4.231775174279273
2024-06-23 10:00:00,591.0232815092666,1.7941042301627022,0.7207315751496517,-3.9381173145788764
2024-06-23 11:00:00,591.0675190840111,3.3916013488458248,-2.8600301544021076,-2.8390902784547687
2024-06-23 12:00:00,591.1105084968857,3.3387735272807504,-9.269834695314778,-3.969447328851639
2024-06-23 13:00:00,591.1522195446795,2.793546242519824,-10.864582313886523,-3.4111834733127733
2024-06-23 14:00:00,591.1926252334549,10.389731914156641,-9.793994271619434,-2.8583628759921935
2024-06-23 15:00:00,591.2317017466642,8.98178740949345,-9.810827373071477,-2.6326617830862014
2024-06-23 16:00:00,591.2694283009432,9.587325582595781,-2.3901233769188566,-3.1366305066201274
2024-06-23 17:00:00,591.3057871104451,2.5355526851075183,3.849570243969087,-7.470910039521681
2024-06-23 18:00:00,591.3407634137237,3.2157363891883506,2.151570479820656,-4.538070282732708
2024-06-23 19:00:00,591.3743454833541,2.8094466032464425,2.1737052897791593,-4.477497376379648
2024-06-23 20:00:00,591.4065248882947,1.5162582335462957,1.587390364225793,-5.570173486066739
2024-06-23 21:00:00,591.4372964326535,-0.45351457544188634,1.0017783184378748,-4.535560175649545
2024-06-23 22:00:00,591.4666581644838,-0.15207998070150097,3.18787574230167,-4.782453926083877
2024-06-23 23:00:00,591.4946104964813,-0.18353784729754352,6.565673709157519,-3.126746358341268
2024-06-24 00:00:00,591.5211563583565,-0.14391448747949198,-0.28891445996764936,-0.8283274109094425
2024-06-24 01:00:00,591.5463013193337,-0.2760922060122084,0.09383991981956338,-0.7540490331409809
2024-06-24 02:00:00,591.570053661784,-0.18215848863189876,2.957785347150638,-1.0356805203028079
2024-06-24 03:00:00,591.5924248768368,3.440484695247733,2.221408758100004,0.18568166981561685
2024-06-24 04:00:00,591.6134290268334,1.7867265376064552,2.69152299522536,0.5083214403348062
2024-06-24 05:00:00,591.6330823671706,2.023756405397876,3.1332170002622592,0.7199442271693774
2024-06-24 06:00:00,591.6514032103904,2.1701273897049305,3.395818804040473,2.0026505958642384
2024-06-24 07:00:00,591.6684119479563,2.3215314879188327,1.0637650822073723,2.0262914819174944
2024-06-24 08:00:00,591.6841311417279,0.8529138731672674,6.862975015565038,0.6899799695398713
2024-06-24 09:00:00,591.6985853038198,-0.6793034298791554,2.0203320880226694,-0.009613961963251566
2024-06-24 10:00:00,591.711801201356,-0.9778308260939639,0.3205163407760913,-1.284486716038186
2024-06-24 11:00:00,591.7238075376382,-1.6204260609669063,-2.8202678643454906,-2.0331136123258364
2024-06-24 12:00:00,591.7346336624204,-1.713940415565503,-9.845451920603058,1.4447586737482068
2024-06-24 13:00:00,591.7443086706252,-1.8135423863514006,-11.41205775335195,1.331291469078217
2024-06-24 14:00:00,591.7528610067103,0.40759127629962677,-9.63539853130672,0.6349462482967743
2024-06-24 15:00:00,591.7603180917374,-0.38222829988444573,-9.400983820075712,-0.7571059717773043
2024-06-24 16:00:00,591.766705661853,-0.2895269607776072,-1.66656695474244,-1.0406117463330535
2024-06-24 17:00:00,591.7720472383106,-8.45507807556055,3.705266058036318,-1.912235220786274
2024-06-24 18:00:00,591.776363708594,-9.529116991831529,2.0957490776991894,-1.562995794461714
2024-06-24 19:00:00,591.7796731851014,-9.73901728115402,2.064022172731572,-1.6146780766789826
2024-06-24 20:00:00,591.7819908263039,-6.843742412345819,1.6242720307579526,-1.712520444715989
2024-06-24 21:00:00,591.7833289163781,-8.371332959950337,0.8091555843277608,-2.7311515407554423
2024-06-24 22:00:00,591.7836966685283,-7.650332112104593,3.084434946554755,-2.4477995029784454
2024-06-24 23:00:00,591.7831000617056,-6.9999076154084605,6.354201062089844,0.04260649161307099
2024-06-25 00:00:00,591.7815422526492,-1.8913524560966835,0.01079299393277274,-0.9309827904851942
2024-06-25 01:00:00,591.7790236177427,-1.7527714361516473,0.15994046648652296,-0.7161926480775611
2024-06-25 02:00:00,591.775542063797,-1.805388526674733,3.642318536000573,-0.6624720731229274
2024-06-25 03:00:00,591.771093277687,-5.947208520872664,2.3823206038168583,-0.3362053606312448
2024-06-25 04:00:00,591.7656706543744,-4.539020444990797,3.0950812286699283,-0.17173143805354435
2024-06-25 05:00:00,591.7592655414506,-5.431292623466902,3.3045065347807383,-0.8524794527645659
2024-06-25 06:00:00,591.751867302778,-3.729999100321834,3.1195930304459973,-0.7314612329022667
2024-06-25 07:00:00,591.7434633711449,-4.752639210717575,0.6554603386263068,-0.5862844990537168
2024-06-25 08:00:00,591.7340394183536,-3.679735139356808,6.741116697392006,-0.8654209763888769
2024-06-25 09:00:00,591.723579893552,-3.8603087583392153,2.2921267232827867,-0.405397858495605
2024-06-25 10:00:00,591.7120679879964,-5.805443497083161,0.0010507388877660263,-1.667675229801028
2024-06-25 11:00:00,591.6994858295853,-5.589033537618889,-3.1067155850367008,-2.9837367069298444
2024-06-25 12:00:00,591.6858153221474,-4.973409686668674,-10.543378718371798,-2.2690269171070203
2024-06-25 13:00:00,591.6710386842033,-4.791016328857836,-11.948515968255743,-1.70150638708966
2024-06-25 14:00:00,591.6551390021749,-3.979984204936386,-9.454207212131383,-1.1309475851072062
2024-06-25 15:00:00,591.6381008000939,-2.7378862670018407,-9.033957732259275,-1.2762568008327542
2024-06-25 16:00:00,591.6199114210477,-2.500031650462688,-1.208224222458118,-1.4116555481268356
2024-06-25 17:00:00,591.6005613628898,-2.2125693324549047,3.583507213946236,-0.791499244381255
2024-06-25 18:00:00,591.5800445365968,-3.132485283601227,2.0297780386540953,-0.037337291649575936
2024-06-25 19:00:00,591.5583585395286,-3.1200363789025687,1.8946787063367028,-0.29300086696271344
2024-06-25 20:00:00,591.5355042478334,-2.095569860818955,1.770516044414447,0.6195495685711429
2024-06-25 21:00:00,591.5114864384014,-2.1007756986592767,0.8595105705927604,-0.9102213103349205
2024-06-25 22:00:00,591.4863143886372,-0.4981339241403475,3.066794976084625,0.045024559418543025
2024-06-25 23:00:00,591.4600015296567,0.35208028597389784,6.018725703496274,1.3191924808731081
2024-06-26 00:00:00,591.4325648399292,-0.5583731013624629,0.35510369976441086,0.5507045616688289
2024-06-26 01:00:00,591.404024595098,-0.4965114074724397,0.2538872844646048,0.8685995279098669
2024-06-26 02:00:00,591.3744040741724,0.6379252475945805,3.749218636904469,1.2584520413285067
2024-06-26 03:00:00,591.343729285652,0.9630517816755173,2.491064263352815,-0.4878453306803026
2024-06-26 04:00:00,591.3120285535443,0.7023955021668371,3.4824546474816076,-0.9668787031928716
2024-06-26 05:00:00,591.279332013556,1.2685512145799294,3.645364472098575,-0.7332477002344072
2024-06-26 06:00:00,591.245669848141,0.533656333152976,2.8374069178202843,-0.5067330991143119
2024-06-26 07:00:00,591.2110722884119,1.185567625472686,0.24606866192939625,-0.11270857581390406
2024-06-26 08:00:00,591.1755689748439,1.167660076285756,6.616026685354947,-0.399255736484802
2024-06-26 09:00:00,591.1391898054463,-0.04707767685306408,2.7043547964758448,0.023533074930944992
2024-06-26 10:00:00,591.1019660564876,0.24619991743941227,-0.1509653223165008,-0.7272006516104277
2024-06-26 11:00:00,591.0639305149911,-2.5044559129361232,-3.323305849133066,0.0038312470780768187
2024-06-26 12:00:00,591.0251175391769,-0.9926173034875774,-10.938138405232475,1.3656381695432573
2024-06-26 13:00:00,590.9855629618704,0.1339259994715576,-12.300819200614763,1.5913302392728261
2024-06-26 14:00:00,590.9453031373962,-0.558719596945366,-9.059587003265754,1.9130034628149466
2024-06-26 15:00:00,590.9043746232089,-0.533029656729127,-8.58749792461186,3.1161529581319907
2024-06-26 16:00:00,590.862814207246,-0.7846318961450152,-0.7078867596997271,2.919704448598714
2024-06-26 17:00:00,590.8206586772873,5.301028907399996,3.1719603656093787,3.086352049703326
2024-06-26 18:00:00,590.7779452618013,4.2677306996500874,1.9232737239292297,2.3510503146194393
2024-06-26 19:00:00,590.7347112182993,4.5826390915660795,1.7385122328949094,2.0641374572398123
2024-06-26 20:00:00,590.6909933963026,3.608701215847873,1.893203821260441,3.4271015665891773
2024-06-26 21:00:00,590.6468280187905,4.5999657722563825,1.257182155527919,3.2360240534251306
2024-06-26 22:00:00,590.6022499653361,3.602116109705662,3.0534038086178934,3.4622301163404305
2024-06-26 23:00:00,590.5572924124116,5.608309053060793,5.677499381581501,3.3968991529461117
2024-06-27 00:00:00,590.5119870631715,4.867607706361696,0.4239738714886824,1.0164313589781484
2024-06-27 01:00:00,590.466363944962,4.748191058848761,0.1163070443021733,1.6691379518869893
2024-06-27 02:00:00,590.420450848835,6.932290500152476,3.2433750142400193,0.893883636772538
2024-06-27 03:00:00,590.3742734826874,3.5763713335126113,2.5168423470450247,0.6625128367550414
2024-06-27 04:00:00,590.327855538485,4.507506074912612,3.7862173132497223,0.24842107335273456
2024-06-27 05:00:00,590.2812189020647,3.782866352512201,3.9330210284791685,-0.04710628305600866
2024-06-27 06:00:00,590.2343837112365,4.273331376153806,2.4996712973388058,0.4326136152709531
2024-06-27 07:00:00,590.1873683546723,4.371046420089215,-0.13465785825705007,1.0062430834953944
2024-06-27 08:00:00,590.1401899208882,6.47521999777905,6.486561027043796,1.2580290542889223
2024-06-27 09:00:00,590.0928641039122,6.544445172694736,3.0451028930918884,1.1475878303011808
2024-06-27 10:00:00,590.0454052455822,6.50075897877025,-0.07819588081633133,3.0020316564639216
2024-06-27 11:00:00,589.9978265417731,7.018757957383059,-3.40273383435126,2.076149335195184
2024-06-27 12:00:00,589.9501399822026,6.393440732633167,-10.873064944327512,2.709484229491729
2024-06-27 13:00:00,589.9023563391925,6.752002035746955,-12.313142533489746,2.0087841585504007
2024-06-27 14:00:00,589.8544852184893,7.402340177276983,-8.62728681599735,2.7604614202310134
2024-06-27 15:00:00,589.8065356515931,6.89148142486431,-8.137923036900279,3.0199059604429195
2024-06-27 16:00:00,589.7585161095694,5.678595745911139,-0.19261077487413975,3.745498919393479
2024-06-27 17:00:00,589.710435041763,5.685149366442033,2.587487383436545,3.6669282083583994
2024-06-27 18:00:00,589.6623006059675,5.175180519221044,2.1762483267620434,3.3362705480494306
2024-06-27 19:00:00,589.614120711369,5.24459449227254,2.024262851023969,4.077021945334513
2024-06-27 20:00:00,589.5659032506662,6.754131963169698,2.0663615052527544,4.033603280911314
2024-06-27 21:00:00,589.5176560138583,6.576580472629871,1.724475417189557,3.8012880963222915
2024-06-27 22:00:00,589.4693856534694,7.014945137648397,2.8111112549388015,5.254557953943287
2024-06-27 23:00:00,589.4210970560322,8.801989885935882,5.306170595412174,3.9407424626198493
2024-06-28 00:00:00,589.3727920433245,8.111554949350307,0.16329232662408205,2.3223606807011525
2024-06-28 01:00:00,589.3244696742908,7.658121731160804,-0.28312991120357434,2.4405385057519817
2024-06-28 02:00:00,589.2761264799399,11.203416223846943,2.4450942407987237,1.715363055414426
2024-06-28 03:00:00,589.2277564605424,10.471085550571274,2.4271688096907806,2.453989179195533
2024-06-28 04:00:00,589.1793518191693,8.967611803680256,3.719552417617996,2.463483959532515
2024-06-28 05:00:00,589.1309035040862,9.267732518981347,3.841020994295682,2.8303429826367847
2024-06-28 06:00:00,589.0824016329453,9.186559381706843,2.100390568447095,4.210648416900797
2024-06-28 07:00:00,589.0338362791456,8.937575715759635,-0.49986496588816093,3.938452970982851
2024-06-28 08:00:00,588.9851979303075,6.82983301272202,6.188965094047948,5.696003962922482
2024-06-28 09:00:00,588.9364776245604,9.139482314017641,3.1745177727203715,2.8595222887015526
2024-06-28 10:00:00,588.887666578948,9.604605285358048,-0.08855854315871692,3.5462866788526797
2024-06-28 11:00:00,588.8387564675567,8.782693331390647,-3.3113295508849356,3.139879751937604
2024-06-28 12:00:00,588.7897406532347,7.262261283662269,-10.209180405906531,3.34717846900962
2024-06-28 13:00:00,588.7406148652623,7.769141734363188,-11.673047870152738,2.523291270527332
2024-06-28 14:00:00,588.6913771154148,7.887092312372147,-8.026266057981289,2.4377966301943896
2024-06-28 15:00:00,588.642025513323,8.38208836984768,-7.418878645722756,1.6847647625520772
2024-06-28 16:00:00,588.5925578049265,9.255867451642189,0.43575500208630114,1.7158197413449263
2024-06-28 17:00:00,588.5429714333504,0.9079324668421123,2.248124758949153,4.390971340858342
2024-06-28 18:00:00,588.4932635266041,-3.6459994229173844,2.5569639376380597,4.495771958675143
2024-06-28 19:00:00,588.443430714368,-3.1066060612341744,2.40921831923704,4.7039570276292
2024-06-28 20:00:00,588.3934691585235,-1.2944747298198536,2.132477924182823,6.248527647113479
2024-06-28 21:00:00,588.343373826395,-2.0626606864414043,1.7515879331585187,3.667698926887965
2024-06-28 22:00:00,588.2931381883692,-0.5804267919672839,2.375129807992363,4.082158795605712
2024-06-28 23:00:00,588.242754006857,4.125199511315941,4.775539835820921,1.9265066460061966
2024-06-29 00:00:00,588.1922105829212,0.054966855630482314,-0.35349966055437665,1.7663222220026085
2024-06-29 01:00:00,588.1414942457045,0.21426216644886154,-0.8862013304282551,1.6504449182748282
2024-06-29 02:00:00,588.090587887268,4.365438914016636,1.4380001862144332,4.85597301250082
2024-06-29 03:00:00,588.0394706599337,4.877437223186007,2.351869367316998,4.511222749563228
2024-06-29 04:00:00,587.9881181404621,6.672853396652954,3.5414178536577516,4.947610609227102
2024-06-29 05:00:00,587.9365023499404,7.264644932653255,3.688530974755278,5.150321742651005
2024-06-29 06:00:00,587.8845918241171,5.152760365061454,1.908631268010058,2.7840165428114036
2024-06-29 07:00:00,587.8323525117631,4.648904453440537,-0.5928338685566384,2.061576903353027
2024-06-29 08:00:00,587.7797484974875,6.184905341710305,5.7158542912704835,1.819491869531756
2024-06-29 09:00:00,587.7267425787138,7.530672249245413,3.110011512319667,0.6625736597210635
2024-06-29 10:00:00,587.6732963978473,10.33911199443412,-0.26549720750777694,1.6030888152264706
2024-06-29 11:00:00,587.619370788768,6.471316120900269,-3.415279450734049,1.9945925410657033
2024-06-29 12:00:00,587.564927814701,4.973791707082455,-9.17256040784962,-0.42615911393384964
2024-06-29 13:00:00,587.5099317036528,4.033423227183562,-10.597595510062664,0.004240579226395001
2024-06-29 14:00:00,587.4543491684962,5.2774519449249055,-7.192925963220916,-0.5788751502001485
2024-06-29 15:00:00,587.3981484142122,3.4866659671250773,-6.397240878735326,0.8024264973980766
2024-06-29 16:00:00,587.3412991277451,4.262301814523312,1.2338115189715566,0.6825875387599931
2024-06-29 17:00:00,587.2837724444723,-3.726425951182364,1.9669366966102846,-9.294283189900327
2024-06-29 18:00:00,587.2255404593739,-7.2240161559005855,2.8287996210613318,-6.6303239245345535
2024-06-29 19:00:00,587.1665758523983,-7.282434093502161,2.66493295110626,-6.969074710002342
2024-06-29 20:00:00,587.1068519967164,-6.428850589168178,1.8821504885250677,-5.840151896073333
2024-06-29 21:00:00,587.0463430564132,-9.888777427486275,1.4985119954463353,-6.076077624373132
2024-06-29 22:00:00,586.9850241383406,-6.216563066667732,1.746846630672927,-7.035307702345798
2024-06-29 23:00:00,586.9228712833543,-1.0450481674134835,4.162770873354198,-9.080593989295055
2024-06-30 00:00:00,586.8598621065673,-4.672331401890119,-0.8697838895516664,-10.857746815125497
2024-06-30 01:00:00,586.7959772372428,-5.500286900911874,-1.4337694276839712,-11.151920908646918
2024-06-30 02:00:00,586.7312002025658,-2.7429835856941054,0.47418154926631956,-8.872398166137936
2024-06-30 03:00:00,586.6655173345382,-0.27330139712137225,2.249675611893624,-6.95189154931035
2024-06-30 04:00:00,586.598917829826,2.559255268422021,3.376202526729951,-5.6343756249778565
2024-06-30 05:00:00,586.531393644951,3.2043178584686984,3.6274823765465616,-4.70319387996632
2024-06-30 06:00:00,586.4629392534637,-2.6727428883491484,1.9063715873507978,-5.60656795246528
2024-06-30 07:00:00,586.3935508955279,-3.061795708958698,-0.47380596442375544,-4.86794922214556
2024-06-30 08:00:00,586.3232263298181,-2.012008597175395,5.234156636920909,-5.285374369563626
2024-06-30 09:00:00,586.2519646547722,-2.2307976151787443,2.947512974946519,-4.0986800145399815
2024-06-30 10:00:00,586.1797658164326,-1.450944591242319,-0.5148812611005648,-3.853939964089759
2024-06-30 11:00:00,586.1066304522043,-1.967427005342529,-3.7965432596031166,-2.7226601872586684
2024-06-30 12:00:00,586.0325610427991,-3.7134270459030176,-8.060297085636243,-3.878836911259844
2024-06-30 13:00:00,585.957562019361,-5.3450587975413555,-9.438925926937669,-3.3635772948819875
2024-06-30 14:00:00,585.8816398238467,-5.279860405084378,-6.302088663214293,-2.909690755548146
2024-06-30 15:00:00,585.8048037956398,-5.999550742960082,-5.296006131003674,-2.609246921676163
2024-06-30 16:00:00,585.7270671734626,-5.831893593533664,2.087728679091464,-2.962902259020466
2024-06-30 17:00:00,585.648447453053,-4.845271251281019,1.6993253006497948,-6.7325015024217265
2024-06-30 18:00:00,585.5689655910024,-2.492200556812236,2.9980263452400653,-4.0247913794303125
2024-06-30 19:00:00,585.4886465262065,-2.2866574214842785,2.814273308351616,-3.9662624130739066
2024-06-30 20:00:00,585.407519048427,-1.7257919166073634,1.481349437931468,-5.023076569751225
2024-06-30 21:00:00,585.325615178253,0.5788980991317203,1.1890998291943016,-4.0636131065790915
2024-06-30 22:00:00,585.242969580529,-2.3416923461505803,1.1107461176393238,-4.502023352017781
2024-06-30 23:00:00,585.159619919851,-3.290509510517836,3.6076601773400547,-2.8367705866732718
2024-07-01 00:00:00,585.0756078537783,-1.2868048522810795,-1.2934985322006594,-0.4253044692964458
2024-07-01 01:00:00,584.9909790745228,-2.0001926250162114,-1.8205353843720156,-0.40025106513458175
2024-07-01 02:00:00,584.9057829212537,-3.521236171515625,-0.17285268773393364,-0.4116940620042678
2024-07-01 03:00:00,584.8200722872017,-4.032464757251091,2.1971123432252564,0.6352801268241344
2024-07-01 04:00:00,584.7339034244486,-5.959871608760068,3.169379897658391,0.9065882866531683
2024-07-01 05:00:00,584.6473355071151,-5.566685817724078,3.5354179458036277,1.1339323648052864
2024-07-01 06:00:00,584.5604304489441,-4.228390142024523,1.9905622684943958,2.6173974245861107
2024-07-01 07:00:00,584.4732525245284,-4.1862175885206625,-0.23442631844577833,2.5973913824379466
2024-07-01 08:00:00,584.385867986376,-6.0520291356270945,4.829374025270518,1.336787123980622
2024-07-01 09:00:00,584.2983447774947,-4.326602341096873,2.6160375580377195,0.772220005564488
2024-07-01 10:00:00,584.2107523164593,-5.025543393731368,-0.9084822544704837,-0.6967266682574006
2024-07-01 11:00:00,584.1231612821738,-3.5731556143462058,-4.260458818600543,-1.449546849227001
2024-07-01 12:00:00,584.0356433779864,0.02743335799198121,-7.1564604908078335,1.903383754829418
2024-07-01 13:00:00,583.9482710625786,0.9932686216122875,-8.439682261733873,1.748142577543015
2024-07-01 14:00:00,583.8611169828793,-0.5064727660080734,-5.629750648196946,1.2751064313257987
2024-07-01 15:00:00,583.7742530340734,1.3109555214978172,-4.4562021900258975,-0.18900636554514624
2024-07-01 16:00:00,583.6877495889443,1.1459396960621007,2.714303380960841,-0.6979926659671079
2024-07-01 17:00:00,583.6016749563425,0.7563414324515634,1.6655406190100126,-2.0435570078040945
2024-07-01 18:00:00,583.5160955109235,1.0961940367228635,3.311721695765491,-1.7240112434117922
2024-07-01 19:00:00,583.4310756488891,1.2152666836102526,3.0995965964851084,-1.775938928984418
2024-07-01 20:00:00,583.3466778308313,1.59704920998513,1.1555821558230095,-1.9693091966394123
2024-07-01 21:00:00,583.262962634911,0.8723185182844873,1.0912637682953783,-2.9765449214908166
2024-07-01 22:00:00,583.1799883618353,0.8382969139177021,0.5168140634758703,-2.655099339228874
2024-07-01 23:00:00,583.0978113505586,1.6362120152051602,3.346850367753967,-0.07087373351767401
2024-07-02 00:00:00,583.0164863135926,-2.5738002607660064,-1.620361540300463,-1.3523245125261123
2024-07-02 01:00:00,582.9360663242607,-2.385114250471588,-2.0880977286520026,-1.032854345137092
2024-07-02 02:00:00,582.8566028099564,-1.9939253544284838,-0.255285990244044,-1.10739146528387
2024-07-02 03:00:00,582.7781456143009,-0.2384720720446012,2.2055070357650495,-0.8551805780214685
2024-07-02 04:00:00,582.7007426245725,0.39786200503613145,2.913362140853443,-0.6119667704621049
2024-07-02 05:00:00,582.6244396366191,0.09938616609940709,3.2512412546352,-1.3850670573535313
2024-07-02 06:00:00,582.5492798960211,1.123090158519176,2.091566378113989,-1.0339364326541352
2024-07-02 07:00:00,582.4753035813935,1.2232987500705121,0.03131244588747226,-0.9099147773514955
2024-07-02 08:00:00,582.4025475206807,-0.4292502872949626,4.4380154885354,-0.9713127219211459
2024-07-02 09:00:00,582.3310444082957,-0.6685626589849107,2.1426897147987027,-0.4751714641095549
2024-07-02 10:00:00,582.2608230626203,-0.10648225587590332,-1.5211531079862965,-1.8231876987581448
2024-07-02 11:00:00,582.1919087323148,-1.2252309451458814,-4.862176654141339,-2.994501133027586
2024-07-02 12:00:00,582.1243230676647,0.9361684140392299,-6.614552600656902,-2.185938881047018
2024-07-02 13:00:00,582.0580840342266,0.9561002633254247,-7.691121649473606,-1.5830626480783248
2024-07-02 14:00:00,581.9932059999014,0.08627527229862153,-5.1847244196560105,-1.1947568525439731
2024-07-02 15:00:00,581.929701271825,0.46432187619939214,-3.855510608526952,-1.4585125394973948
2024-07-02 16:00:00,581.8675804527767,-0.7317348220514077,3.124786314683291,-1.6506319454085232
2024-07-02 17:00:00,581.806852399154,-1.4210488919383124,2.3203381407281616,-0.7761416479438847
2024-07-02 18:00:00,581.7475240998468,-0.39528996978310715,3.3238222446979426,-0.14605637476165878
2024-07-02 19:00:00,581.6896007829399,-0.4858846223701221,3.027713958206298,-0.4014301187760833
2024-07-02 20:00:00,581.6330858371056,-2.711070850765509,0.6720071205780517,0.49597789308189255
2024-07-02 21:00:00,581.5779811299673,-1.3862433625240556,0.4319629493070059,-0.8137007167503174
2024-07-02 22:00:00,581.5242872555264,-1.5830478285016625,-0.031381605831939725,0.07014217880720391
2024-07-02 23:00:00,581.4720035856643,-1.0081438654005979,3.451347113872898,1.504793165863308
2024-07-03 00:00:00,581.4211282543444,-1.159646215832936,-1.4821333588241656,0.7306513203127275
2024-07-03 01:00:00,581.3716581420182,-1.3593353665941095,-1.8645108042953071,1.022188028871195
2024-07-03 02:00:00,581.3235890263425,-0.21929334370452125,0.1523798973311439,1.3633244200309989
2024-07-03 03:00:00,581.276915705201,-0.30863604418357227,2.393080828084012,-0.37136048910147346
2024-07-03 04:00:00,581.2316320792903,-0.12908800038451318,2.7579583107419148,-0.9105023896477387
2024-07-03 05:00:00,581.1877313198476,0.5043706882985362,2.9506925865958635,-0.5627945947419701
2024-07-03 06:00:00,581.1452058744967,0.1333943105371418,2.3374899474593844,-0.35609013249322596
2024-07-03 07:00:00,581.104047545147,0.1937759662547478,0.3968272701876824,-0.04465078158948066
2024-07-03 08:00:00,581.0642475696244,-0.3748022915307274,4.006451913868572,-0.5058971919621552
2024-07-03 09:00:00,581.0257966327641,1.1792166563043338,1.5433179473831096,-0.0383312364515743
2024-07-03 10:00:00,580.9886849319747,0.30723662741604585,-2.252066686241725,-0.9538548731490061
2024-07-03 11:00:00,580.9529021141973,2.449882055363105,-5.64617669663605,-0.2066074729243919
2024-07-03 12:00:00,580.9184373517428,1.9639585169580869,-6.575104919319422,1.1227090506184452
2024-07-03 13:00:00,580.8852794262539,1.5300287128026184,-7.334062517957082,1.5087543789006712
2024-07-03 14:00:00,580.8534169645412,2.3908850293800015,-5.061163721688147,1.9168617277668523
2024-07-03 15:00:00,580.8228386304464,2.295489016360648,-3.580524053078678,2.842196406271613
2024-07-03 16:00:00,580.7935331771797,1.7061452534468344,3.2087009101384583,2.641620659235068
2024-07-03 17:00:00,580.7654892697082,1.3056562733626151,2.8362060997139014,3.2626483572153298
2024-07-03 18:00:00,580.7386956284961,-1.8747021588826556,3.4211751979882017,2.2448313323983338
2024-07-03 19:00:00,580.7131414161091,-2.285535611686214,3.060341005242334,1.9820531903347458
2024-07-03 20:00:00,580.6888163737096,-3.045462978055525,0.482849108287304,3.1537974960586204
2024-07-03 21:00:00,580.6657105948011,-2.3302109221854153,-0.00600807225022916,3.3105083996345464
2024-07-03 22:00:00,580.6438145525635,-2.0368146984679925,-0.23427582792447155,3.4672759738289547
2024-07-03 23:00:00,580.623119185664,-1.665972019041078,3.6586479772104656,3.264204856166623
2024-07-04 00:00:00,580.6036146688724,-1.021993574649855,-0.8521989937477016,1.1905778995251572
2024-07-04 01:00:00,580.5852902263222,-0.6081058516705298,-1.2860694143119913,1.748885039660419
2024-07-04 02:00:00,580.568134341793,0.49300250456349204,0.6478589655766286,0.8810041880669625
2024-07-04 03:00:00,580.5521347198932,-0.37432563053698686,2.6323178175918875,0.8398730930519329
2024-07-04 04:00:00,580.5372781029399,-1.3345313054741155,2.980995153901602,0.26625804863262864
2024-07-04 05:00:00,580.5235503551686,-0.16126555795290187,2.965403956271937,0.05231124651227612
2024-07-04 06:00:00,580.5109372659126,-0.10042280954939997,2.682538965100011,0.41694657853680195
2024-07-04 07:00:00,580.4994239744823,0.06844483334725737,0.7822897998995106,1.0398413922708603
2024-07-04 08:00:00,580.4889945898497,0.3014833088030855,3.7193860704635346,1.440136030883743
2024-07-04 09:00:00,580.4796323990863,-1.095758946933529,0.9824087165608626,1.1037178312863638
2024-07-04 10:00:00,580.4713200493129,-0.34959995033455016,-3.0292182276660626,3.17749812868776
2024-07-04 11:00:00,580.4640394588273,-0.5871912919848228,-6.377084677879091,2.2102365110366216
2024-07-04 12:00:00,580.4577717595328,-0.16876550747258534,-7.009870926767963,2.8208646747077326
2024-07-04 13:00:00,580.452496937844,-0.09841334665634349,-7.539750801982988,2.155667210795349
2024-07-04 14:00:00,580.4481934201091,-1.2245141309911105,-5.3095114611835115,2.6858321720655476
2024-07-04 15:00:00,580.4448384530747,-1.2044009108107048,-3.9036847542320867,2.9132472119681716
2024-07-04 16:00:00,580.442407295695,-1.8618720781955744,2.8444255328129464,3.6450392496877253
2024-07-04 17:00:00,580.44087294368,-2.2100220499429497,3.1385087161156533,3.9306403901472504
2024-07-04 18:00:00,580.4402062161934,-5.2932250535046705,3.5015860286945357,3.4014328086167227
2024-07-04 19:00:00,580.4403756331876,-5.415790721822191,3.123887502446909,4.191527586187683
2024-07-04 20:00:00,580.4413483327008,-6.145170249290004,0.4557004892179397,4.1981214273712535
2024-07-04 21:00:00,580.4430914531694,-6.107797058881488,-0.017004805685987445,3.8917104113981895
2024-07-04 22:00:00,580.4455719132984,-6.120943994178219,0.0720375583021941,5.383334522577619
2024-07-04 23:00:00,580.4487561204369,-4.205949635251159,3.921964362072374,4.055229152741935
2024-07-05 00:00:00,580.4526100943935,-4.60165356888001,-0.1733207027577756,2.432364177244238
2024-07-05 01:00:00,580.4570995998697,-4.435116960933442,-0.7074346515083648,2.625452012572217
2024-07-05 02:00:00,580.4621900335793,-3.374042731547661,1.1043086339014294,1.7075440640669686
2024-07-05 03:00:00,580.4678465483636,-5.14125690020478,2.969351315044597,2.454059036796563
2024-07-05 04:00:00,580.4740347518161,-5.362813626865545,3.474709402701966,2.504069472347548
2024-07-05 05:00:00,580.4807214080981,-5.494434003538117,3.2115682526531963,2.8421443427867215
2024-07-05 06:00:00,580.4878736575374,-6.852265949977664,2.9934834945635886,4.250908797876602
2024-07-05 07:00:00,580.4954584015076,-7.25907681185106,1.0426779463045996,4.080940464038954
2024-07-05 08:00:00,580.5034416703918,-6.160925505236264,3.634515213532062,5.522968621312391
2024-07-05 09:00:00,580.5117900701365,-3.7277903211930834,0.5958953000844952,2.6101049509720635
2024-07-05 10:00:00,580.5204715978117,-4.40589180851282,-3.5845768600351953,3.3899970707363045
2024-07-05 11:00:00,580.529455768113,-4.802195834532654,-6.800981802538988,2.873721868958598
2024-07-05 12:00:00,580.538713535484,-4.3209481947315,-7.7562804116722415,3.0985150709197278
2024-07-05 13:00:00,580.5482178007643,-4.261037416159638,-8.226806643492207,2.289626258887601
2024-07-05 14:00:00,580.5579438781209,-4.021306933129722,-5.818013115816681,2.211376170825472
2024-07-05 15:00:00,580.5678677409526,-3.933049164481872,-4.622204819763017,1.4273862432924431
2024-07-05 16:00:00,580.5779648502235,-3.155873371897087,2.279433230049957,1.4584752916237238
2024-07-05 17:00:00,580.5882100852607,-2.857142202741443,3.3728407926649955,4.196091324815694
2024-07-05 18:00:00,580.5985776488601,-2.0170195231437447,3.4556011194230973,4.272840754860404
2024-07-05 19:00:00,580.6090407518689,-2.209931329385654,3.1129432751928157,4.467947302323941
2024-07-05 20:00:00,580.6195722322641,-2.2604334320369617,0.5825712864538303,5.848289913319076
2024-07-05 21:00:00,580.6301456072731,-3.1571057048155353,0.06677601823007064,3.470184079312401
2024-07-05 22:00:00,580.6407342216977,-3.2548420206580886,0.5159473544520216,3.728160444508333
2024-07-05 23:00:00,580.6513111892033,-4.192366282076932,4.256888620586566,1.4241664722870961
2024-07-06 00:00:00,580.661850829174,-0.8738906683997811,0.6104736334634354,1.211566205762335
2024-07-06 01:00:00,580.6723298027501,-1.049522767822964,-0.05120232705760645,1.178395292130451
2024-07-06 02:00:00,580.6827276230156,-2.2922321461774118,1.5081017342195848,4.44140278894223
2024-07-06 03:00:00,580.693026300041,-1.7407863034901538,3.2869736209877365,4.210786382461475
2024-07-06 04:00:00,580.7032091966145,-2.913129582825377,3.95082362584359,4.639096760367392
2024-07-06 05:00:00,580.7132607787897,-4.743354099964677,3.4173222771316176,4.772771044043371
2024-07-06 06:00:00,580.7231671378255,-2.4921579878567854,3.1210851669792214,2.107905683052131
2024-07-06 07:00:00,580.7329162090152,-2.333430547420562,1.0731323257683536,1.4573820126368668
2024-07-06 08:00:00,580.7424979366175,-3.47675290434006,3.5194283486031255,1.3148266191194897
2024-07-06 09:00:00,580.7519041756913,-3.819805244094937,0.2876509872374755,0.07025008116609747
2024-07-06 10:00:00,580.7611281037758,-4.655611262615253,-3.917331332572451,0.9518144914118563
2024-07-06 11:00:00,580.7701636626919,-4.460152496252363,-6.960600551853948,1.2505893854144736
2024-07-06 12:00:00,580.7790057692923,-3.2738132544226346,-8.53439403303988,-1.060798481829779
2024-07-06 13:00:00,580.7876499169898,-3.1359663583257316,-9.003503855902254,-0.6081797027618652
2024-07-06 14:00:00,580.7960919608155,-2.6688279308287974,-6.302411824979547,-1.1348522050070906
2024-07-06 15:00:00,580.8043279468269,-3.4760261754487374,-5.267333631604913,0.28903186022686356
2024-07-06 16:00:00,580.8123546863673,-4.531600211782575,1.8711901927126675,0.3680553327026522
2024-07-06 17:00:00,580.8201701319314,-2.9451534417235052,3.470603962187799,-8.655620652395662
2024-07-06 18:00:00,580.8277738018047,1.1241087121650253,3.4000163429829273,-6.281898856952621
2024-07-06 19:00:00,580.8351673024426,1.2740246277336382,3.151197071437293,-6.65038900161362
2024-07-06 20:00:00,580.8423534829202,1.9914891856479926,0.9680161192046154,-5.571858787772878
2024-07-06 21:00:00,580.8493359536715,2.0522334496505437,0.2242070948550171,-5.665776498177047
2024-07-06 22:00:00,580.8561194265283,3.873330914178723,0.890115699941706,-6.689566040648714
2024-07-06 23:00:00,580.8627096685673,0.3030460830420907,4.650096245949633,-8.86585199755896
2024-07-07 00:00:00,580.869113292128,1.043731635133554,1.3052690861170644,-10.868114013378499
2024-07-07 01:00:00,580.8753373579054,0.1581273109321728,0.5327971747207488,-11.026261843558387
2024-07-07 02:00:00,580.881388417268,-0.8916945771926521,1.7650279223601202,-8.804721762435438
2024-07-07 03:00:00,580.8872723407928,-0.6573297271530691,3.5304422117950387,-6.910384825434763
2024-07-07 04:00:00,580.8929944545341,0.07919020071017258,4.280428085157323,-5.812612740401525
2024-07-07 05:00:00,580.8985598501833,0.983049019063742,3.3765276782924105,-4.908136547539473
2024-07-07 06:00:00,580.9039733542816,1.6470669927372228,3.1413643430550495,-5.562404690073925
2024-07-07 07:00:00,580.9092393699773,1.6013569952307307,1.0045138494924566,-5.035110214700499
2024-07-07 08:00:00,580.9143610452712,2.2599051860073587,3.45416327815379,-5.27842950943242
2024-07-07 09:00:00,580.9193398077031,-0.9626289238470918,0.04054293762961976,-3.967253821485639
2024-07-07 10:00:00,580.9241762281283,-1.4657052804836894,-4.074069480686569,-3.9044014669579985
2024-07-07 11:00:00,580.9288709725878,-1.9719931024894777,-6.929808695352268,-2.7270691747461457
2024-07-07 12:00:00,580.9334249073013,-0.6509991816996035,-9.173808088464993,-3.868617637136711
2024-07-07 13:00:00,580.9378393053036,-0.09800715489802769,-9.714918655984373,-3.384913494421188
2024-07-07 14:00:00,580.9421160300583,-1.2709510401463149,-6.599599746093216,-3.0115652438188363
2024-07-07 15:00:00,580.9462575709566,-1.0845141794577557,-5.714922526190977,-2.636820865307822
2024-07-07 16:00:00,580.9502668891464,-0.9936170035782652,1.6104201552876216,-2.8770700408557577
2024-07-07 17:00:00,580.9541473203449,2.0608325819632682,3.3832929383509316,-6.038272840658992
2024-07-07 18:00:00,580.9579024619355,2.068881056828559,3.3533529421216124,-3.520136460885703
2024-07-07 19:00:00,580.9615358082724,2.134828585189098,3.2284380667495367,-3.444802460211046
2024-07-07 20:00:00,580.9650507388607,1.7088153528034127,1.3268024123963849,-4.470668504060559
2024-07-07 21:00:00,580.9684506072741,3.097918965668441,0.4156551275498879,-3.6420247004924806
2024-07-07 22:00:00,580.9717379543156,4.450683032291181,1.255262657439133,-4.1476836440460145
2024-07-07 23:00:00,580.9749145109236,3.116227214538867,5.103544492943351,-2.464686218405716
2024-07-08 00:00:00,580.9779809769843,0.8641324397110566,1.6994686343266256,0.05841794897798726
2024-07-08 01:00:00,580.9809375947742,1.3166101969906094,0.8677008322683154,-0.025248624033139544
2024-07-08 02:00:00,580.983784643443,1.9946411189635,1.8194274077672796,0.21214682982617644
2024-07-08 03:00:00,580.9865226103171,3.275068056486475,3.5619147580696735,0.9964945751268276
2024-07-08 04:00:00,580.9891523730081,4.632298922299356,4.4646378842797825,1.2139108204127131
2024-07-08 05:00:00,580.9916750249877,5.886759259390715,3.2257762385484714,1.5757894770730938
2024-07-08 06:00:00,580.9940908763376,3.100016304708788,3.0786330017068955,3.1872598172467774
2024-07-08 07:00:00,580.9963992342524,2.643598763657792,0.8765573395757311,3.1334446625140986
2024-07-08 08:00:00,580.9985986836505,1.8452106395616283,3.584601601028895,1.9415890757590137
2024-07-08 09:00:00,581.0006871930118,3.1462766418550245,-0.07353882439592611,1.5165749895290814
2024-07-08 10:00:00,581.0026630453488,3.003894710601344,-4.061088434682074,-0.0754693212680219
2024-07-08 11:00:00,581.004524609306,2.7940826617216317,-6.709591136779014,-0.7690161342484888
2024-07-08 12:00:00,581.0062698439303,1.6297470193771915,-9.54251052024327,2.416493656935692
2024-07-08 13:00:00,581.0078964230735,1.6201664576865369,-10.182616108696662,2.2345532279365883
2024-07-08 14:00:00,581.0094010808757,1.3173802114582713,-6.610905330420792,1.87412403808686
2024-07-08 15:00:00,581.010779791525,2.121661128127812,-5.929129594686224,0.406688675033375
2024-07-08 16:00:00,581.0120282864054,2.494157005535726,1.3740005599058147,-0.3401858518470236
2024-07-08 17:00:00,581.0131421922184,4.652795171121738,3.257189091281828,-2.1331264546220123
2024-07-08 18:00:00,581.0141167998909,3.3703343527481593,3.242908537569432,-1.8773596902083973
2024-07-08 19:00:00,581.0149470945796,3.4097806532173536,3.227402782655955,-1.9321305304528686
2024-07-08 20:00:00,581.0156273606663,5.074429930146152,1.5190189620377044,-2.2290762528500787
2024-07-08 21:00:00,581.0161510400119,4.278460132662303,0.4529008610268047,-3.257512033701007
2024-07-08 22:00:00,581.0165107787831,5.181363573905514,1.5190095750007786,-2.8368839276892954
2024-07-08 23:00:00,581.0166982054538,4.144513482271805,5.477796062886762,-0.20900775061255486
2024-07-09 00:00:00,581.0167035176892,5.2926386207883525,1.745784724507189,-1.6251268629847326
2024-07-09 01:00:00,581.0165153629507,4.409511260448085,0.9716943022716614,-1.2377209256705277
2024-07-09 02:00:00,581.0161208673155,4.565122644742132,1.7696724470012202,-1.420915959058864
2024-07-09 03:00:00,581.015506021408,4.370411968348094,3.3132549704675363,-1.249172960223467
2024-07-09 04:00:00,581.014656082973,5.437359027536672,4.429915385481438,-0.9919304959911349
2024-07-09 05:00:00,581.0135556444942,5.8506465699285854,3.0526427235195737,-1.856844937942505
2024-07-09 06:00:00,581.0121886433275,4.464759378050985,2.9617526992795744,-1.2987007206580397
2024-07-09 07:00:00,581.0105388018885,4.1641623302505195,0.7391881474892532,-1.1938892796282592
2024-07-09 08:00:00,581.008589942959,3.3646238615655193,3.923145163954783,-1.0463589684793666
2024-07-09 09:00:00,581.0063265872883,4.603490102284923,0.017443366609262316,-0.5572600561825403
2024-07-09 10:00:00,581.003734371575,4.560754313792927,-3.7605895290019853,-1.9238991563659438
2024-07-09 11:00:00,581.000800198897,7.293799268136127,-6.2591794834898105,-2.955419983543299
2024-07-09 12:00:00,580.997512315207,6.844765412277411,-9.632928583947642,-2.059349143536811
2024-07-09 13:00:00,580.9938602299463,5.825661232409971,-10.379818262829788,-1.4597031995265592
2024-07-09 14:00:00,580.9898346502662,6.455179596519088,-6.410796023571079,-1.2742182232142183
2024-07-09 15:00:00,580.985427340333,4.887180872632712,-5.915642148817284,-1.6469660641484798
2024-07-09 16:00:00,580.9806299697295,7.097909227258128,1.2820687162418345,-1.8306079132295188
2024-07-09 17:00:00,580.9754335680021,4.090112261272111,3.1573495768711526,-0.5928954061454804
2024-07-09 18:00:00,580.9698285295734,2.5428085175559545,3.0731009470199657,-0.0857379941493066
2024-07-09 19:00:00,580.9638047340761,2.822917490707482,3.1359022406850325,-0.34262446546858655
2024-07-09 20:00:00,580.9573515607549,1.686962387231688,1.5515619437530508,0.5641241082602874
2024-07-09 21:00:00,580.9504575533829,2.454676564667352,0.3003215252833441,-0.46545564333363804
2024-07-09 22:00:00,580.9431106089631,2.356372834433273,1.440541446452257,0.25997511015136066
2024-07-09 23:00:00,580.9352986049984,1.3445081911021362,5.7373629906866634,1.752830213212901
2024-07-10 00:00:00,580.927010047442,3.772490943480193,1.5569101104568672,0.9135888986208595
2024-07-10 01:00:00,580.9182339152222,3.798472336373493,0.9664959387700353,1.2467978096342407
2024-07-10 02:00:00,580.9089593232887,3.9703375185548566,1.755568288381429,1.4851348697749178
2024-07-10 03:00:00,580.8991755733327,4.93189632727524,2.787202562061895,-0.14827446266987696
2024-07-10 04:00:00,580.8888720975548,2.249850595969292,4.084997154167526,-0.7637198476916612
2024-07-10 05:00:00,580.8780384247735,1.9617295766746565,2.7075686589502923,-0.35733666039850054
2024-07-10 06:00:00,580.866664363336,2.771546075905121,2.6881380399423036,-0.09634847918332257
2024-07-10 07:00:00,580.8547398803883,2.531005867049771,0.5461034850734704,0.07815076748856713
2024-07-10 08:00:00,580.8422550358573,1.9157400033589056,4.208292553376228,-0.4262875925925192
2024-07-10 09:00:00,580.8292001261543,1.980936831190661,0.3637826161289708,0.08608042652598978
2024-07-10 10:00:00,580.8155656517333,2.9531631226834634,-3.094417376475749,-1.0243113979410223
2024-07-10 11:00:00,580.8013423277188,1.9740483943664913,-5.582872519602053,-0.27251820248326175
2024-07-10 12:00:00,580.7865211617825,0.3410301128677702,-9.405663872504888,1.2081125978545733
2024-07-10 13:00:00,580.7710936661783,-0.34782569252740814,-10.325053673841175,1.6317857001902567
2024-07-10 14:00:00,580.7550519702419,-0.13500632552802472,-5.9961537854440285,2.006108140730133
2024-07-10 15:00:00,580.7383888993304,1.947294554093446,-5.686152160058465,2.70046870663467
2024-07-10 16:00:00,580.721097871263,1.6316870070753566,1.4828815262351,2.5643335954264193
2024-07-10 17:00:00,580.7031729456412,0.3327289413816743,3.0624691113576588,3.311629001619406
2024-07-10 18:00:00,580.6846087754568,-1.363631123130972,2.883709248875494,2.0653130987987396
2024-07-10 19:00:00,580.6654005662072,-1.2687587118443844,3.0072897619862955,1.8260683836509266
2024-07-10 20:00:00,580.6455443068613,-1.2367442942538673,1.5095620691148648,2.851637918277639
2024-07-10 21:00:00,580.6250370135452,-0.8082679084895972,0.057850175812659756,3.255380719131714
2024-07-10 22:00:00,580.6038765297991,-1.0399842897546705,0.9960667342558355,3.320041025699811
2024-07-10 23:00:00,580.5820607623551,0.9885258588532224,5.805331339937583,3.084082038854134
2024-07-11 00:00:00,580.5595877131689,-2.180554397234914,1.2889713257352986,1.371995358330747
2024-07-11 01:00:00,580.5364556107309,-1.8376457745869175,0.8999476239521269,1.8012425399039589
2024-07-11 02:00:00,580.5126634372474,-1.76106407939767,1.7475543957730864,0.8308462463771824
2024-07-11 03:00:00,580.4882107293927,-0.9448851544591435,2.1362144279960775,0.9704599970703935
2024-07-11 04:00:00,580.4630977255243,-1.1000178846464905,3.571426175994159,0.2754939831280725
2024-07-11 05:00:00,580.4373252414168,-1.6708359417363,2.095454714620919,0.11805598569856574
2024-07-11 06:00:00,580.4108944029225,-3.008062088992915,2.268923952192548,0.33824373387788287
2024-07-11 07:00:00,580.3838064506692,-3.192242673827991,0.3858829797172779,1.0325532434415372
2024-07-11 08:00:00,580.3560627293054,-0.5104930869069904,4.338607893471002,1.5858224641305565
2024-07-11 09:00:00,580.3276647688257,-1.8834778362960378,0.8226574395214671,1.0131556279488585
2024-07-11 10:00:00,580.2986143079062,-1.7523922024591911,-2.2337235102995208,3.30750140485255
2024-07-11 11:00:00,580.2689134642397,-1.0114438327231028,-4.901924477310763,2.2744548457941876
2024-07-11 12:00:00,580.2385647849977,-1.419492078140479,-8.872478103307277,2.8434053964499286
2024-07-11 13:00:00,580.2075712557661,-1.2825959697345297,-9.992820327125203,2.2378450410935247
2024-07-11 14:00:00,580.1759363813936,-0.6547264270849382,-5.406305831290847,2.5850958769821966
2024-07-11 15:00:00,580.1436642959527,-1.7579636812029094,-5.392182813488934,2.766482198739171
2024-07-11 16:00:00,580.1107600193573,-2.3657270826623744,1.7205888479576408,3.4943782153474823
2024-07-11 17:00:00,580.077229440259,-1.870792900395827,2.891918035288923,4.161645424848007
2024-07-11 18:00:00,580.0430793935813,0.02827429640626633,2.728299280354808,3.430347029657735
2024-07-11 19:00:00,580.0083174067928,-0.26035287584113576,2.8823586929780007,4.249676776070392
2024-07-11 20:00:00,579.972951539359,-0.5711805206949521,1.4671103394326814,4.321118641903355
2024-07-11 21:00:00,579.9369905090309,-2.1749997890085524,-0.14450626582356282,4.00251554580121
2024-07-11 22:00:00,579.9004440965732,-2.2395026365056765,0.5815350191344858,5.477523520798042
2024-07-11 23:00:00,579.8633231859435,-2.3321378843651246,5.69883559523478,4.139979103186923
2024-07-12 00:00:00,579.8256395629232,-1.888592357314451,0.9460091283505416,2.5469436660406144
2024-07-12 01:00:00,579.7874059011838,-1.9658759156426413,0.7408351254742731,2.817634888984599
2024-07-12 02:00:00,579.7486355424774,-2.403801265549646,1.6496758213428537,1.7254899017294838
2024-07-12 03:00:00,579.7093423792768,-2.1488973496407198,1.3959888436551087,2.3735661267088624
2024-07-12 04:00:00,579.6695409728296,-2.0420517825205025,3.0212876783867,2.5312231313041957
2024-07-12 05:00:00,579.6292466427451,-2.5703254286058836,1.468896552614361,2.8121822332464266
2024-07-12 06:00:00,579.5884753329437,-0.2601732076288954,1.8243132078706668,4.257384666814447
2024-07-12 07:00:00,579.5472434773048,-1.1011236024601203,0.3142408686348404,4.17963925652043
2024-07-12 08:00:00,579.5055679885413,-0.6284128079287257,4.451575555599324,5.311269263788019
2024-07-12 09:00:00,579.4634661896083,-2.9893244268138233,1.3256884667800999,2.3401697704253883
2024-07-12 10:00:00,579.4209555719506,-4.205414981525223,-1.3142221920234662,3.2386816015981528
2024-07-12 11:00:00,579.3780538506019,-3.198153841484782,-4.358198981141678,2.6582989720245247
2024-07-12 12:00:00,579.3347789457168,-3.3951826079995726,-8.19463221656542,2.8550358788481938
2024-07-12 13:00:00,579.2911488312251,-2.835096805419198,-9.469042926157162,2.082990900351331
2024-07-12 14:00:00,579.2471814544081,-2.178674339824056,-4.841770102623494,2.043262988039489
2024-07-12 15:00:00,579.2028948628857,-2.2161622346142167,-5.212672990143312,1.245940361871767
2024-07-12 16:00:00,579.1583077110473,-3.109435220403725,1.7272424046848696,1.2538851046715334
2024-07-12 17:00:00,579.1134394732345,-2.3878214108914335,2.631459268676558,3.8829226689803864
2024-07-12 18:00:00,579.0683107516,-0.186891533246353,2.719609857786194,4.068970923860127
2024-07-12 19:00:00,579.0229433807747,-0.24788692495599207,2.857297515943611,4.26764602823768
2024-07-12 20:00:00,578.9773605347829,-1.1842069207117447,1.5610989780048556,5.515747407923999
2024-07-12 21:00:00,578.9315859376171,-0.8021758602770888,-0.1887190682951816,3.3093089909551576
2024-07-12 22:00:00,578.8856440696441,-1.867279129020062,0.3531890487927574,3.3984460105832714
2024-07-12 23:00:00,578.8395613795487,0.10280318004447508,5.484104005613691,0.973531434792963
2024-07-13 00:00:00,578.7933664172131,2.124298598656992,0.5364717717850024,0.6458632123448727
2024-07-13 01:00:00,578.7470898011794,1.957361752027964,0.5211848950649495,0.7243635517277618
2024-07-13 02:00:00,578.7007643182209,1.09356766543317,1.40902784256965,3.8766401737763445
2024-07-13 03:00:00,578.6544253104677,-1.606505328107346,0.6040162371399083,3.888063780499723
2024-07-13 04:00:00,578.6081108093045,-3.2853365524669016,2.4327977515724655,4.284427991589821
2024-07-13 05:00:00,578.5618617046819,-0.9741073738965724,0.9154217224078838,4.326823946806848
2024-07-13 06:00:00,578.515721714754,0.022897150032576974,1.3477523291104767,1.5036288061029353
2024-07-13 07:00:00,578.4697362449814,-0.9130323828669589,0.2724030459026095,0.9408930919829994
2024-07-13 08:00:00,578.4239516974407,-0.02387104337924484,4.477405211981201,0.8425141339573848
2024-07-13 09:00:00,578.3784151675128,0.6767470712608201,1.8286147467623826,-0.36377698553596605
2024-07-13 10:00:00,578.333174448626,-0.3173522251737495,-0.3483441694158409,0.3325219459636226
2024-07-13 11:00:00,578.2882778631354,-0.6371005186355205,-3.8716357859056405,0.5304584414057154
2024-07-13 12:00:00,578.2437735745357,-1.0960740304416277,-7.5118412721188506,-1.625858271975165
2024-07-13 13:00:00,578.1997095575525,-1.3627454892111928,-8.951278125541362,-1.1456859428000266
2024-07-13 14:00:00,578.1561337336575,-1.453826374934124,-4.425952013239374,-1.576355345483949
2024-07-13 15:00:00,578.1130944396509,-0.919546654382998,-5.059801688592979,-0.22374609667496648
2024-07-13 16:00:00,578.0706403124819,-0.08393806035508078,1.6277803915841023,0.06551735628895747
2024-07-13 17:00:00,578.0288200339426,1.6223617707591984,2.294964207511968,-8.196146012213756
2024-07-13 18:00:00,577.9876822168097,0.1397120565032992,2.7651237417268506,-6.1025180150399345
2024-07-13 19:00:00,577.9472754627201,0.4587860679368987,2.8688351795414087,-6.504896710198389
2024-07-13 20:00:00,577.9076481433673,0.6737635588858666,1.7907594710070636,-5.442171173260243
2024-07-13 21:00:00,577.8688478690851,1.3330772382170153,-0.07797534444200746,-5.293949762860082
2024-07-13 22:00:00,577.8309209242643,1.1942125286007013,0.3184543808863218,-6.503587833751387
2024-07-13 23:00:00,577.7939125612529,1.4465748035886463,5.189260940264831,-8.799748305106366
2024-07-14 00:00:00,577.7578672377446,-0.3832863063055356,0.26001734087466577,-10.984598272313702
2024-07-14 01:00:00,577.7228288052794,-0.298097185836923,0.33033660515594004,-10.925068224598308
2024-07-14 02:00:00,577.6888406682342,0.20875282251847693,1.17571974341436,-8.833313234167035
2024-07-14 03:00:00,577.6559456427776,0.4595398202141041,-0.13723928867722793,-6.988246174314486
2024-07-14 04:00:00,577.6241853833164,2.1033488993138008,1.846123884462666,-6.073658167092952
2024-07-14 05:00:00,577.5935996851681,1.010280389831678,0.4217833694009842,-5.195663444400694
2024-07-14 06:00:00,577.5642261554781,-0.1630333590802593,0.8148707065449244,-5.546063502942899
2024-07-14 07:00:00,577.5361002076734,1.072900722215536,0.18589102884377956,-5.244891958732782
2024-07-14 08:00:00,577.5092548275268,-1.2399531211879093,4.270972802852393,-5.33027450919118
2024-07-14 09:00:00,577.4837203389252,0.7110967769273202,2.212984074058527,-3.9178011899111054
2024-07-14 10:00:00,577.4595245593185,1.1708082953151688,0.687777557925888,-4.09811041255958
2024-07-14 11:00:00,577.4366919189519,1.883460568783562,-3.373117344511927,-2.8270351432235175
2024-07-14 12:00:00,577.4152417781248,3.412299439959156,-6.829433398788669,-3.918107819295343
2024-07-14 13:00:00,577.3951890363974,3.6610730128069235,-8.457249705730678,-3.449012343473622
2024-07-14 14:00:00,577.3765447860576,2.3102510433805037,-4.128048032549407,-3.0987477968886745
2024-07-14 15:00:00,577.3593173329721,1.6168162491385374,-4.837720161268559,-2.6784134208421033
2024-07-14 16:00:00,577.3435124365534,2.4250538980355714,1.5861270876163802,-2.8346934222054156
2024-07-14 17:00:00,577.3291333420348,2.174543954660521,1.9431378407719953,-5.436815137467357
2024-07-14 18:00:00,577.3161807340454,-0.4759470396430743,2.6491742926118245,-3.079407987014193
2024-07-14 19:00:00,577.3046529992092,-0.8031129658166947,2.753496809297437,-2.9850368426899982
2024-07-14 20:00:00,577.2945467714131,-1.4468193239890752,1.8469336432721943,-3.984661090696279
2024-07-14 21:00:00,577.2858569321053,-1.2721205203615682,0.05365386128577036,-3.3173902730294653
2024-07-14 22:00:00,577.2785764749015,0.2760879883475127,0.3707729123909312,-3.745437375640017
2024-07-14 23:00:00,577.2726972283735,0.071685383847921,4.843357746270518,-2.057740358491953
2024-07-15 00:00:00,577.2682100471774,0.2438220842298051,0.188859968019919,0.5291079005729318
2024-07-15 01:00:00,577.2651047484014,0.04544294801610249,0.24648149026992988,0.3129708133125403
2024-07-15 02:00:00,577.2633698919076,1.0815980808621362,1.1842137561701835,0.7708182710600682
2024-07-15 03:00:00,577.2629931329574,0.49450415136857373,-0.5510151893320792,1.2835179050061774
2024-07-15 04:00:00,577.263961328985,1.60702179684381,1.390464359311611,1.4785525148594816
2024-07-15 05:00:00,577.2662604215552,2.3481416610186443,0.029360056281481167,2.026237861144583
2024-07-15 06:00:00,577.2698752020844,1.4794807169270143,0.22127546828622385,3.699368612702309
2024-07-15 07:00:00,577.2747895997246,0.8778991079833531,0.03681543419465268,3.610495858097388
2024-07-15 08:00:00,577.2809870895247,0.8221355315699839,3.8628060098636223,2.4640713690415486
2024-07-15 09:00:00,577.2884506454536,1.6663476702856315,2.425648955586184,2.1295527286744913
2024-07-15 10:00:00,577.2971625480955,0.5552221331791998,1.7481148710614753,0.5595004476638711
2024-07-15 11:00:00,577.3071043449116,-0.3053437604659166,-2.8966918095212586,-0.09506877492447896
2024-07-15 12:00:00,577.3182572828799,0.416430679692553,-6.2929551347498,2.918267172177395
2024-07-15 13:00:00,577.3306024691354,0.15737044721390703,-8.045803623539296,2.7178307071899748
2024-07-15 14:00:00,577.3441205915344,0.02465106903684955,-4.009507832110694,2.3007361715394095
2024-07-15 15:00:00,577.358792103652,-2.1846627682081134,-4.612487315708497,0.9583579802645148
2024-07-15 16:00:00,577.3745973304897,-2.6599146929863764,1.545406185744446,-0.020088823247742457
2024-07-15 17:00:00,577.3915165574925,-1.1530879833052268,1.7287900022432712,-2.1272185764305793
2024-07-15 18:00:00,577.4095296659352,-0.19443004796619334,2.426009996192817,-1.9411096141617992
2024-07-15 19:00:00,577.4286159463227,-0.4934188017740553,2.5845402180502832,-1.9997373625989217
2024-07-15 20:00:00,577.4487540038165,-0.38570389081587564,1.8201592038659433,-2.353209316866592
2024-07-15 21:00:00,577.4699220370487,-1.1739012957111754,0.265064991703638,-3.401085733041187
2024-07-15 22:00:00,577.4920983895344,-1.7946983763284834,0.5863690491402045,-2.9137690623460384
2024-07-15 23:00:00,577.5152616275914,-2.585682448818716,4.574716737731234,-0.27429591650393165
2024-07-16 00:00:00,577.5393900531477,-2.5516566250030337,0.2236086783793896,-1.6813421065240952
2024-07-16 01:00:00,577.5644617267735,-1.8089996495205014,0.24880295656082319,-1.264265033813806
2024-07-16 02:00:00,577.5904548862112,-3.1808667739454677,1.3537097374259128,-1.5432978496915644
2024-07-16 03:00:00,577.6173473995121,-2.2429109741802904,-0.6660881814815213,-1.4083482438503867
2024-07-16 04:00:00,577.6451162602767,-3.805337179139997,1.148274086997765,-1.198053168134524
2024-07-16 05:00:00,577.6737380895233,-4.2895544880744865,-0.250760031816625,-2.123423569632229
2024-07-16 06:00:00,577.7031890967029,-2.4700922532035747,-0.4042085140923817,-1.468888329406971
2024-07-16 07:00:00,577.733445674824,-1.9241593525641747,-0.1763159095483753,-1.362970412711411
2024-07-16 08:00:00,577.7644856068837,-1.6179890876667287,3.4704404850179,-1.0669370042349122
2024-07-16 09:00:00,577.7962879243514,-1.0492536110421042,2.476994459591313,-0.6040287729006133
2024-07-16 10:00:00,577.8288318736501,-1.039902728215111,2.4684489070270277,-1.9773780524619986
2024-07-16 11:00:00,577.8620967731819,-0.19319451258104436,-2.532200607533782,-2.876701653066975
2024-07-16 12:00:00,577.8960627551647,-0.9603398387436073,-6.102783033424472,-1.9529398829966942
2024-07-16 13:00:00,577.9307114191129,-1.737813021150373,-7.887109533932904,-1.355788864029614
2024-07-16 14:00:00,577.9660261078268,-1.5326283867123038,-4.239034024627285,-1.3543636964872392
2024-07-16 15:00:00,578.00199165132,-0.016344714035085417,-4.627204798641442,-1.8484421386435905
2024-07-16 16:00:00,578.038593711669,-0.10349568017988986,1.293874075037077,-1.9889721065261232
2024-07-16 17:00:00,578.0758184519802,-3.6553508030521016,1.6746477361268068,-0.2651153850548939
2024-07-16 18:00:00,578.1136525090471,-2.739313825708223,2.40155083781218,0.1441104788490343
2024-07-16 19:00:00,578.1520831119279,-2.850900417324169,2.6211593917004388,-0.1123420863042851
2024-07-16 20:00:00,578.1910985269188,-0.9822955219297,1.8849196063304405,0.8162773886804414
2024-07-16 21:00:00,578.2306884031244,-2.9494128317210198,0.6276538157320924,0.05107061286454835
2024-07-16 22:00:00,578.2708425971776,-3.0625772301166307,0.9896799989446335,0.562054633994282
2024-07-16 23:00:00,578.3115496431736,-4.799303776163811,4.353699688763404,2.0440544442267536
2024-07-17 00:00:00,578.352796404132,-5.138690743411871,0.4076840306180156,1.0982103086618076
2024-07-17 01:00:00,578.394568558212,-5.633649500318938,0.3989054253234481,1.5101755167835313
2024-07-17 02:00:00,578.4368511980657,-7.394180630963774,1.5716971846752352,1.615632248222802
2024-07-17 03:00:00,578.4796290815532,-6.881620667647439,-0.6659683563877653,0.07795994248206368
2024-07-17 04:00:00,578.5228866700465,-6.046995756114256,1.0017553897330271,-0.5876463036652834
2024-07-17 05:00:00,578.566608569868,-5.504130401192583,-0.5619553359306949,-0.18052283274461559
2024-07-17 06:00:00,578.6107798980815,-5.69584477573369,-0.8509651961736167,0.16603007382585508
2024-07-17 07:00:00,578.6553862587798,-5.771384493710343,-0.4080529362513778,0.1940511711818722
2024-07-17 08:00:00,578.7004135669181,-5.924502053817832,3.1605196200409185,-0.22643113314112007
2024-07-17 09:00:00,578.7458480230208,-6.253154811566219,2.355432850725677,0.3118739378197037
2024-07-17 10:00:00,578.7916764736688,-4.961615232726558,2.9256638190307074,-0.9357250599727701
2024-07-17 11:00:00,578.8378866957257,-6.414577226526717,-2.170590903549654,-0.2127185656494775
2024-07-17 12:00:00,578.8844674833565,-5.320078868472137,-6.259057222869308,1.4746686079848883
2024-07-17 13:00:00,578.9314084651826,-6.493235713107765,-8.03008925109484,1.85191649902001
2024-07-17 14:00:00,578.9787003139726,-6.509355943549963,-4.66872286327004,2.1093784928474846
2024-07-17 15:00:00,579.026334533595,-5.790073934157476,-4.699766789373218,2.623506189935667
2024-07-17 16:00:00,579.0743036380497,-6.653249777942051,0.9644373917150245,2.594508748177254
2024-07-17 17:00:00,579.1226017339256,-8.02800173963692,1.670251199067483,3.1551488066437963
2024-07-17 18:00:00,579.1712246116067,-7.558618612747523,2.5069466332917405,1.6904473678490446
2024-07-17 19:00:00,579.2201695242433,-7.805252009798551,2.7645220103469206,1.470560475208362
2024-07-17 20:00:00,579.2694346974693,-9.1736523750983,1.9146850454696014,2.479532632159485
2024-07-17 21:00:00,579.3190185158926,-8.091881885748649,0.9444179460426766,2.968445423813346
2024-07-17 22:00:00,579.3689197420808,-8.438515695972342,1.4255563139635496,2.9940396399280487
2024-07-17 23:00:00,579.4191385239226,-6.667761989600876,4.209347172463408,2.759276293214909
2024-07-18 00:00:00,579.4696764363252,-6.223978753882875,0.7344524088296212,1.4698499087281203
2024-07-18 01:00:00,579.5205364211407,-6.6956818389983255,0.7121176970487368,1.723027720808941
2024-07-18 02:00:00,579.5717224869361,-5.2673126586918215,1.9591826424295857,0.6164075293261705
2024-07-18 03:00:00,579.6232395995689,-5.07367524787071,-0.5966832342636569,0.9171188825654356
2024-07-18 04:00:00,579.6750944463106,-6.4028390989670925,0.7974222971860232,0.17032235547043695
2024-07-18 05:00:00,579.7272955892071,-5.94434234313519,-0.9362304402533191,0.04327719418142978
2024-07-18 06:00:00,579.779853280358,-6.212279480413827,-0.8055809950927905,0.08800719514862149
2024-07-18 07:00:00,579.8327783563467,-5.781819938187255,-0.5132459123789607,0.8722874942194534
2024-07-18 08:00:00,579.8860814310136,-5.362146203291104,2.9187108406394286,1.5873539316380274
2024-07-18 09:00:00,579.9397728496241,-5.11588104263285,2.183941050315278,0.8421671426934834
2024-07-18 10:00:00,579.9938628462797,-10.952522250052425,3.312279810770921,3.406379593001649
2024-07-18 11:00:00,580.0483614896997,-8.432732012437327,-1.7415598926437021,2.1959304153814894
2024-07-18 12:00:00,580.1032780033244,-7.390155349606516,-6.585036022980278,2.611913369262449
2024-07-18 13:00:00,580.1586206467632,-7.927337214950626,-8.391688474197565,2.090405042385011
2024-07-18 14:00:00,580.2143964326788,-8.527335736343389,-5.210005655520377,2.392944959184958
2024-07-18 15:00:00,580.2706114469,-7.406153133791804,-4.731707981878522,2.537249668770245
2024-07-18 16:00:00,580.3272715068998,-9.822845311800734,0.7649261316456115,3.2406476732552445
2024-07-18 17:00:00,580.3843822509875,-1.2800399211882905,1.7465704371493447,4.279087233051474
2024-07-18 18:00:00,580.4419489128715,-0.6101322947745302,2.4703083183610945,3.3678750635420367
2024-07-18 19:00:00,580.4999765845466,0.22311296243390188,2.7474029393338766,4.199507513685596
2024-07-18 20:00:00,580.5584698110855,0.5034076627109698,1.8119754452780537,4.3961470809254415
2024-07-18 21:00:00,580.6174329115601,1.922045073340655,0.9982077627651895,4.142314252334046
2024-07-18 22:00:00,580.6768709334303,1.352007723869292,1.6636592314737166,5.52746211122671
2024-07-18 23:00:00,580.7367910337433,1.9226673368591491,4.151034977435723,4.209506651961754
2024-07-19 00:00:00,580.7972025734852,2.651524762668487,0.8662873649319516,2.7549852989144257
2024-07-19 01:00:00,580.8581157949138,2.4036431554199,0.9327952471627232,3.0754458025034723
2024-07-19 02:00:00,580.9195406312065,2.146471911417507,2.4814992976567876,2.0124881597191147
2024-07-19 03:00:00,580.9814876462732,1.9764743961591194,-0.4242614977819935,2.3662994553497096
2024-07-19 04:00:00,581.0439684917876,1.8488312549678767,0.7027945555042738,2.6544056977401773
2024-07-19 05:00:00,581.106995046997,2.149246296125966,-1.1696280631529403,2.8833867200300083
2024-07-19 06:00:00,581.1705795055236,0.2454262791795827,-0.523812848522697,4.387807063819377
2024-07-19 07:00:00,581.2347343027667,1.299549598178146,-0.4330492425033306,4.37876534155846
2024-07-19 08:00:00,581.2994716444215,1.6585923355129353,2.8455573341042655,5.146378685961363
2024-07-19 09:00:00,581.3648034545906,1.1422512047795408,2.0941253769402244,2.2188199636895547
2024-07-19 10:00:00,581.4307412796126,0.6940693025536575,3.5365793577004014,3.228610060133441
2024-07-19 11:00:00,581.4972959792487,0.4707625381372509,-1.2820877109377395,2.644029193551762
2024-07-19 12:00:00,581.5644775722584,1.1635035747780194,-6.8266733674020035,2.708692220365593
2024-07-19 13:00:00,581.6322951992636,1.3630460340355057,-8.67242422826469,1.9870829949655548
2024-07-19 14:00:00,581.7007570542698,-0.09957946792019357,-5.66821386435648,1.9670362780068664
2024-07-19 15:00:00,581.7698706383482,-0.1294872261320279,-4.777122818526739,1.1867394063105539
2024-07-19 16:00:00,581.8396426246978,-0.04253249415035043,0.6987287218307037,1.1841611476218288
2024-07-19 17:00:00,581.9100791321092,2.057221499485536,1.890000078055143,3.5826992903501904
2024-07-19 18:00:00,581.9811860786464,2.812820387080478,2.2464737255278333,3.969519808745279
2024-07-19 19:00:00,582.0529691963784,3.156395564131458,2.5205133649009435,4.180121874589149
2024-07-19 20:00:00,582.125433655394,2.5737399478167617,1.4722246863266164,5.308601710462609
2024-07-19 21:00:00,582.1985839041208,4.546289895267591,0.8172515111332107,3.2778746894784057
2024-07-19 22:00:00,582.2724230648746,2.2882447782506006,1.6004206529871838,3.158911503887631
2024-07-19 23:00:00,582.3469527419038,0.5720745287719637,4.185140083436686,0.5258326458876028
2024-07-20 00:00:00,582.4221730284032,1.0364956193050148,0.8717574615997119,0.12957389069212977
2024-07-20 01:00:00,582.4980827183488,0.6078612800557721,1.1249939704919845,0.3390620311034335
2024-07-20 02:00:00,582.5746795901492,0.053000697173160916,2.9410885342387867,3.2412311784387526
2024-07-20 03:00:00,582.6519600036373,-0.29554560027463594,-0.26526147432146,3.498847070958806
2024-07-20 04:00:00,582.7299185566267,1.4560994439455044,0.8273225701069626,3.806659429320879
2024-07-20 05:00:00,582.8085484855122,0.19400504918326078,-1.0993429201910039,3.7967893854955537
2024-07-20 06:00:00,582.8878411918764,-4.191240153468129,-0.2959518580212448,0.9793508196128765
2024-07-20 07:00:00,582.9677867459775,-2.2305728731566887,-0.3017920997883636,0.4945782269675423
2024-07-20 08:00:00,583.0483742207897,-1.9576802443972383,3.0038079334139067,0.3654980901937389
2024-07-20 09:00:00,583.1295920325756,-0.14016942943476352,2.094967693493735,-0.6443902966344534
2024-07-20 10:00:00,583.2114279990149,-0.002598086803004662,3.499884832818174,-0.18871474503010327
2024-07-20 11:00:00,583.293869269487,0.024920324320646614,-0.8532593769248297,-0.1455302168827229
2024-07-20 12:00:00,583.3769024562432,-0.6082151274698617,-7.011661143238895,-2.1370261855344026
2024-07-20 13:00:00,583.4605135878439,-0.17845347144555035,-8.847739871839888,-1.6143202445584395
2024-07-20 14:00:00,583.544688155939,0.7216221569202617,-6.059660482587534,-1.896649830271695
2024-07-20 15:00:00,583.6294111007013,0.6290824972824112,-5.014310885783764,-0.744182712199973
2024-07-20 16:00:00,583.7146658707844,-0.7364353638741932,0.5501133107805815,-0.25834381769083775
2024-07-20 17:00:00,583.8004341427503,2.1301786498719366,2.0535050608689573,-7.90411785349114
2024-07-20 18:00:00,583.8866957307428,2.498194626287159,2.0976766557127404,-6.032567012742557
2024-07-20 19:00:00,583.973428624686,2.4511353202788086,2.339414055357845,-6.453978000322642
2024-07-20 20:00:00,584.0606095230614,0.5734867194017852,1.1142381678405877,-5.418334410303752
2024-07-20 21:00:00,584.1482140055293,2.3880341627464077,0.6336373970486322,-4.979885565324339
2024-07-20 22:00:00,584.236216372609,3.3131619462944855,1.5156786059925513,-6.405056924896044
2024-07-20 23:00:00,584.3245883656538,2.043890787680425,4.271861445334182,-8.80034059866826
2024-07-21 00:00:00,584.4132991584602,5.669518367201135,0.9500937396976724,-11.05291126535897
2024-07-21 01:00:00,584.5023155222499,5.3244857291398375,1.3388943601416672,-10.70569561153139
2024-07-21 02:00:00,584.5916022360398,3.707570769977565,3.0923954148036494,-8.891568420820937
2024-07-21 03:00:00,584.681122611178,2.507861590446055,-0.2471576938892644,-7.111826507734837
2024-07-21 04:00:00,584.7708386554386,1.4328371089553684,1.0459354807056798,-6.349611245099681
2024-07-21 05:00:00,584.8607109805781,0.8333111168733467,-0.8630386822123371,-5.580983415239072
2024-07-21 06:00:00,584.950699227082,4.04863599684154,-0.10006117164864937,-5.539274052274899
2024-07-21 07:00:00,585.0407625419947,2.978835458765502,-0.20843452273913185,-5.451163478021024
2024-07-21 08:00:00,585.1308592612359,1.4951976239859732,3.063474519664796,-5.459531404886691
2024-07-21 09:00:00,585.2209466990751,2.3111423195657608,2.0399517716481017,-3.9520407902889225
2024-07-21 10:00:00,585.3109815479137,3.520636160728486,3.225950043502497,-4.317567752144641
2024-07-21 11:00:00,585.400920232617,3.193459773752238,-0.35139087580832185,-2.9929891305608707
2024-07-21 12:00:00,585.4907185247203,1.2298577092041114,-6.99389174391854,-3.986684490005771
2024-07-21 13:00:00,585.5803309970861,0.7856368825749769,-8.933422323338341,-3.5125455563226833
2024-07-21 14:00:00,585.66971120839,0.41506674759409634,-6.334801134620738,-3.0899768213633987
2024-07-21 15:00:00,585.7588125406667,1.4245229097913352,-5.17000589914565,-2.653329551312358
2024-07-21 16:00:00,585.847588907522,2.307523474736513,0.5199780643395393,-2.775090446598055
2024-07-21 17:00:00,585.9359945928614,2.3337072425456427,2.1546642701134986,-5.034366105520613
2024-07-21 18:00:00,586.0239841895516,-0.034781834445084314,1.9883957477501426,-2.7675981028565912
2024-07-21 19:00:00,586.1115124342748,-0.37407020081047904,2.1686111016653666,-2.6560533351297604
2024-07-21 20:00:00,586.1985340752594,1.8572047337418098,0.8274423194094553,-3.643181128410634
2024-07-21 21:00:00,586.2850039974014,0.010971128338496783,0.4424658108103017,-3.0884409365502656
2024-07-21 22:00:00,586.3708780072155,-2.183721578026166,1.4134037617874173,-3.3505601909767604
2024-07-21 23:00:00,586.4561149222512,-0.5753762352021567,4.3013262262879,-1.7420649133368467
2024-07-22 00:00:00,586.5406768976172,-1.641769140205156,0.9804082655262176,0.8706839770617152
2024-07-22 01:00:00,586.624529396334,-1.0948897821166383,1.4640966541608766,0.5362637316217643
2024-07-22 02:00:00,586.7076404208717,2.580343270074195,2.852759886720262,1.1592564223337658
2024-07-22 03:00:00,586.7899805960177,2.1419256025585582,-0.31967346450536044,1.4177672659290987
2024-07-22 04:00:00,586.8715235631377,-0.3952417665283292,1.2579916918298062,1.6357265115608768
2024-07-22 05:00:00,586.9522459243504,-0.22548121457066372,-0.5477589412405602,2.3309942314607657
2024-07-22 06:00:00,587.0321278653784,1.7764776413170011,0.21557488118148083,4.045819612123154
2024-07-22 07:00:00,587.1111533314199,2.1423982729842237,-0.016906443103673414,3.943354838699569
2024-07-22 08:00:00,587.1893098268428,4.409300701077541,3.0912655395932993,2.860123932486337
2024-07-22 09:00:00,587.2665882806418,3.2979190242813274,1.9804012389167025,2.5550914561602034
2024-07-22 10:00:00,587.3429826540917,2.2122624610324237,2.918190816633914,1.1265640682420681
2024-07-22 11:00:00,587.418489332326,1.7080516478265508,0.10038681841269374,0.4530722014346674
2024-07-22 12:00:00,587.4931068959255,1.773594630178195,-6.589076274211599,3.2923747481079513
2024-07-22 13:00:00,587.5668367115245,0.7275651031482084,-8.816673089268058,3.062271274595276
2024-07-22 14:00:00,587.6396827573278,2.4692107484867165,-6.42255502368758,2.473661517873022
2024-07-22 15:00:00,587.7116505857658,2.5295112615563085,-5.103144349274628,1.3519825019525293
2024-07-22 16:00:00,587.7827474843573,1.9948812210137703,0.7053208336198411,0.20705046100922625
2024-07-22 17:00:00,587.8529821869188,-2.7001049762224056,2.084580123149017,-1.9874573338454065
2024-07-22 18:00:00,587.9223643172371,-3.7137328925399515,1.6460190868232218,-1.9146505115203665
2024-07-22 19:00:00,587.9909038311629,-3.9687210022954105,1.7406338013070144,-1.9728166301744814
2024-07-22 20:00:00,588.0586111258369,-2.9897147767542265,0.4818964769397157,-2.3207928260223585
2024-07-22 21:00:00,588.1254965508786,-2.3913500243976387,0.038565884647238695,-3.3227124111280966
2024-07-22 22:00:00,588.1915697737704,-1.644749085948206,1.0555229053527333,-2.862343593174971
2024-07-22 23:00:00,588.2568392975238,-0.14129201170385386,4.2571686792848,-0.25271596510465
2024-07-23 00:00:00,588.3213127026665,-1.6406286826809264,0.9468105254429033,-1.617494545428461
2024-07-23 01:00:00,588.3849966832108,-0.7764114698909452,1.5316692822720839,-1.200254495591967
2024-07-23 02:00:00,588.4478972751559,-1.3031977473483494,2.4509017270398776,-1.5356012548474698
2024-07-23 03:00:00,588.5100201657451,-2.3987449462370023,-0.26997119926241403,-1.351304020245695
2024-07-23 04:00:00,588.5713705894898,-1.1905965980153042,1.4307572443955134,-1.261531235870027
2024-07-23 05:00:00,588.6319532198751,-0.8273011853530079,-0.13687405630221602,-2.1777779782198836
2024-07-23 06:00:00,588.6917722675269,-1.1101944337344776,0.5283193812449535,-1.5198972150372527
2024-07-23 07:00:00,588.7508315831909,-1.1814006713084382,0.30761468766486766,-1.4070455995473312
2024-07-23 08:00:00,588.8091347115916,0.7951309991758535,3.3093669455868904,-1.0336326563544085
2024-07-23 09:00:00,588.8666845540573,-0.6620833092454177,2.0961911641163256,-0.5707924089282191
2024-07-23 10:00:00,588.9234833787817,-2.33073179783662,2.936235382702804,-2.0289869636478364
2024-07-23 11:00:00,588.9795322900773,-0.5910587064483934,0.5341655167803705,-2.7526391004092945
2024-07-23 12:00:00,589.0348314491631,-0.47728616933738977,-6.131273267773697,-1.8562720120519753
2024-07-23 13:00:00,589.0893799971618,0.8579585353247694,-8.655824702822194,-1.2415138296644301
2024-07-23 14:00:00,589.1431763403016,0.20573930906357418,-6.486164339102102,-1.4227513102630858
2024-07-23 15:00:00,589.1962184844964,-2.3670061619669696,-5.047057079072331,-2.01215524345712
2024-07-23 16:00:00,589.2485042717983,-2.4027899162634867,0.9238722419356762,-2.0895865974705474
2024-07-23 17:00:00,589.300031866196,1.1054243554635832,1.7996354145060598,0.17490836383436584
2024-07-23 18:00:00,589.3508000377426,1.1499243690604999,1.112234817855617,0.47704077534124734
2024-07-23 19:00:00,589.4008078448451,1.1509476599535446,1.1433647392142205,0.22487975598714438
2024-07-23 20:00:00,589.4500547191988,0.2519730878576638,0.16915213958194758,1.1688200533615731
2024-07-23 21:00:00,589.4985396695497,0.19385582441134375,-0.31599312565222865,0.6035976316911865
2024-07-23 22:00:00,589.5462607338906,0.47086408654172374,0.5970272142695737,0.9158479652981176
2024-07-23 23:00:00,589.5932146222225,1.1150751626857982,4.233100816188772,2.288609398902948
2024-07-24 00:00:00,589.6393964545327,0.7777813473376227,0.9498876739524283,1.3329345241772814
2024-07-24 01:00:00,589.6847996321135,0.286964685911812,1.618379328656104,1.8198563533185093
2024-07-24 02:00:00,589.7294156786726,0.22318603771532253,1.9520209592585378,1.7153773243535702
2024-07-24 03:00:00,589.7732341157109,-0.45110009397546946,-0.15932501420043943,0.2371909924649484
2024-07-24 04:00:00,589.8162428220807,0.5975986596743041,1.620711036240546,-0.3645525179955438
2024-07-24 05:00:00,589.858428282649,0.6977082822368175,0.4636313219470133,0.00023211316719834452
2024-07-24 06:00:00,589.8997752569915,-2.3669640384380273,0.5758666356804321,0.3713221457661564
2024-07-24 07:00:00,589.9402670576196,-2.181607174904684,0.6044207290618712,0.27691938822312956
2024-07-24 08:00:00,589.9798868484373,-2.4162997783023457,3.693562696585368,-0.007149766720260964
2024-07-24 09:00:00,590.0186175040952,-2.130982343087112,2.378492322930033,0.5238725160617789
2024-07-24 10:00:00,590.0564415348217,-3.2340220423735673,3.0596484618048736,-0.8420679542530718
2024-07-24 11:00:00,590.0933411628292,-3.7785672496862617,0.8343616881570888,-0.10913560130012351
2024-07-24 12:00:00,590.1292983367231,-3.8930553895999083,-5.985198926027516,1.6989559789043143
2024-07-24 13:00:00,590.1642948006842,-1.6853882585745623,-8.72953732471289,2.0506307826032617
2024-07-24 14:00:00,590.1983125996119,-2.318576484616642,-6.560962291020935,2.201226176025645
2024-07-24 15:00:00,590.2313340404974,-6.298017702271409,-5.119527519527112,2.5162111813011356
2024-07-24 16:00:00,590.2633419383668,-5.061268838726619,1.0181656595130704,2.5897612408466144
2024-07-24 17:00:00,590.2943198309098,1.7591569797261855,1.3662208958373345,2.810302293526716
2024-07-24 18:00:00,590.3242520380094,2.8853502410659075,0.6496059686864493,1.3107917522382067
2024-07-24 19:00:00,590.3531235912238,2.940857650930184,0.6566199895926683,1.0993987682533508
2024-07-24 20:00:00,590.3809201633659,1.7490767645324468,0.0861257506600136,2.113877321441736
2024-07-24 21:00:00,590.4076282762355,3.634872509030288,-0.37211938498209574,2.6496185997163413
2024-07-24 22:00:00,590.433235645145,5.209788524525948,0.30640911562732154,2.670566714701722
2024-07-24 23:00:00,590.457731577699,1.7926815538636447,4.273504415059936,2.3460824533774987
2024-07-25 00:00:00,590.4811080808992,2.455909625428717,1.042308203048427,1.5106740906237444
2024-07-25 01:00:00,590.5033602723887,1.7429815161941633,1.702392235316398,1.581265976100635
2024-07-25 02:00:00,590.5244875800147,0.8104995795018795,1.3972859372315187,0.32772690325178544
2024-07-25 03:00:00,590.5444942388564,2.2556951234472535,-0.052192349394693804,0.7520029870910755
2024-07-25 04:00:00,590.563387790924,3.606389896194628,1.8926130554815224,0.03760925739984569
2024-07-25 05:00:00,590.5811794826425,3.405464730611129,1.1209141803491878,-0.10755839360271492
2024-07-25 06:00:00,590.5978846523764,3.8697479306390505,0.5377468428884534,-0.18537942590382683
2024-07-25 07:00:00,590.6135217593245,3.690285048189253,0.771854626778545,0.6643385657076424
2024-07-25 08:00:00,590.6281100179899,2.1971288434259577,3.989105986787216,1.5156551517970185
2024-07-25 09:00:00,590.6416677713548,2.003837123607923,2.664185650828643,0.6903094542085075
2024-07-25 10:00:00,590.6542120481455,2.267322564298979,3.163861227541085,3.454604160014388
2024-07-25 11:00:00,590.6657597874208,3.4642767126943,0.9994287920750633,2.030534707809765
2024-07-25 12:00:00,590.6763291178088,5.354689547128373,-5.950640773275234,2.259622108338118
2024-07-25 13:00:00,590.6859390054483,6.354020493428607,-8.835817641825816,1.8058581429488336
2024-07-25 14:00:00,590.6946079127015,4.147463744878337,-6.412122426513758,2.160050768934001
2024-07-25 15:00:00,590.7023531301655,4.80799082995577,-5.132617620775646,2.3022736606542367
2024-07-25 16:00:00,590.7091906884831,4.756652452498315,1.0098444818713068,2.9843123771473823
2024-07-25 17:00:00,590.7151369298666,5.7304939394468875,0.7597488245474056,4.344620306139071
2024-07-25 18:00:00,590.7202094205969,4.359717991458297,0.3054980288852902,3.3245745590595175
2024-07-25 19:00:00,590.7244272299826,4.45325240519162,0.2938435648523743,4.148476799973431
2024-07-25 20:00:00,590.727810226176,4.477219054087641,0.10832631654454819,4.496644403191779
2024-07-25 21:00:00,590.7303782878397,3.6576871295737874,-0.2651591309710323,4.357093713557505
2024-07-25 22:00:00,590.7321502102398,3.428325171537381,0.16086134509291117,5.588663273129944
2024-07-25 23:00:00,590.7331402040551,5.384381936810087,4.244568752345705,4.327909106789224
2024-07-26 00:00:00,590.7333574232688,8.514244939836772,0.9387056751291778,3.063691961765255
2024-07-26 01:00:00,590.7328066124372,7.772215676728479,1.576573894599316,3.408403816235056
2024-07-26 02:00:00,590.7314890903496,4.896110194812763,1.1939563549463903,2.5984443598912086
2024-07-26 03:00:00,590.7294027143638,7.07672362748599,0.07906414353388594,2.6048095146163495
2024-07-26 04:00:00,590.7265413344782,5.168686813256613,2.2105750242315216,2.9441968280336455
2024-07-26 05:00:00,590.7228952206713,4.671237295660376,1.5229663082328517,3.1729011754355714
2024-07-26 06:00:00,590.7184520144458,6.98332494148292,0.5339592595238999,4.614263784547385
2024-07-26 07:00:00,590.7131972727498,7.388063510963889,0.8340432115993714,4.624696004686864
2024-07-26 08:00:00,590.7071144109611,5.061415828333111,4.200645574168833,4.960824186536941
2024-07-26 09:00:00,590.700184678871,7.15162025872894,2.976570273874105,2.3116247885259695
2024-07-26 10:00:00,590.69238704129,5.333156509819901,3.3352656642028937,3.399190784687204
2024-07-26 11:00:00,590.6836985829129,6.055502882306314,1.0530676512655783,2.8777308835150914
2024-07-26 12:00:00,590.6740950187145,7.293361878748556,-5.9659250881895,2.6884681907264047
2024-07-26 13:00:00,590.6635508455561,8.624145080279845,-8.892448304857817,2.0247523790218342
2024-07-26 14:00:00,590.6520390647617,8.187014114237968,-6.12214069160799,2.0030875126084817
2024-07-26 15:00:00,590.63953189627,8.782367577063383,-5.046588892421678,1.2546894190883489
2024-07-26 16:00:00,590.6260012257852,9.267155605172775,1.0909631094025065,1.255880059639489
2024-07-26 17:00:00,590.6114187083938,0.2908264677537318,0.19264912429611564,3.375105699556347
2024-07-26 18:00:00,590.5957555212694,-0.24796678320296905,-0.03241330746378277,3.994624569397323
2024-07-26 19:00:00,590.5789830763163,-0.4879465990005656,-0.07650986568437036,4.225473388368655
2024-07-26 20:00:00,590.5610735541625,-0.8784684668415821,0.1623913767898456,5.245003535889297
2024-07-26 21:00:00,590.5420000933265,-0.5630423598806829,-0.3041807582841081,3.385223024838258
2024-07-26 22:00:00,590.521737984376,-0.11106928713729758,-0.06785845766345695,3.0171897604246873
2024-07-26 23:00:00,590.5002652849038,-1.511459879871495,4.087566461327116,0.0736281336405714
2024-07-27 00:00:00,590.477562420644,-0.6083402939896132,0.6414938263594303,-0.340715953013885
2024-07-27 01:00:00,590.4536117530156,-0.29564219665314795,1.2515464762540087,0.010483967383521184
2024-07-27 02:00:00,590.428397069365,-0.6837407048972182,1.1982684993828703,2.6770751361493397
2024-07-27 03:00:00,590.4019035422043,-1.2072031699347008,0.2626088844505048,3.1326907432799076
2024-07-27 04:00:00,590.3741187133194,-1.7211923382528767,2.4777901207761626,3.339283504157425
2024-07-27 05:00:00,590.3450325175509,0.11603060186598668,1.7088460704059418,3.2800908101773323
2024-07-27 06:00:00,590.3146369841771,-1.9565561122781219,0.5570192114374382,0.5448999166635574
2024-07-27 07:00:00,590.2829264040704,-1.234828858422702,0.8615459131280977,0.12035654122417748
2024-07-27 08:00:00,590.2498981769984,-0.632199850144957,4.4547632900299305,-0.0924616168833708
2024-07-27 09:00:00,590.21555271963,-0.4455116017581986,3.4525401918945784,-0.8425813097663752
2024-07-27 10:00:00,590.1798927048463,0.3922679791878636,3.672253122707624,-0.5144138067417964
2024-07-27 11:00:00,590.1429227500573,-0.933843831145964,1.0300726881041293,-0.6591516070154924
2024-07-27 12:00:00,590.1046495817891,-1.1722924166397206,-6.0922593365639655,-2.570097828585388
2024-07-27 13:00:00,590.0650823844564,-1.2467349962139451,-8.985745781768214,-2.0226016064744248
2024-07-27 14:00:00,590.024232948875,-2.4270642430600446,-5.7422862340368965,-2.144882471778062
2024-07-27 15:00:00,589.982115920478,-1.0303429225393756,-4.752993564216418,-1.2287794337221922
2024-07-27 16:00:00,589.938747866903,0.15557632703030322,1.4099986453378945,-0.5843228392711899
2024-07-27 17:00:00,589.89414681101,7.052162590453463,-0.3241227987275219,-7.7421866027359965
2024-07-27 18:00:00,589.8483327773323,6.988036947062142,-0.27406526460184855,-6.102304459792497
2024-07-27 19:00:00,589.8013269875186,8.041676862359395,-0.3341982796127483,-6.52880557026511
2024-07-27 20:00:00,589.7531511141873,4.900368623054533,0.250429582756586,-5.5339493199984515
2024-07-27 21:00:00,589.703827287235,6.3086912604634335,-0.43065313650559656,-4.891865411192779
2024-07-27 22:00:00,589.6533782140507,8.518622836945951,-0.3388737547262486,-6.4431272962704025
2024-07-27 23:00:00,589.6018267533344,5.581095689431891,3.912335908937725,-8.905258351703946
2024-07-28 00:00:00,589.5491964046445,9.543659176594247,0.2644193979147345,-11.147274979153396
2024-07-28 01:00:00,589.4955108459017,10.40945722638537,0.8821503995370686,-10.437118471824054
2024-07-28 02:00:00,589.4407930362557,10.580415827304591,1.3421161650796023,-8.99332502863989
2024-07-28 03:00:00,589.3850659339029,7.678942367324112,0.3910164844246792,-7.315024785651662
2024-07-28 04:00:00,589.328353054511,8.597920321793595,2.601151136166707,-6.707424512471179
2024-07-28 05:00:00,589.2706777908419,6.945150430441345,1.7580517273669092,-6.123879948650169
2024-07-28 06:00:00,589.2120637386408,5.562164816382278,0.48385216240812395,-5.58808071743127
2024-07-28 07:00:00,589.152534524433,6.953808536689166,0.7896727473518765,-5.686015808474094
2024-07-28 08:00:00,589.092113882946,7.206975024395092,4.715206825086458,-5.734295732427639
2024-07-28 09:00:00,589.0308262121828,5.608330248344146,3.91121194321218,-4.11036840373898
2024-07-28 10:00:00,588.9686967713404,8.512568036718562,3.7743198489067966,-4.635584656965787
2024-07-28 11:00:00,588.9057515008492,7.111139063837072,0.6675187361199089,-3.3144093008061044
2024-07-28 12:00:00,588.8420178988879,4.502854035102587,-6.597519663252381,-4.127352270738158
2024-07-28 13:00:00,588.7775248354652,3.351594200654631,-9.077575102565344,-3.671543933554474
2024-07-28 14:00:00,588.712301731795,4.391759281413442,-5.278637957742551,-3.105423055465838
2024-07-28 15:00:00,588.6463769387417,3.66890159535933,-4.524977135776526,-2.6103013983245282
2024-07-28 16:00:00,588.5797774128305,2.761137279450736,1.6575374678809016,-2.7584521601621352
2024-07-28 17:00:00,588.5125290943117,1.5006740467772488,-0.5185719518404296,-4.8446311892486325
2024-07-28 18:00:00,588.4446575585213,2.2827081678974537,-0.06618814758881224,-2.6311775788298974
2024-07-28 19:00:00,588.3761881609322,2.2253869756515314,-0.1354999634755763,-2.4960751731081205
2024-07-28 20:00:00,588.307145643233,2.4664787510146198,0.6148516245180257,-3.5084760187656094
2024-07-28 21:00:00,588.2375540783656,3.3402447372163806,-0.28458707459939825,-2.9632117409826466
2024-07-28 22:00:00,588.1674368625573,2.874421147237399,-0.33419265655790875,-3.0176653532368274
2024-07-28 23:00:00,588.0968171951776,2.439351721473031,3.7932591237984097,-1.589428040448994
2024-07-29 00:00:00,588.0257178897441,2.8335410720762866,0.04961333507807926,1.0911277031014839
2024-07-29 01:00:00,587.9541611864914,2.913374298050826,0.5735717442716886,0.6788927711860742
2024-07-29 02:00:00,587.8821690740333,3.2878182628792274,1.5374295748530666,1.3825830882344494
2024-07-29 03:00:00,587.8097628751575,2.114056561651637,0.4332470220024567,1.3729335411884733
2024-07-29 04:00:00,587.7369631487544,3.1673358027570657,2.528073805411587,1.6576272430769285
2024-07-29 05:00:00,587.6637898003302,1.0581996518337746,1.6451897797155484,2.4328207681204357
2024-07-29 06:00:00,587.5902624087925,1.8607502532157696,0.45675474068943506,4.18223259730229
2024-07-29 07:00:00,587.5164000796603,1.4472435203531404,0.7756273347738148,4.090729065212689
2024-07-29 08:00:00,587.4422208971249,1.9710432123347346,4.804244376062954,3.1424915144774634
2024-07-29 09:00:00,587.3677414887383,2.2570751197617938,3.8605995880547095,2.8245838034451625
2024-07-29 10:00:00,587.2929763951096,2.4259444196693494,3.28135461205254,1.5997245731685756
2024-07-29 11:00:00,587.2179389695978,2.850609708306365,-0.14008779875286267,0.8515391208487565
2024-07-29 12:00:00,587.1426413424355,2.9451053237356746,-7.154615420424101,3.446868754252909
2024-07-29 13:00:00,587.0670942935319,2.653993236586757,-9.13883470711744,3.177747176998781
2024-07-29 14:00:00,586.9913088917241,3.4169562717773942,-4.937724119511223,2.399458956009779
2024-07-29 15:00:00,586.9152973864205,2.1081762467714498,-4.28629915544899,1.5128255222570026
2024-07-29 16:00:00,586.839072893563,1.3501762618221846,1.9618702741786609,0.31888057043626855
2024-07-29 17:00:00,586.7626490453132,0.5059201736162322,-0.37097087937289686,-1.83759833955661
2024-07-29 18:00:00,586.6860397592859,0.06032996012231706,0.40971341226884206,-1.9360831316770348
2024-07-29 19:00:00,586.6092596510327,-0.16404346377203183,0.2832994106380265,-1.988515597898787
2024-07-29 20:00:00,586.5323248226758,-1.0175329155721329,1.0362286275804948,-2.281020534684241
2024-07-29 21:00:00,586.4552531444518,-3.007703180066642,-0.01782036517807066,-3.1997295992071533
2024-07-29 22:00:00,586.3780637374815,-1.1601393708813248,-0.06922390923295606,-2.788700457367198
2024-07-29 23:00:00,586.3007768209237,-0.4566747670450013,3.618917189741132,-0.29301924361997667
2024-07-30 00:00:00,586.2234137016169,-2.2283716356276955,-0.2020507857442238,-1.5029912802450576
2024-07-30 01:00:00,586.145996643415,-2.355707251263766,0.09895105810554326,-1.1192404502567102
2024-07-30 02:00:00,586.0685489645957,-1.1039214796701344,1.6412076469231798,-1.4758351318487546
2024-07-30 03:00:00,585.9910944612509,-1.4128418261745992,0.3956839270280937,-1.1739365621045204
2024-07-30 04:00:00,585.9136567497715,-0.8423268248484419,2.4989040579676867,-1.260233982890835
2024-07-30 05:00:00,585.8362592759547,-1.1302663780926423,1.4072603009028026,-2.123253198764825
2024-07-30 06:00:00,585.7589250376674,-2.9348016755773187,0.5568625471346125,-1.500985909224694
2024-07-30 07:00:00,585.6816762507278,-3.756779588486779,0.7960936492420387,-1.3909903114830828
2024-07-30 08:00:00,585.6045336208242,-2.4782458520815,4.781795016284758,-0.9680827850273933
2024-07-30 09:00:00,585.5275159580791,-1.4332406286425794,3.477498010041328,-0.461773339477841
2024-07-30 10:00:00,585.4506400810811,-0.9869398782024064,2.482528834183705,-2.056229037062416
2024-07-30 11:00:00,585.373920915811,-1.7960698605428433,-1.175562499580774,-2.592288555687416
2024-07-30 12:00:00,585.2973711997518,-3.994128791622643,-7.4540038219850855,-1.7692385861439293
2024-07-30 13:00:00,585.221001610378,-3.0293833627450795,-8.927653504195622,-1.1339647434373263
2024-07-30 14:00:00,585.144820404333,-2.2787240475722683,-4.629921680016162,-1.466174676744572
2024-07-30 15:00:00,585.068834594544,-2.396650024226915,-4.002598093167743,-2.1195864771493134
2024-07-30 16:00:00,584.993050905935,-2.2557815809710746,2.444690207902871,-2.1319595328668375
2024-07-30 17:00:00,584.917476187128,-4.604040487588918,0.2181745114305804,0.6583897890303728
2024-07-30 18:00:00,584.8421165350428,-7.679227398118428,1.0713262483289505,0.8457846147466247
2024-07-30 19:00:00,584.766978155081,-7.592190083659602,0.8451123905009332,0.6000995380776514
2024-07-30 20:00:00,584.6920681789433,-9.69215884336711,1.367676276533674,1.5624143878901326
2024-07-30 21:00:00,584.6173936051275,-11.300078885250173,0.1742924038854968,1.1083928762371902
2024-07-30 22:00:00,584.542960949837,-9.523842283510021,0.28460316775062044,1.2562781659223088
2024-07-30 23:00:00,584.4687761570009,-11.062833456223643,3.3749799554870714,2.4490773437356905
2024-07-31 00:00:00,584.3948442124484,-13.04311291869999,-0.5023385997077954,1.6206073059593666
2024-07-31 01:00:00,584.3211694964264,-13.844909937211355,-0.4428848093065911,2.1566252500916545
2024-07-31 02:00:00,584.2477561197092,-9.857718639784707,1.5411649821198614,1.7887975379557246
2024-07-31 03:00:00,584.1746081287043,-8.62324664921914,0.3216951757347234,0.3669433447800642
2024-07-31 04:00:00,584.1017296197556,-7.558713332767752,2.4692573131989213,-0.08227360018680227
2024-07-31 05:00:00,584.0291248398358,-9.23551903062571,1.026413443605286,0.21998074718459182
2024-07-31 06:00:00,583.9567978304677,-12.365216408407491,0.6833714826403632,0.5350470952992837
2024-07-31 07:00:00,583.8847519618531,-12.83707353195598,0.7573965910454457,0.35492497905733783
2024-07-31 08:00:00,583.8129897275618,-10.731665313333792,4.736999302311867,0.20167628346006888
2024-07-31 09:00:00,583.7415131000059,-9.665169574553147,3.012549689325716,0.6911067852214332
2024-07-31 10:00:00,583.6703243174087,-8.59671352725934,1.5099605079258533,-0.8235712980751694
2024-07-31 11:00:00,583.599426077802,-11.029883750290082,-2.30817566242612,-0.011366665085759245
2024-07-31 12:00:00,583.5288211646711,-18.34824994173266,-7.664042378565977,1.8334711556276173
2024-07-31 13:00:00,583.4585124514242,-17.516540050306844,-8.614340765473898,2.192368364356529
2024-07-31 14:00:00,583.3885027290759,-13.927202707326614,-4.349331888104879,2.258031866355644
2024-07-31 15:00:00,583.318794716168,-13.014855099003853,-3.7734191624848763,2.3494795453206962
2024-07-31 16:00:00,583.2493911292152,-14.23923354411886,2.8682584076073376,2.501584007296391
2024-07-31 17:00:00,583.1802948214666,-1.1634107850986766,1.2513744594005776,2.3717415042313617
2024-07-31 18:00:00,583.1115090268338,-1.1376546041608435,1.925187533313969,1.1409580440129976
2024-07-31 19:00:00,583.0430371505443,-0.7177726115943415,1.5964794751394569,0.9382559859107376
2024-07-31 20:00:00,582.974882608389,-0.4199632550426031,1.7668447782193077,1.8582358684343836
2024-07-31 21:00:00,582.907049444165,-0.6473274362675738,0.2726473389771673,2.447630653125464
2024-07-31 22:00:00,582.8395426344923,-1.8305556909261895,0.8036126782772428,2.467400378156689
2024-07-31 23:00:00,582.7723681377497,-1.493255264194545,3.193793975149053,1.9970931512957535
2024-08-01 00:00:00,582.7055331045924,0.3769526649734871,-0.6916859906782478,1.589200221112417
2024-08-01 01:00:00,582.639046034791,0.10799372788505934,-0.7778426522079845,1.5008028895318857
2024-08-01 02:00:00,582.5729166462677,-1.0537045548107926,1.2272296911626692,0.12355821738054716
2024-08-01 03:00:00,582.5071560120377,-1.419084631908504,0.1700715030374801,0.5518571168332952
2024-08-01 04:00:00,582.4417767794438,-2.645253676913171,2.1889776545132946,-0.055500757044020674
2024-08-01 05:00:00,582.376793121412,-1.6373940336624173,0.5799294983853451,-0.27932858613495615
2024-08-01 06:00:00,582.3122207426983,-1.4606449869419293,0.6384204461464745,-0.38999620190287215
2024-08-01 07:00:00,582.2480769466439,-1.01036734757281,0.6214320633171269,0.4608583376118426
2024-08-01 08:00:00,582.1843809551577,-2.3280540883034746,4.751943051898854,1.4517300812468785
2024-08-01 09:00:00,582.12115423119,-3.4142235504568816,2.5322096769812847,0.6408596422855645
2024-08-01 10:00:00,582.058420373458,-3.4123014034782955,0.468326944764548,3.3955540852558013
2024-08-01 11:00:00,581.9962049094984,-2.78378573857799,-3.4751998425791624,1.8627806716588227
2024-08-01 12:00:00,581.93453524784,-3.1129468195636036,-7.973303420553945,1.9517149922774844
2024-08-01 13:00:00,581.8734401687091,-3.1410551990554723,-8.423734498599071,1.5313495289455394
2024-08-01 14:00:00,581.8129494084693,-3.9001096614524613,-4.203521390701455,2.0106816436845896
2024-08-01 15:00:00,581.7530930156074,-2.4934923848605877,-3.608082261514801,2.1684816307680803
2024-08-01 16:00:00,581.6939009704602,-2.9967258160655774,3.1542911837225556,2.788533661882835
2024-08-01 17:00:00,581.635402893787,-1.2534531784177716,2.240316201922339,4.36773408270837
2024-08-01 18:00:00,581.5776279020566,-1.879661240985115,2.767885540515686,3.3241477984128376
2024-08-01 19:00:00,581.5206045307842,-2.1568961371972364,2.3990840542891467,4.117207552123916
2024-08-01 20:00:00,581.464360671773,-2.64517989347371,2.293036642402409,4.597782579298351
2024-08-01 21:00:00,581.4089229998463,-2.8879752338860953,0.47884824933824643,4.53020398470152
2024-08-01 22:00:00,581.3543171723893,-2.8916317209531144,1.324247631845665,5.603066916718133
2024-08-01 23:00:00,581.3005680534175,-2.916267366926945,3.2033782511558746,4.442321062353577
2024-08-02 00:00:00,581.2476993626927,-2.171309752381262,-0.7038058348190889,3.287416224507479
2024-08-02 01:00:00,581.1957333630794,-3.0489042823561476,-0.8913083060026293,3.6444792252794342
2024-08-02 02:00:00,581.1446909229234,-1.608829031174082,0.8927165798388232,3.0714215284118267
2024-08-02 03:00:00,581.0945919571042,-1.9418152016323802,0.019872716330714045,2.9273505281974868
2024-08-02 04:00:00,581.0454548102359,-2.172459336380939,1.866542730101087,3.180461796043874
2024-08-02 05:00:00,580.9972965067138,-2.2230158547248493,0.22186399451151564,3.443855353499558
2024-08-02 06:00:00,580.9501329459326,-1.0282782029216833,0.5441082941339421,4.704036962855081
2024-08-02 07:00:00,580.9039792282992,-1.037711266325914,0.5426208519265099,4.6611111861002055
2024-08-02 08:00:00,580.8588501640254,-2.280316149451778,4.781890454869302,4.689575530556975
2024-08-02 09:00:00,580.8147600418896,-0.6314252856068379,2.0049051538540286,2.4317600898632263
2024-08-02 10:00:00,580.7717224409884,-1.4026687281825616,-0.5229502729541751,3.59389656014843
2024-08-02 11:00:00,580.7297499346397,-2.0367285102634014,-4.45141800256718,3.178396578190853
2024-08-02 12:00:00,580.6888535883677,-0.756521691469402,-8.211429561348305,2.7290976644499745
2024-08-02 13:00:00,580.6490436563857,-0.7915234071896293,-8.329656299205487,2.1021360500093844
2024-08-02 14:00:00,580.610330595851,-0.7930251697280255,-4.179735902729876,2.1024304766069966
2024-08-02 15:00:00,580.5727256722436,-0.9829302781220122,-3.5349157236751685,1.4051203295536288
2024-08-02 16:00:00,580.5362408134314,0.8786624332586825,3.3166490306871625,1.3784477226227565
2024-08-02 17:00:00,580.5008883091745,-0.6024505763871275,3.0220837078841414,3.429478559328533
2024-08-02 18:00:00,580.4666814221135,-1.330611194186531,3.4295845062528265,4.194345265820041
2024-08-02 19:00:00,580.433634119594,-1.8156299820219601,3.068577231119213,4.453418631308703
2024-08-02 20:00:00,580.4017602399724,-2.679365847760778,2.7110044948433765,5.396601112945072
2024-08-02 21:00:00,580.3710738711668,0.025584973206491668,0.6824810811095935,3.670860074517152
2024-08-02 22:00:00,580.3415876224068,0.4147337055524076,1.739775945859743,3.093902726181144
2024-08-02 23:00:00,580.3133109713381,-2.1787129896325723,3.320611834556748,-0.1352098162621512
2024-08-03 00:00:00,580.2862497448837,-3.1344893070847775,-0.6461582784986827,-0.6456021593001722
2024-08-03 01:00:00,580.2604072959832,-3.0814876937205327,-0.9097665424986777,-0.1091530597640673
2024-08-03 02:00:00,580.2357845777842,-1.7220374453760314,0.6296433677691676,2.456609499822718
2024-08-03 03:00:00,580.2123809252498,0.19310611961850555,-0.06911451851609113,3.0336274736477704
2024-08-03 04:00:00,580.190194423929,0.8174690161009721,1.704955174524751,3.1873813854451245
2024-08-03 05:00:00,580.1692209473763,0.6357196290057345,-0.09813717630814643,3.083196599926017
2024-08-03 06:00:00,580.149453826906,2.125180896891493,0.4411279092591886,0.5042373669433287
2024-08-03 07:00:00,580.1308839995369,1.0384770463430186,0.4044190542337046,0.12621989988645863
2024-08-03 08:00:00,580.1134988319301,0.5021415228446813,4.793950171389982,-0.20959052616467466
2024-08-03 09:00:00,580.0972823188615,-0.8268325197471995,1.5690073700421103,-0.7294571691563193
2024-08-03 10:00:00,580.0822159256163,-0.7791061401378556,-1.2811178895868667,-0.2519918958915854
2024-08-03 11:00:00,580.0682789181797,-0.3080222958955119,-5.082578140869835,-0.5776784814142452
2024-08-03 12:00:00,580.0554484764529,1.5316076952293542,-8.084724767689316,-2.6023314039929906
2024-08-03 13:00:00,580.0436997030654,1.9551975141224602,-8.147330294038953,-2.1115669231488834
2024-08-03 14:00:00,580.0330051036458,0.6045392675324592,-4.104296270569873,-2.1032481006084724
2024-08-03 15:00:00,580.0233345505651,-0.06290568719805378,-3.49584419572461,-1.3945846676423503
2024-08-03 16:00:00,580.0146559958489,0.3222392202961828,3.428001644295376,-0.6348968604404639
2024-08-03 17:00:00,580.0069355365898,2.0382908552643357,3.483283238668769,-7.608509630522865
2024-08-03 18:00:00,580.0001370361937,1.4958456056440355,3.7742183290666946,-6.2002009709043095
2024-08-03 19:00:00,579.9942221687643,1.095758662637195,3.47535380398411,-6.625334635385526
2024-08-03 20:00:00,579.989150721232,3.008853210708935,2.8345611670233892,-5.702565098964317
2024-08-03 21:00:00,579.9848809098179,0.5622176642592649,0.6693535714098843,-5.006452145486979
2024-08-03 22:00:00,579.9813694800355,0.8611435615192704,1.9501661287456675,-6.652679170300426
2024-08-03 23:00:00,579.9785716935666,0.7485293985696444,3.5789239385361276,-9.106025030672338
2024-08-04 00:00:00,579.9764416717891,0.07218619212414978,-0.742663449635364,-11.335964414277827
2024-08-04 01:00:00,579.9749325950851,0.5262950897731571,-0.9612040831158538,-10.230023601742458
2024-08-04 02:00:00,579.9739968943259,-0.03280648233271677,0.4588450988980404,-9.1200355108912
2024-08-04 03:00:00,579.9735860589013,-1.3526447160919588,0.017192686915245274,-7.558134029724596
2024-08-04 04:00:00,579.9736510814979,-4.446553458854396,1.7845615632085723,-7.111659185852053
2024-08-04 05:00:00,579.9741429828164,-2.686119206873286,-0.25485826751788887,-6.693165508425165
2024-08-04 06:00:00,579.9750130870394,-3.0724914158039383,0.21537967788239243,-5.617901349117944
2024-08-04 07:00:00,579.9762131382446,-3.1675583047823466,-0.02007940694826285,-5.828575426513878
2024-08-04 08:00:00,579.9776954355365,2.0242164122066697,4.806766186615191,-6.098678034358229
2024-08-04 09:00:00,579.9794131274896,0.9231768688831608,1.406882661142186,-4.2994726575149675
2024-08-04 10:00:00,579.9813203451333,-0.5323008048271731,-1.523910330352915,-5.045109209953296
2024-08-04 11:00:00,579.9833722875985,-1.4942468927532673,-5.250270291847071,-3.7088551029982333
2024-08-04 12:00:00,579.9855255696476,-1.6612596836910143,-7.745665767214546,-4.198600118742069
2024-08-04 13:00:00,579.9877384345936,-0.9695020974589852,-7.988463560659832,-3.809772776474658
2024-08-04 14:00:00,579.9899708206359,0.7185267321885931,-4.0618098878407025,-3.1266876649837907
2024-08-04 15:00:00,579.9921841677906,0.8590245995154646,-3.594274438269856,-2.516934329036208
2024-08-04 16:00:00,579.9943412599097,-0.8430280032399651,3.3410657371323693,-2.72237899380203
2024-08-04 17:00:00,579.9964062382294,-0.7611425633898534,3.6089317622229973,-4.914195437062673
2024-08-04 18:00:00,579.9983444442493,-0.13467386305444506,3.871806058519732,-2.715476639714553
2024-08-04 19:00:00,580.0001219897791,0.25533390314581084,3.6597880667459335,-2.5452439596708483
2024-08-04 20:00:00,580.0017064030703,-0.22017998414469275,2.852034283051384,-3.603560701977036
2024-08-04 21:00:00,580.0030669885147,-1.9284685744727312,0.5440235102860725,-2.9686219243279854
2024-08-04 22:00:00,580.0041745077572,-0.9718830438081341,2.0204349616674633,-2.862726425616371
2024-08-04 23:00:00,580.0050015262849,0.05611173796899038,3.887451134271493,-1.6385643985254696
2024-08-05 00:00:00,580.0055226802575,-0.3087073624685672,-0.9354710734628808,1.2086557556739712
2024-08-05 01:00:00,580.005714591927,-0.3434330143227271,-1.0268553123610038,0.7645737347566846
2024-08-05 02:00:00,580.0055558651611,-2.025285334242085,0.4133170194381902,1.4164124496427104
2024-08-05 03:00:00,580.0050269747603,-2.423841155295804,0.23828157436130368,1.1905326061742496
2024-08-05 04:00:00,580.0041097479435,-2.2309640044453545,1.9463705190783323,1.5304837374235656
2024-08-05 05:00:00,580.002787166651,-1.4944631892410598,-0.29169148763862385,2.3033675102287217
2024-08-05 06:00:00,580.0010438915124,-2.071226047485311,-0.04570967751465064,4.075891833487567
2024-08-05 07:00:00,579.9988669110569,-1.4365142711527596,-0.46943428583994307,3.997081645935881
2024-08-05 08:00:00,579.9962462536304,-2.6790971626852524,4.86108198717319,3.201768921881723
2024-08-05 09:00:00,579.9931743073182,-2.3712763362971145,1.4557346898509,2.8423673391279562
2024-08-05 10:00:00,579.9896452835061,-2.162545289214904,-1.4551809601366923,1.7780809658454497
2024-08-05 11:00:00,579.9856553594238,-0.13895918033654198,-5.162617298593524,0.9659211195062508
2024-08-05 12:00:00,579.9812027393073,-2.452384243385495,-7.443730885100298,3.294912389178557
2024-08-05 13:00:00,579.9762873566972,-2.145151601059297,-7.933705174332146,2.9925694186941834
2024-08-05 14:00:00,579.9709107836185,-1.0313670912648831,-4.074396827556877,2.084853135203272
2024-08-05 15:00:00,579.9650754814909,-0.8784410568545127,-3.698584623506143,1.3919501988697296
2024-08-05 16:00:00,579.9587841641288,-1.377980472852414,3.1744638749934593,0.24473243373017295
2024-08-05 17:00:00,579.952039735082,0.44402517637161054,3.5014923709137107,-1.837557282367468
2024-08-05 18:00:00,579.9448451588983,0.0925017114077491,3.810511834554909,-2.0778587048608923
2024-08-05 19:00:00,579.9372034546791,0.37044494670828954,3.720364837436394,-2.1180132388237896
2024-08-05 20:00:00,579.9291175217439,-0.3558092900425436,2.848669884380498,-2.35197811608179
2024-08-05 21:00:00,579.9205901225038,0.7693215466775882,0.3513316186270005,-3.1712432878083607
2024-08-05 22:00:00,579.9116246322354,-0.1331367102935701,2.011382966821129,-2.789870888762944
2024-08-05 23:00:00,579.9022258235628,0.7141784520001693,4.214364009727205,-0.4807682852902268
2024-08-06 00:00:00,579.8923996815051,2.332818572716292,-0.9932710990747915,-1.4119471551465301
2024-08-06 01:00:00,579.8821530943791,1.6184290536147046,-0.9365111606186739,-1.1040709873750796
2024-08-06 02:00:00,579.8714935647389,1.407111215103896,0.46686094668958905,-1.425465726532365
2024-08-06 03:00:00,579.8604286183894,0.6882589041982783,0.39430436204185143,-1.0129918846296264
2024-08-06 04:00:00,579.8489661558583,1.2009739561279957,2.063090319417056,-1.2830304314032999
2024-08-06 05:00:00,579.8371149690012,0.7765749376223994,-0.2857036607781882,-2.0979862458453904
2024-08-06 06:00:00,579.8248842617975,0.5251053105624806,-0.28653730245469405,-1.5034522699053436
2024-08-06 07:00:00,579.8122832680383,1.1181259065006088,-0.7653089060575015,-1.4251002684813736
2024-08-06 08:00:00,579.7993209837146,0.3530081983706168,4.825410460372411,-0.937739642457536
2024-08-06 09:00:00,579.7860059788708,-0.36147246398502375,1.4827812084563978,-0.40731472334205787
2024-08-06 10:00:00,579.7723465356753,0.8380778097609891,-1.2408347435386082,-2.1195896018977147
2024-08-06 11:00:00,579.7583510654399,0.8378580298467568,-4.917282742058732,-2.5289263532279307
2024-08-06 12:00:00,579.7440281424417,2.3760904606763233,-7.296723828759512,-1.8233947743585415
2024-08-06 13:00:00,579.7293865834841,1.5489509765927778,-8.025495954370088,-1.1928416057068691
2024-08-06 14:00:00,579.714435691992,0.2095258627291514,-4.141712397394322,-1.6022491573268367
2024-08-06 15:00:00,579.6991858044844,0.9930528601665856,-3.7091523751346522,-2.243086289516309
2024-08-06 16:00:00,579.6836482061617,2.062270808121525,3.0786320298149707,-2.224551044098201
2024-08-06 17:00:00,579.6678351715922,1.2505521832916884,3.3308527318420635,1.0407599132740601
2024-08-06 18:00:00,579.6517602621562,2.245801892224563,3.7623557445542835,1.130082101064926
2024-08-06 19:00:00,579.635438258267,2.35366165684286,3.789595866848324,0.8913042180417958
2024-08-06 20:00:00,579.6188845477125,1.8479337024232336,2.7312801430637044,1.8919016068006396
2024-08-06 21:00:00,579.6021150228279,2.683190380327801,0.08638506895758744,1.4483095278867344
2024-08-06 22:00:00,579.585146518445,2.2715152296063934,1.869636293194281,1.4737019587543667
2024-08-06 23:00:00,579.5679966758972,1.3843232991428067,4.480032065585519,2.517647959374493
2024-08-07 00:00:00,579.5506838396193,0.7477216852003039,-0.9521818175305014,1.8937762927108641
2024-08-07 01:00:00,579.53322689069,0.6039670042641774,-0.8363351280088211,2.459141233054646
2024-08-07 02:00:00,579.5156449703144,1.4452641232335282,0.548579819330655,1.850511087121418
2024-08-07 03:00:00,579.4979575974427,3.480378834513772,0.4756197388184402,0.48604382922516254
2024-08-07 04:00:00,579.4801845605018,1.9277231443816163,2.215210112686103,0.22688218243041622
2024-08-07 05:00:00,579.4623456923798,2.290191037361865,-0.2312221587628431,0.43868542902124597
2024-08-07 06:00:00,579.4444608855142,3.394059983054376,-0.3808793008676335,0.7023584322990221
2024-08-07 07:00:00,579.4265497496119,1.372255459515486,-0.8811864341898543,0.4723812250624885
2024-08-07 08:00:00,579.4086311329426,2.4105881737523305,4.677679529715848,0.42310116358922767
2024-08-07 09:00:00,579.3907232106316,2.781352559400716,1.4642986250248338,0.843625604942833
2024-08-07 10:00:00,579.3728431073475,2.8718328317831947,-1.0559266148726167,-0.8187493242580337
2024-08-07 11:00:00,579.3550069876854,2.4952214095893623,-4.71090575450477,0.10067735723002594
2024-08-07 12:00:00,579.33723027572,3.85575427281708,-7.181511567665499,1.9485270191285424
2024-08-07 13:00:00,579.3195278564525,2.76643955679549,-8.162218468649012,2.3262510554009914
2024-08-07 14:00:00,579.3019139896784,2.2216608298426763,-4.244233860189251,2.320659040668308
2024-08-07 15:00:00,579.2844024943876,1.3569879103479252,-3.6927490344532834,2.1913586297177825
2024-08-07 16:00:00,579.2670068886069,1.197163611716519,3.096168070135597,2.4096614295410057
2024-08-07 17:00:00,579.2497403531694,1.8356223574398882,3.291649344324168,2.0529879450665423
2024-08-07 18:00:00,579.2326154711624,0.580870083329728,3.819227781937921,1.1872866635700143
2024-08-07 19:00:00,579.2156439651324,0.5162184579908171,3.9024852303086273,0.9956523465682522
2024-08-07 20:00:00,579.198836840939,1.773024560504382,2.4765395014753784,1.791599097081299
2024-08-07 21:00:00,579.1822043599849,1.2239805025307078,-0.19644944571019848,2.4102645831945466
2024-08-07 22:00:00,579.1657559755682,1.0586110500630639,1.6104806355567336,2.465152338811893
2024-08-07 23:00:00,579.1495002823399,2.2804812747691585,4.546965142562479,1.7830533003284523
2024-08-08 00:00:00,579.1334449282105,0.7544109464042776,-0.9654382872757172,1.7275824126609134
2024-08-08 01:00:00,579.1175964864746,1.044470451405573,-0.837252629480381,1.5351856916003532
2024-08-08 02:00:00,579.1019604197776,2.5677454325832514,0.610351368749477,0.02994277888972926
2024-08-08 03:00:00,579.0865410679942,3.5049103603996627,0.5215666003028574,0.41698197130323345
2024-08-08 04:00:00,579.0713417487547,2.6978694923437843,2.3781671046233437,-0.07737834572176458
2024-08-08 05:00:00,579.0563646274591,2.4092626785696893,-0.0931589112804071,-0.4324683947483404
2024-08-08 06:00:00,579.0416098671393,1.0112531398309557,-0.27902089924287027,-0.5138421077274753
2024-08-08 07:00:00,579.0270759466988,1.1697477688019262,-0.8752024004151397,0.2883786849143627
2024-08-08 08:00:00,579.012759557415,2.7099047793423097,4.5461429725477815,1.4511926906949435
2024-08-08 09:00:00,578.998655696947,3.532525809813137,1.4654749620307992,0.6733435312089954
2024-08-08 10:00:00,578.9847577867986,2.156549837644434,-1.0085510025932916,3.237243378150346
2024-08-08 11:00:00,578.9710576551574,2.2919324636185365,-4.634618176482896,1.7616280577069852
2024-08-08 12:00:00,578.9575457310227,2.0586367360402846,-7.048847966012212,1.742665498949235
2024-08-08 13:00:00,578.9442114614188,1.505740978810877,-8.22592582306049,1.3359733828307467
2024-08-08 14:00:00,578.9310441882078,0.9005813592202685,-4.331528780660318,1.9799032332322575
2024-08-08 15:00:00,578.9180332790253,0.7932074612871247,-3.7076273662224457,2.19638662591011
2024-08-08 16:00:00,578.9051681277558,0.6893037274995777,3.100450132685098,2.7250780120595324
2024-08-08 17:00:00,578.8924375709904,-0.02518144924022181,3.3948132322625124,4.337930645987328
2024-08-08 18:00:00,578.8798297201492,-0.8141579276023094,3.971708483986944,3.322619723466076
2024-08-08 19:00:00,578.8673323042628,-0.870117564313432,4.05626580744748,4.076519452603074
2024-08-08 20:00:00,578.8549328487524,-0.24836392714939848,2.3433284722202075,4.640102606176789
2024-08-08 21:00:00,578.8426183245152,0.9319141231891308,-0.471943323507819,4.607410875803496
2024-08-08 22:00:00,578.8303746767815,1.7642372889116587,1.3267168757873247,5.538671158519623
2024-08-08 23:00:00,578.818185410028,-0.14268233359757687,4.543086841361475,4.4714100822080605
2024-08-09 00:00:00,578.806031658284,0.3573839985278937,-0.9516646730518104,3.3782490162398666
2024-08-09 01:00:00,578.7938928579242,0.8343286768179041,-0.7963149141961795,3.738093379454088
2024-08-09 02:00:00,578.7817470800481,1.166903414726903,0.5545554757485666,3.276794029476373
2024-08-09 03:00:00,578.7695711080511,0.19919942946489755,0.39087594466004033,3.080353517824025
2024-08-09 04:00:00,578.7573408453638,0.27276491944132886,2.257890800783732,3.2220034344110533
2024-08-09 05:00:00,578.7450315383791,0.30964001821780585,-0.038098461866062874,3.4934269052692346
2024-08-09 06:00:00,578.7326178544524,0.7413445596025667,-0.2306475613543259,4.596685147299307
2024-08-09 07:00:00,578.7200736594955,1.338937687842531,-0.8512567407133556,4.482245393375309
2024-08-09 08:00:00,578.7073721375084,-0.9629727811663997,4.537348997849635,4.358251645808334
2024-08-09 09:00:00,578.6944862559683,-0.5160076059249832,1.6276544985576813,2.4638668513989455
2024-08-09 10:00:00,578.6813895419243,1.9268190289760696,-0.9563760965209844,3.708167525620601
2024-08-09 11:00:00,578.6680563682783,1.2833306431803067,-4.569078974935328,3.367691963476752
2024-08-09 12:00:00,578.6544617919849,-1.4056506228471335,-6.919009423620262,2.770198254482636
2024-08-09 13:00:00,578.6405814244433,-1.3699235902851115,-8.16742889578064,2.1667710616223625
2024-08-09 14:00:00,578.6263913579626,-0.8265229509098617,-4.251561921925453,2.191693514872739
2024-08-09 15:00:00,578.6118687553205,-0.05765081520473814,-3.6270210872878823,1.5528031471721138
2024-08-09 16:00:00,578.5969916500119,-0.04932519497231169,3.0951383844718374,1.517195160488496
2024-08-09 17:00:00,578.5817389095289,-2.351633698793421,3.4566220013485576,3.693272787915892
2024-08-09 18:00:00,578.5660907121493,-1.0835049711573674,4.11171591472434,4.485698344283803
2024-08-09 19:00:00,578.550028424636,-1.1219802680791418,4.196836035555093,4.775115807888003
2024-08-09 20:00:00,578.5335343562632,-1.2947763401032262,2.2706479706054123,5.640594013234546
2024-08-09 21:00:00,578.5165916633396,-2.428463583541884,-0.7039171073035375,4.005789027505807
2024-08-09 22:00:00,578.4991844282075,-1.9610126702915522,1.0923843689999562,3.3294438730840477
2024-08-09 23:00:00,578.4812978867255,-0.7347293385055309,4.493536872045386,-0.05010542026540231
2024-08-10 00:00:00,578.4629181810593,-1.9795080221078933,-0.7768241055812628,-0.7665860533700817
2024-08-10 01:00:00,578.4440318811787,-2.6043899264369657,-0.6064386321638315,-0.023203322577797496
2024-08-10 02:00:00,578.4246255926853,-4.311371150964533,0.2548901378303239,2.531855420448857
2024-08-10 03:00:00,578.4046860883201,-3.733529449651428,0.02767634645431849,3.1911670148769775
2024-08-10 04:00:00,578.3842003872016,-2.272020372053703,1.8395251439715206,3.328294840880504
2024-08-10 05:00:00,578.3631560490423,-4.4441286562042706,-0.1127134055345126,3.1936860126964044
2024-08-10 06:00:00,578.3415422968937,-4.014232199891239,-0.27375994094205425,0.8364498439394927
2024-08-10 07:00:00,578.3193501092986,-3.8676493661149607,-0.7339465307321994,0.5122457875485595
2024-08-10 08:00:00,578.2965717878141,-3.1680268697779184,4.555714012706807,0.03574106925702414
2024-08-10 09:00:00,578.273200622796,-4.059357362168498,1.8018759530040824,-0.32571921363162487
2024-08-10 10:00:00,578.2492312054186,-5.008741933537635,-0.8575617017891121,0.4270724299080792
2024-08-10 11:00:00,578.2246596416276,-5.412014039470932,-4.379194494725702,-0.053451107430996216
2024-08-10 12:00:00,578.1994837187295,-3.708092135419747,-6.788450446302905,-2.2629411370068198
2024-08-10 13:00:00,578.1737028458676,-3.6244750860261092,-8.053719148056048,-1.8655086117854476
2024-08-10 14:00:00,578.1473175585397,-2.984589018675365,-4.014580895746084,-1.7981476441182263
2024-08-10 15:00:00,578.1203294771506,-2.82256118109035,-3.3824757396223704,-1.2152925564378632
2024-08-10 16:00:00,578.0927416329337,-3.013889440504613,3.135403913639553,-0.35425610606869273
2024-08-10 17:00:00,578.0645588107886,-1.0319989744119766,3.4832394287985893,-7.445799265175227
2024-08-10 18:00:00,578.0357873775885,-2.0678606316566857,4.18887774238075,-6.14680448831253
2024-08-10 19:00:00,578.0064349588481,-2.2925255786190064,4.292624815209962,-6.566534195438923
2024-08-10 20:00:00,577.976510605784,-4.392750950531081,2.133058403554646,-5.786818058807656
2024-08-10 21:00:00,577.9460250322365,-3.9555214118606727,-0.8135003930384804,-5.177003227337389
2024-08-10 22:00:00,577.9149904133112,-5.0919116413059555,0.8659989944973925,-7.0290777665026996
2024-08-10 23:00:00,577.8834204632403,-4.502598156745876,4.444082335163988,-9.384904641658398
2024-08-11 00:00:00,577.8513304585238,-3.0284390992135286,-0.5476025663980131,-11.595288792912243
2024-08-11 01:00:00,577.8187371935344,-2.941222859323034,-0.42451776687721804,-10.092996567334124
2024-08-11 02:00:00,577.7856589708654,0.3156593773874192,-0.21692925211231207,-9.25438909614048
2024-08-11 03:00:00,577.7521150123115,-2.0727034497435852,-0.43755792953303924,-7.791853633034916
2024-08-11 04:00:00,577.7181250455582,-1.180494216261991,1.3701440102187181,-7.487774839514903
2024-08-11 05:00:00,577.6837094036455,-1.1682266172716709,-0.22050700224393843,-7.114975784129878
2024-08-11 06:00:00,577.6488883957898,-1.5991687763726077,-0.35075573223656614,-5.498963887180463
2024-08-11 07:00:00,577.6136821617973,-2.854685541304775,-0.5258923051812184,-5.713104315311431
2024-08-11 08:00:00,577.5781107761652,-2.7964842849493152,4.586543691242322,-6.438170182458294
2024-08-11 09:00:00,577.5421948548187,-3.030021560220689,1.9567273395663531,-4.398900634164256
2024-08-11 10:00:00,577.5059548627922,-2.952010522165324,-0.7553899495226378,-5.388554391104308
2024-08-11 11:00:00,577.4694109373605,-1.9205918435785634,-4.1719855180637655,-4.016833575718179
2024-08-11 12:00:00,577.4325831410872,-3.0234212978980395,-6.563700311962739,-4.135461531226377
2024-08-11 13:00:00,577.3954914943056,-2.5713791559478523,-7.867320205274454,-3.816792133083245
2024-08-11 14:00:00,577.3581560047586,-2.480812400632203,-3.768678902556211,-3.0886647015702517
2024-08-11 15:00:00,577.3205970661068,-4.468488135084385,-3.118925198707011,-2.3831837323153966
2024-08-11 16:00:00,577.2828350375206,-1.3769447023780685,3.203594731146275,-2.679485066288824
2024-08-11 17:00:00,577.2448900069904,1.9147270483950933,3.399128379033566,-5.308745434419083
2024-08-11 18:00:00,577.2067814784197,2.06191369893736,4.14676634389828,-3.045461521255293
2024-08-11 19:00:00,577.1685285372967,2.250011187453879,4.258498505578348,-2.8270382303288715
2024-08-11 20:00:00,577.130150127485,3.0834626615064735,1.8806305853682872,-3.884243374359754
2024-08-11 21:00:00,577.0916651893732,0.5669295002580839,-0.8042063845578012,-3.124388305073494
2024-08-11 22:00:00,577.0530931054556,0.9632720493797251,0.618579327561208,-2.9549444823964715
2024-08-11 23:00:00,577.0144537906658,3.2924809071117807,4.326525652931088,-1.9334603507086305
2024-08-12 00:00:00,576.9757671129778,2.234433730018509,-0.3842320877727126,1.2040312447764303
2024-08-12 01:00:00,576.9370526355037,2.2086853812518257,-0.3789753288294835,0.7832373120738343
2024-08-12 02:00:00,576.8983298920955,2.243499261659167,-0.6476540928223429,1.2558249390676626
2024-08-12 03:00:00,576.8596183491647,0.9755264634330842,-0.7274496840881263,0.9123048714903241
2024-08-12 04:00:00,576.8209371620521,0.3052149695939761,1.1244876685029586,1.2393601998509485
2024-08-12 05:00:00,576.7823053276671,1.7212101672994322,-0.1159407410854075,1.9524252461189222
2024-08-12 06:00:00,576.743741712609,1.585977522876874,-0.2926854453544569,3.732966209868525
2024-08-12 07:00:00,576.7052647177067,1.8596169298638188,-0.2510507938921095,3.6661691463215824
2024-08-12 08:00:00,576.6668926554643,2.340099362861224,4.632414454930361,2.9805935267441837
2024-08-12 09:00:00,576.6286439306172,3.696629569276297,2.1563386225633003,2.5683878775431093
2024-08-12 10:00:00,576.5905369565813,2.497048503787596,-0.6697710967810765,1.6221856364121763
2024-08-12 11:00:00,576.5525897654214,2.500036159922729,-4.019657336548501,0.7670314112042553
2024-08-12 12:00:00,576.5148195061516,4.0698421917918495,-6.3114539028500465,2.8867922049065666
2024-08-12 13:00:00,576.477242768455,4.68966121234746,-7.6311813779170565,2.5842773971146764
2024-08-12 14:00:00,576.4398759555911,3.519786443191947,-3.656615990992975,1.6369535922099632
2024-08-12 15:00:00,576.402734815662,2.987686638832429,-3.070143524156109,1.0597220696617418
2024-08-12 16:00:00,576.365834725964,3.3515486898801328,3.0245623669837176,0.00805421717226195
2024-08-12 17:00:00,576.3291907538743,2.5971907977320825,3.2111773017937892,-1.9875588534002084
2024-08-12 18:00:00,576.2928167005075,3.954981117815919,3.893745026274076,-2.3015428445975483
2024-08-12 19:00:00,576.256725507082,3.9950496253725305,3.9888069670221973,-2.320582099476874
2024-08-12 20:00:00,576.2209290915083,3.848772124113111,1.5956465604476204,-2.495347776069172
2024-08-12 21:00:00,576.185437745055,4.164155895440672,-0.7505536100708259,-3.2290400304248457
2024-08-12 22:00:00,576.1502601306504,3.7988907946186146,0.5304993755261992,-2.8796503007952365
2024-08-12 23:00:00,576.1154046213398,2.600554800259715,4.2591847229077615,-0.7651441445072723
2024-08-13 00:00:00,576.0808801389207,4.908553917369204,-0.20466353297869935,-1.434770523311295
2024-08-13 01:00:00,576.0466965211458,5.348233346349957,-0.3747579108317932,-1.230171956663964
2024-08-13 02:00:00,576.0128639619196,2.6398052953079514,-0.9199868479477983,-1.4726824092797501
2024-08-13 03:00:00,575.9793932208711,3.4584907519093804,-0.7754310406532141,-0.9624529321272076
2024-08-13 04:00:00,575.9462959598383,1.6938940813661247,1.1185707820358601,-1.3687608232402584
2024-08-13 05:00:00,575.9135842729303,2.5781668416967705,0.23500251443657455,-2.176753629063663
2024-08-13 06:00:00,575.8812709080289,3.979787998128131,-0.20122575866201792,-1.5698331474950014
2024-08-13 07:00:00,575.8493688928709,4.1637855372357535,0.020853899836311737,-1.574008329942871
2024-08-13 08:00:00,575.8178911164183,4.087589126179296,4.635413644019338,-1.0208938866168986
2024-08-13 09:00:00,575.7868503668093,3.16731051278839,2.2932090297212815,-0.5373699093189833
2024-08-13 10:00:00,575.7562598679067,4.526594733858019,-0.5680458799759375,-2.294808721788838
2024-08-13 11:00:00,575.7261332242671,4.8926315701268095,-3.82111568934872,-2.6176491050452038
2024-08-13 12:00:00,575.6964839883426,4.266327732350305,-6.0990655868724,-2.013746133820547
2024-08-13 13:00:00,575.6673251613726,3.189334421452031,-7.462177694003383,-1.424481888821166
2024-08-13 14:00:00,575.638668881887,4.386985620611654,-3.7017832636372536,-1.853871238861436
2024-08-13 15:00:00,575.6105259954529,4.099801722171492,-3.18769101368223,-2.4126367039422507
2024-08-13 16:00:00,575.5829064504258,3.5862217060587227,2.5676896322799796,-2.4068177887644495
2024-08-13 17:00:00,575.5558192226506,4.440616244993748,2.8490038621294937,1.2445606702261909
2024-08-13 18:00:00,575.5292725393464,2.6359598863491556,3.4959564531001406,1.298811121204345
2024-08-13 19:00:00,575.5032737280004,2.670948780329809,3.6058121812799286,1.0699653103899078
2024-08-13 20:00:00,575.4778286583891,2.5211718088411317,1.3598920909921277,2.0811074417776627
2024-08-13 21:00:00,575.4529421273294,2.512148288476851,-0.5013662313864891,1.626275815580235
2024-08-13 22:00:00,575.4286171934159,2.086879465687275,0.748092378973081,1.576410961923837
2024-08-13 23:00:00,575.4048555413747,2.7000108364409243,4.28633884472844,2.508794777455882
2024-08-14 00:00:00,575.3816581276973,-0.6188312879409068,0.02321265587404584,2.0839605043695757
2024-08-14 01:00:00,575.359025519786,0.26345769546401243,-0.34761440468185034,2.655131189431866
2024-08-14 02:00:00,575.3369579839945,-0.7123029569371511,-1.0510631496521485,1.9064081225947995
2024-08-14 03:00:00,575.3154555989095,0.1648356675815421,-0.5741401725850015,0.6238489060939263
2024-08-14 04:00:00,575.2945179072302,-0.3070846613147751,1.2322995501039473,0.520267203980625
2024-08-14 05:00:00,575.2741438458304,-0.7050323250030033,0.666518811276487,0.6243696678961523
2024-08-14 06:00:00,575.2543326378079,-0.4708497572870556,-0.13544441845385202,0.8719615379329906
2024-08-14 07:00:00,575.2350840918413,0.12792049658185078,0.307883759113549,0.6291116524632447
2024-08-14 08:00:00,575.2163983849308,1.5669461953019663,4.6164257342616155,0.6802296855056673
2024-08-14 09:00:00,575.1982758072531,2.2751759081817227,2.2818554379400107,1.0046928466250475
2024-08-14 10:00:00,575.1807166442915,4.0944713517728815,-0.4237523090087008,-0.7814356870555612
2024-08-14 11:00:00,575.1637208039232,1.6988966693294287,-3.6199428214842,0.2173253482315759
2024-08-14 12:00:00,575.1472874025806,2.0079628735504684,-6.048169026098357,2.062918749967233
2024-08-14 13:00:00,575.1314147880441,0.9248425380880008,-7.576115910260526,2.4498585841283744
2024-08-14 14:00:00,575.1161002196299,0.9934397026352144,-3.9210424299331192,2.381502507668085
2024-08-14 15:00:00,575.1013401442791,1.5682127431095978,-3.359654037792539,2.0901011504038216
2024-08-14 16:00:00,575.0871300078205,2.5458336254954474,2.051512261299992,2.3555241053840597
2024-08-14 17:00:00,575.0734638416459,-3.191313871067905,2.3368403279637655,1.9210097014583045
2024-08-14 18:00:00,575.060334327799,-2.9063091050220464,3.0368840296717683,1.4590907475512416
2024-08-14 19:00:00,575.0477335180676,-3.3261265762424728,3.2127931965542533,1.2755998616207167
2024-08-14 20:00:00,575.0356528937182,-3.4496413802074812,1.183090482950119,1.9308980035392898
2024-08-14 21:00:00,575.024081380306,-7.282754359184537,-0.11039376257431621,2.5690667414528257
2024-08-14 22:00:00,575.0130057397733,-5.618052780875587,1.1877208927930303,2.637326148309341
2024-08-14 23:00:00,575.0024133343643,-3.787124762136841,4.446495558389064,1.688215869383499
2024-08-15 00:00:00,574.9922930357831,-2.8562193193281473,0.3574837816080455,1.8664425019370277
2024-08-15 01:00:00,574.9826349397148,-3.0785064253364,-0.30053156992347557,1.6264030555451483
2024-08-15 02:00:00,574.9734303763524,-2.6576237567878707,-0.9605377539848671,0.024731134420389357
2024-08-15 03:00:00,574.9646720786633,-1.99006275431816,-0.15530940423328748,0.4107000798881832
2024-08-15 04:00:00,574.9563543768082,-1.8273860845865784,1.58088192345034,0.030149784328057542
2024-08-15 05:00:00,574.9484733622744,-1.7632290359731542,1.1590057281804766,-0.4742500544817014
2024-08-15 06:00:00,574.9410261140765,-0.9942095281642196,-0.06311801479538189,-0.5336985711169204
2024-08-15 07:00:00,574.9340108755238,-0.6443339793964924,0.594458964417196,0.195864139455583
2024-08-15 08:00:00,574.9274277949746,-2.8508123316288447,4.6930804483095265,1.5303040883447223
2024-08-15 09:00:00,574.9212786217818,-1.6770298196732938,2.101056981874469,0.784694216017108
2024-08-15 10:00:00,574.9155661085159,-2.9877099781832612,-0.4122396884429708,3.114383558110276
2024-08-15 11:00:00,574.9102937334625,-3.13733801200749,-3.6523784926281486,1.7694227711731023
2024-08-15 12:00:00,574.9054660431365,-3.0303208141299365,-6.388139935971063,1.7229947069645757
2024-08-15 13:00:00,574.9010889285648,-2.4046756539167973,-8.03316106886276,1.3167477942147536
2024-08-15 14:00:00,574.8971697117398,-3.7430173149883785,-4.451475387001092,2.0573229902495944
2024-08-15 15:00:00,574.8937166973452,-4.893051073545848,-3.6844213000513526,2.3537556762519296
2024-08-15 16:00:00,574.8907394883428,-3.9350724160465234,1.4570285333668596,2.8173043943369103
2024-08-15 17:00:00,574.8882489607396,-3.6100992087117447,1.8408391596748257,4.381011088297383
2024-08-15 18:00:00,574.8862572225635,-4.906945455122582,2.6838038651030356,3.4168843674560394
2024-08-15 19:00:00,574.8847773817988,-5.2108528629576085,2.898076030821551,4.127999450337311
2024-08-15 20:00:00,574.8838236349255,-5.074557419530947,0.9680897296048063,4.712644055000677
2024-08-15 21:00:00,574.8834116348169,-6.358215796266336,0.28724893693643405,4.7375552245130175
2024-08-15 22:00:00,574.8835575277836,-4.901766445294129,1.7180712784418342,5.49013763906874
2024-08-15 23:00:00,574.8842746242453,-4.318919088226153,4.669736705190947,4.504907758789809
2024-08-16 00:00:00,574.8855729481958,-3.810464505011282,0.8636309389007153,3.451260617914725
2024-08-16 01:00:00,574.8874599838838,-3.8380590005672275,-0.1895118372359287,3.8201108539193753
2024-08-16 02:00:00,574.8899416034161,-3.704973155888183,-0.5237640561915571,3.358795608663645
2024-08-16 03:00:00,574.8930226845952,-4.956168194839165,0.3883694017269506,3.154776108516985
2024-08-16 04:00:00,574.8967078984306,-2.1100852959383474,2.2493152823361298,3.1740621151716764
2024-08-16 05:00:00,574.901001804425,-2.355935057848342,1.8187125376475026,3.4262207157757523
2024-08-16 06:00:00,574.9059100989168,-3.9380355337431183,0.11578469873595097,4.426340736090286
2024-08-16 07:00:00,574.911439442956,-4.33066288115981,0.8445325477296863,4.244690890474079
2024-08-16 08:00:00,574.9175968036583,-5.812063397998941,4.754693253559731,4.069773340780917
2024-08-16 09:00:00,574.9243892662782,-5.666339511293927,1.750766701693536,2.491183543322149
2024-08-16 10:00:00,574.9318244713284,-4.27490976126569,-0.4428920727151123,3.7159773626524286
2024-08-16 11:00:00,574.9399109386102,-2.8853121596416713,-3.866267212670774,3.491668433702255
2024-08-16 12:00:00,574.948658380196,-3.2387572145630656,-6.934395735551526,2.854494569918597
2024-08-16 13:00:00,574.958077938593,-2.363744788317149,-8.64834838948691,2.2940152392111277
2024-08-16 14:00:00,574.9681826828256,-2.5329545767490345,-5.363199679948348,2.337971573871771
2024-08-16 15:00:00,574.9789886734627,-2.402673769874127,-4.203905303491475,1.75759039990295
2024-08-16 16:00:00,574.990515900719,-3.9323099221206803,0.6305732308593626,1.7512207905424488
2024-08-16 17:00:00,575.0027867640748,-2.9818912088483103,1.3989230922542033,4.040181352519346
2024-08-16 18:00:00,575.0158249332638,-1.3260253063169785,2.4823287306336668,4.7578716424195
2024-08-16 19:00:00,575.0296552829305,-1.0035199605478056,2.680226810468432,5.083637867148775
2024-08-16 20:00:00,575.0443042252626,-0.09333887832121945,0.798043173486176,5.910991479572458
2024-08-16 21:00:00,575.059799991609,-2.343433560032281,0.597319985802356,4.306313582620936
2024-08-16 22:00:00,575.0761727785141,-2.495975487605733,2.265284035750868,3.624518673340794
2024-08-16 23:00:00,575.0934550072662,-1.8156120521972525,4.985377439343895,0.3267796055871076
2024-08-17 00:00:00,575.1116816971687,-3.565660332629591,1.5589424682538602,-0.6149638327928626
2024-08-17 01:00:00,575.1308898793089,-3.1994799763699575,0.09801983887277048,0.2805702581882037
2024-08-17 02:00:00,575.1511190068746,-3.978281690426911,0.24385226319451594,2.863310420357701
2024-08-17 03:00:00,575.1724112086239,-2.1532316889132517,0.9157066695128149,3.5951138107765273
2024-08-17 04:00:00,575.1948109888357,-3.7136843363336993,2.9501743455220626,3.6886990019759636
2024-08-17 05:00:00,575.2183644146868,-3.856602628855967,2.4826328412585155,3.535605372910868
2024-08-17 06:00:00,575.243118677935,-3.4930231542751926,0.3048281038923265,1.4250763724479394
2024-08-17 07:00:00,575.2691215651986,-3.2448826942001006,0.9885772022379712,1.1471839267635586
2024-08-17 08:00:00,575.2964210168755,-3.217896338389096,4.708957279396946,0.5225180421166535
2024-08-17 09:00:00,575.3250648732903,-2.378460018112719,1.3996065013684225,0.28378864345392496
2024-08-17 10:00:00,575.355100246751,-8.618259204936749,-0.6224263254692112,1.2555852836549173
2024-08-17 11:00:00,575.3865731438859,-7.481772799666146,-4.251203345940555,0.6664030017208191
2024-08-17 12:00:00,575.4195280793698,-6.898372470934191,-7.513035930657796,-1.718119677777797
2024-08-17 13:00:00,575.4540073297558,-4.767599575671397,-9.269429640392923,-1.4069781136914457
2024-08-17 14:00:00,575.4900516419561,-2.3401418047559446,-6.356355858409567,-1.3135539787906763
2024-08-17 15:00:00,575.5277010157613,-3.054381793232892,-4.772022436077522,-0.7812967864509175
2024-08-17 16:00:00,575.5669945770298,-2.685756913588989,-0.1447629490180492,0.14352528557723765
2024-08-17 17:00:00,575.6079703453182,-2.0459469707899416,0.9478350386247951,-7.359858413153141
2024-08-17 18:00:00,575.6506649448759,-4.049371933864677,2.4269382484408086,-5.978231259452072
2024-08-17 19:00:00,575.6951130514907,-3.591952060965241,2.5733600767834512,-6.386521067309034
2024-08-17 20:00:00,575.7413473755443,-2.7971845018304293,0.7468663163547603,-5.781029190068603
2024-08-17 21:00:00,575.7893986940578,-2.499807580091101,0.9194747351622907,-5.349065849129057
2024-08-17 22:00:00,575.8392957188788,-3.203812781854822,2.8490946205580583,-7.51457755758199
2024-08-17 23:00:00,575.8910647783468,-3.1834997832596628,5.384173239991907,-9.711738235079117
2024-08-18 00:00:00,575.9447291897437,-2.1150826680570844,2.261637916978544,-11.851284438665173
2024-08-18 01:00:00,576.0003088412772,-2.69091522933536,0.5079267321236829,-9.97732034406549
2024-08-18 02:00:00,576.0578200908467,-1.8744878999278853,1.122210178747431,-9.405542369666245
2024-08-18 03:00:00,576.1172759991375,-1.3735405428896001,1.3340584087636178,-7.977793865011586
2024-08-18 04:00:00,576.1786861915017,-2.5343593015483066,3.37530090031771,-7.709627790271111
2024-08-18 05:00:00,576.2420567761668,-2.5180393955147338,2.8691195429346776,-7.263136923586703
2024-08-18 06:00:00,576.3073905644717,-3.2874847719165246,0.41812019356103963,-5.228025986116177
2024-08-18 07:00:00,576.3746871637554,-2.6138620062755535,0.9857886432323816,-5.366613800712182
2024-08-18 08:00:00,576.443943176946,-1.591572474346549,4.7040509576678,-6.726421660267279
2024-08-18 09:00:00,576.5151521707342,-3.1083362319465095,1.1426637803138546,-4.419479719101536
2024-08-18 10:00:00,576.5883045089365,-2.6334370090385164,-0.8625353032759833,-5.6523321966219
2024-08-18 11:00:00,576.6633874341676,-1.8195955732161337,-4.6441406248096335,-4.229651236141736
2024-08-18 12:00:00,576.7403851342452,-6.641511882741497,-8.051134808350346,-4.017738443153455
2024-08-18 13:00:00,576.8192786312406,-3.8032857471320085,-9.831213007456537,-3.7247798766520166
2024-08-18 14:00:00,576.9000457932797,-4.229800629803776,-7.139587471309064,-3.020657692166858
2024-08-18 15:00:00,576.9826614635613,-5.663405493766163,-5.173251547419307,-2.2860044223757723
2024-08-18 16:00:00,577.0670975746522,-6.028985149479581,-0.3251621575493774,-2.6929502676232064
2024-08-18 17:00:00,577.153323479991,-0.9106455251386478,0.5685371733044827,-6.081215128156671
2024-08-18 18:00:00,577.2413058771888,0.03607614780082713,2.4388123806424167,-3.666194405632067
2024-08-18 19:00:00,577.3310085761278,0.18231832421190575,2.514596993615023,-3.3879238939546825
2024-08-18 20:00:00,577.4223925711417,-0.8162310877227128,0.7490745032666031,-4.365235986685583
2024-08-18 21:00:00,577.5154158366537,0.0856188549282706,1.217035166099212,-3.4480698576811286
2024-08-18 22:00:00,577.6100329484672,0.828948545638923,3.3019146056079856,-3.310896099714132
2024-08-18 23:00:00,577.7061938816249,0.21719745791926925,5.752099415257872,-2.505490754802012
2024-08-19 00:00:00,577.8038440112985,1.2613502287074425,2.741689646723814,1.0031161132702244
2024-08-19 01:00:00,577.9029246967198,-0.2550812224966421,0.8182735877945633,0.6638829379822571
2024-08-19 02:00:00,578.0033740297463,-1.0654811264288355,1.831475459265457,0.8506316374171548
2024-08-19 03:00:00,578.1051274489135,-0.8585755653914475,1.5677899385782033,0.4556581778996749
2024-08-19 04:00:00,578.208118893479,0.2250669939958243,3.4476477906287077,0.7391663218965113
2024-08-19 05:00:00,578.3122820271493,0.48746122121792723,2.953776436559235,1.3664803150735965
2024-08-19 06:00:00,578.4175506962824,0.12717261113232325,0.47553663345374275,3.1397400591314213
2024-08-19 07:00:00,578.5238589252492,-0.4047106131400824,0.9228614405988297,3.077990247292054
2024-08-19 08:00:00,578.631139944958,-0.38282151621842786,4.905486006476153,2.4561955647842626
2024-08-19 09:00:00,578.7393263369061,-2.6428601300710852,1.1834606553696516,2.0000731377952823
2024-08-19 10:00:00,578.8483503487621,0.3582540656226456,-1.0268631176144136,1.2002587032296672
2024-08-19 11:00:00,578.958143626137,-0.4069605129766387,-4.844361110311596,0.2831779971512049
2024-08-19 12:00:00,579.0686373231954,-0.3818550086330106,-8.404344056554978,2.2775617419925998
2024-08-19 13:00:00,579.1797623899512,0.16627408692716017,-10.144037466675936,2.0180009897976956
2024-08-19 14:00:00,579.2914505027373,-2.1343668883348528,-7.587996173138371,1.0409125587358303
2024-08-19 15:00:00,579.4036349011901,-0.6590997591871428,-5.42073291057435,0.5461977685713115
2024-08-19 16:00:00,579.5162514796547,-2.4587102453147054,-0.21894749780515316,-0.37859373653480677
2024-08-19 17:00:00,579.629238350952,-1.318715652305059,0.440100865905711,-2.230623564552721
2024-08-19 18:00:00,579.7425365465199,-1.1299062801920172,2.4366042786471866,-2.5192345449750997
2024-08-19 19:00:00,579.8560899555615,-1.0525664489862265,2.4146754113162014,-2.5081989178914395
2024-08-19 20:00:00,579.9698454221174,-1.317453288344268,0.718415074673552,-2.570807208446678
2024-08-19 21:00:00,580.0837526707379,-0.4452936839072663,1.2240110512307079,-3.2524700380613787
2024-08-19 22:00:00,580.1977634444762,-0.630388304129383,3.427880463439702,-2.985255603786583
2024-08-19 23:00:00,580.3118313644469,-1.2305804121189112,5.8697970329104345,-1.0710479852384274
2024-08-20 00:00:00,580.4259122522199,0.3764584480712756,2.7128340873764087,-1.6152047876676365
2024-08-20 01:00:00,580.539964152328,0.015400377784317243,0.8112588678342492,-1.4966233979466008
2024-08-20 02:00:00,580.653946864503,0.33503333262501656,2.1814765573030486,-1.6804567544311906
2024-08-20 03:00:00,580.7678217634033,-0.4391541328125186,1.6502635284298592,-1.0689311590206503
2024-08-20 04:00:00,580.8815518436575,-0.08831711465165881,3.2354279803999573,-1.568662709405822
2024-08-20 05:00:00,580.9951015443876,-0.48907202817042617,2.985053787962794,-2.371083304179975
2024-08-20 06:00:00,581.108436856308,-1.1251750192603822,0.6648733063641408,-1.6981351434117427
2024-08-20 07:00:00,581.2215255255744,-0.7044196778971354,1.0007379653769795,-1.807843813054152
2024-08-20 08:00:00,581.3343373471557,-2.0851605715935193,5.1774968213769865,-1.2366735969391487
2024-08-20 09:00:00,581.4468443310079,-0.602487096660866,1.4900637882485586,-0.8444210225956563
2024-08-20 10:00:00,581.5590208713393,-0.5798795768316722,-1.0370645965809866,-2.542076697926585
2024-08-20 11:00:00,581.6708437745307,-1.4839311226423888,-4.7982116066546245,-2.808701045233615
2024-08-20 12:00:00,581.7822927888599,-1.8381891499359426,-8.522767205906506,-2.241336433017572
2024-08-20 13:00:00,581.8933509886057,-2.074915709643278,-10.158369820536585,-1.710065458425781
2024-08-20 14:00:00,582.0040043493844,-1.6345114585691363,-7.7458571475171105,-2.123635743298224
2024-08-20 15:00:00,582.114240421921,-6.258694504090272,-5.641094810559278,-2.594451107271388
2024-08-20 16:00:00,582.2240483215533,-6.6338621895275764,-0.05473525053479848,-2.6154508814909194
2024-08-20 17:00:00,582.3334189094938,-0.712600748695877,0.4365408381185673,1.3026410010833847
2024-08-20 18:00:00,582.4423439320831,0.146439492788204,2.2527490928058125,1.3984674823229275
2024-08-20 19:00:00,582.5508144182849,-0.2208426514292796,2.117813435403435,1.1822147977408899
2024-08-20 20:00:00,582.6588205173531,0.11980045698419417,0.568601637935697,2.102777387727107
2024-08-20 21:00:00,582.7663523782526,0.6026845757410229,0.979128608045882,1.6718344379605097
2024-08-20 22:00:00,582.8734008938433,0.4817840976672869,3.391230814904512,1.60358419358498
2024-08-20 23:00:00,582.9799577360425,1.8459075409739398,5.9306318198151295,2.4135029031683533
2024-08-21 00:00:00,583.0860151109445,0.26037120174316897,2.368579988544674,2.155033698767699
2024-08-21 01:00:00,583.1915659023848,0.7406302679515875,0.7272429354970619,2.690560894166572
2024-08-21 02:00:00,583.2966040670004,1.7813955196169218,2.3940161912232605,1.9579842221592905
2024-08-21 03:00:00,583.4011250551763,0.33502984652056966,1.6532304095209287,0.7806146887822341
2024-08-21 04:00:00,583.5051258279916,0.9911393563930915,3.025315759323203,0.7584190562920693
2024-08-21 05:00:00,583.6086049154052,0.11663192951675683,2.9978563596822294,0.7469067953958699
2024-08-21 06:00:00,583.7115612095232,0.7852234335769026,0.9324150344629731,1.040800322436845
2024-08-21 07:00:00,583.8139941356856,0.29266899943354474,1.0501034209207751,0.8132334439601663
2024-08-21 08:00:00,583.915903791512,1.02998888350578,5.281017649271439,0.9530896757106574
2024-08-21 09:00:00,584.0172911295911,0.9649247578104223,1.8247783477021722,1.1930057648964194
2024-08-21 10:00:00,584.1181578651032,1.9618134397641143,-0.9832678574373259,-0.6667034474300065
2024-08-21 11:00:00,584.2185066179126,0.5909364816327525,-4.507590714827788,0.4181476152824463
2024-08-21 12:00:00,584.3183404173519,1.0757427233201042,-8.274715778576345,2.1906326379042325
2024-08-21 13:00:00,584.417662359315,1.1892605591784786,-9.980555828313168,2.5236329098196473
2024-08-21 14:00:00,584.5164759805898,0.6385025160170699,-7.551717267061814,2.44673877045485
2024-08-21 15:00:00,584.6147849246181,0.6962080344122796,-5.738238100618778,2.1472451415884137
2024-08-21 16:00:00,584.7125920347594,1.1122493219505714,0.20585500278410312,2.429303640505942
2024-08-21 17:00:00,584.8098991331607,13.841299155001707,0.43724491202142873,1.9615567998160546
2024-08-21 18:00:00,584.906707167948,12.613534442252444,2.004041489356735,1.8957169004428873
2024-08-21 19:00:00,585.0030163233859,12.73818782487956,1.7444742902946435,1.7043215614399836
2024-08-21 20:00:00,585.0988261850298,13.004979953961879,0.3870579462634065,2.1691359147449396
2024-08-21 21:00:00,585.1941363598348,11.804454155693861,0.5784018405170995,2.813007643954205
2024-08-21 22:00:00,585.2889470171153,10.566021925316477,3.2996319900829043,2.8653990674852174
2024-08-21 23:00:00,585.3832592568683,13.390059465943182,6.098457105655404,1.6982241715332205
2024-08-22 00:00:00,585.4770741104841,9.832182637970732,1.9297001586529519,1.9910430928922702
2024-08-22 01:00:00,585.570392333419,10.544204062356584,0.6606332776322055,1.7447703265922294
2024-08-22 02:00:00,585.6632151550576,11.880035327984956,2.4100860077849413,0.116663509172584
2024-08-22 03:00:00,585.7555444402938,12.973872928285118,1.5062151694572095,0.4843674619639597
2024-08-22 04:00:00,585.8473826391793,15.632152303000453,2.7783748351820714,0.1820902226383046
2024-08-22 05:00:00,585.9387322358928,17.78394628154672,2.733091700891088,-0.44577021833056535
2024-08-22 06:00:00,586.0295959384166,19.2104313451149,1.123642226424368,-0.48366950995594044
2024-08-22 07:00:00,586.1199767879878,16.030320637737645,0.9557391808268108,0.16396339344788532
2024-08-22 08:00:00,586.2098780457948,11.777529060719871,5.263538808885477,1.669054084599815
2024-08-22 09:00:00,586.2993034891286,11.497107387360302,2.1587036058764366,0.9648855176345682
2024-08-22 10:00:00,586.3882581958243,8.023981678997643,-0.8469314534067705,3.0246915785849273
2024-08-22 11:00:00,586.4767484005755,11.202703612242544,-4.199818813385173,1.8403668005671863
2024-08-22 12:00:00,586.564780804438,11.769457865367144,-7.994225793675024,1.8299871238697938
2024-08-22 13:00:00,586.652362425901,11.53040349806247,-9.809397053915365,1.4166311299519907
2024-08-22 14:00:00,586.739499892727,9.607361293639201,-7.03239836069194,2.20553717432562
2024-08-22 15:00:00,586.8261993290978,8.71873556308094,-5.6687586251132265,2.5738237329345246
2024-08-22 16:00:00,586.9124664767756,8.711653036938515,0.7537839025431018,2.952096583742824
2024-08-22 17:00:00,586.9983076228534,8.21481286310609,0.6235954623973652,4.473284051643118
2024-08-22 18:00:00,587.0837299202037,8.798762948741,1.9193048469151819,3.5982022841400605
2024-08-22 19:00:00,587.1687411164382,8.73858993932447,1.5465847428465844,4.266084201390772
2024-08-22 20:00:00,587.253349726802,7.673963771238164,0.32844908800402883,4.854237413955801
2024-08-22 21:00:00,587.3375648091259,6.529010966732358,0.21136343570771582,4.952060788434023
2024-08-22 22:00:00,587.4213952607156,5.5782267315129275,3.175212470491206,5.505165537280283
2024-08-22 23:00:00,587.5048496490072,5.258878618510494,6.232467909570914,4.603803822911411
2024-08-23 00:00:00,587.5879366233055,2.857127476024857,1.2586299235793756,3.516305977090295
2024-08-23 01:00:00,587.6706651405906,3.5173353760064856,0.42752841568637584,3.8944710677164784
2024-08-23 02:00:00,587.7530437022815,3.9135759778895363,2.2727348562362653,3.390645463592659
2024-08-23 03:00:00,587.8350799269859,5.053889365399641,1.2904524825490271,3.2105782250654435
2024-08-23 04:00:00,587.9167804435602,3.026239801317047,2.4504175932192998,3.116562161903362
2024-08-23 05:00:00,587.9981514231773,4.871917724492164,2.3501656550168666,3.3397651973135574
2024-08-23 06:00:00,588.0791984379798,3.58375105237576,1.3234088154922459,4.283641694152117
2024-08-23 07:00:00,588.1599264933343,4.532070434661705,0.8733765706619105,4.004626501342121
2024-08-23 08:00:00,588.2403401270379,3.4662725307673554,5.298365090311007,3.895022251883725
2024-08-23 09:00:00,588.3204425108951,3.450313976703228,2.3955078131153167,2.563735699286389
2024-08-23 10:00:00,588.400235564609,2.8838827987530067,-0.7423456962244078,3.5582273328623866
2024-08-23 11:00:00,588.47972025527,2.500947978399495,-3.8682258449173714,3.587557611247865
2024-08-23 12:00:00,588.5588969855526,2.4482255329184,-7.841533093319293,2.994410574848281
2024-08-23 13:00:00,588.6377654493688,2.368191210303621,-9.762857155553027,2.516900495880524
2024-08-23 14:00:00,588.716324723651,2.9602478878308602,-6.634518773044062,2.5679461615621633
2024-08-23 15:00:00,588.7945732770405,2.3435399690202985,-5.605439306937805,2.067326060877051
2024-08-23 16:00:00,588.8725085976781,3.387801274814933,1.2231817719867308,2.0765083555200525
2024-08-23 17:00:00,588.9501271694578,3.0131405867417698,1.085534718156335,4.331197525644127
2024-08-23 18:00:00,589.0274243660738,0.7838975408240003,1.9574808418126417,4.961197251289561
2024-08-23 19:00:00,589.1043944130587,0.9304785648262168,1.5284561617462806,5.336670860368822
2024-08-23 20:00:00,589.1810304139906,1.67714260386947,0.4029369178042847,6.198890064335766
2024-08-23 21:00:00,589.257323955375,2.1813011452079536,-0.01994023683523046,4.581315136252318
2024-08-23 22:00:00,589.3332650259738,1.9185074885309632,3.122920075295543,3.9053074101997294
2024-08-23 23:00:00,589.4088419214745,1.7610894978919305,6.352177232376975,0.9078913482565354
2024-08-24 00:00:00,589.4840416155336,2.682282004628746,0.5548900493509601,-0.1712136695133032
2024-08-24 01:00:00,589.5588498992898,2.76608511428401,0.13430872060041033,0.8207562658257617
2024-08-24 02:00:00,589.6332508758562,4.7875322834593135,2.019397589151828,3.3998192515326515
2024-08-24 03:00:00,589.7072265323455,3.996019608918573,1.0805470382694697,4.206206820466365
2024-08-24 04:00:00,589.7807566149957,3.240939338712792,2.1890624884106256,4.179241557880886
2024-08-24 05:00:00,589.8538190390509,4.241084072940453,2.1268171957724844,4.048279692236123
2024-08-24 06:00:00,589.9263903256865,3.8391247781866014,1.5832804782104801,2.1412044179164686
2024-08-24 07:00:00,589.9984452354355,2.9992568513713422,0.8329705010400357,1.8793274121532304
2024-08-24 08:00:00,590.0699566732815,2.360866097889584,5.345826083334345,1.1033511454945368
2024-08-24 09:00:00,590.1408959500885,2.8035688508348358,2.429726211193272,1.0058089878833698
2024-08-24 10:00:00,590.2112329710853,2.610524291710817,-0.7409482689976914,2.1791910062015134
2024-08-24 11:00:00,590.2809358023753,3.878115545734545,-3.648820186735563,1.4297688386256895
2024-08-24 12:00:00,590.3499705007475,2.848621536037399,-7.885469933972902,-1.1431221028120642
2024-08-24 13:00:00,590.4183013042739,2.3712179869680767,-9.814625734277874,-0.8948935569640257
2024-08-24 14:00:00,590.4858913958874,2.8204941361686906,-6.5031033429768765,-0.7632821890792555
2024-08-24 15:00:00,590.5527034644716,1.471506506821811,-5.579973976004475,-0.22423599528898347
2024-08-24 16:00:00,590.6187004370307,1.4591886272246484,1.366663491056093,0.6954474446885385
2024-08-24 17:00:00,590.6838456780248,-2.0512322749540317,1.6938349199834128,-7.346448323054093
2024-08-24 18:00:00,590.7481026788336,-2.9517401794148554,1.9954267285606335,-5.791789227979448
2024-08-24 19:00:00,590.8114356140136,-2.6817454584398774,1.5749818493974266,-6.164672004971144
2024-08-24 20:00:00,590.8738099598488,-1.2958484530801115,0.5252405289140345,-5.693202035682835
2024-08-24 21:00:00,590.9351925183685,-1.7696900224109413,-0.13095062320131698,-5.484551872756201
2024-08-24 22:00:00,590.9955517894538,-0.06646474816284353,3.1755994155968224,-7.8946864568876665
2024-08-24 23:00:00,591.0548585438708,2.0733397671947387,6.489865766553477,-9.988064077618992
2024-08-25 00:00:00,591.1130855359268,2.2078468298178677,0.12388458966499956,-11.914816955409659
2024-08-25 01:00:00,591.1702074528503,2.249623673929932,0.05199213824698312,-9.741823265027177
2024-08-25 02:00:00,591.2262014070594,-0.8292463222857123,1.8137971539957212,-9.490752238769382
2024-08-25 03:00:00,591.2810471888375,-0.38780541147491476,0.8211178662609948,-8.02435964362362
2024-08-25 04:00:00,591.3347270648807,-0.2363116294154679,2.175017967131978,-7.653433402597182
2024-08-25 05:00:00,591.3872256404304,-3.06461238270208,2.022557331450934,-7.0951705891793
2024-08-25 06:00:00,591.4385301315333,-2.063190542299708,1.8439256063340095,-4.819265195567544
2024-08-25 07:00:00,591.4886302818792,-3.4908475998066706,0.7463856318930523,-4.8341683139655895
2024-08-25 08:00:00,591.5375191191773,-1.1889023068059714,5.230188312884499,-6.938805125255817
2024-08-25 09:00:00,591.5851929751457,-0.4049032493190907,2.2832546458982836,-4.323544371724897
2024-08-25 10:00:00,591.6316513401158,1.7618566728921223,-0.8036632138719924,-5.689844799135924
2024-08-25 11:00:00,591.676896633762,-0.7060073639319171,-3.603957586804343,-4.246931683025717
2024-08-25 12:00:00,591.7209337717405,1.3186303202272711,-8.175736305181275,-3.8338277867865274
2024-08-25 13:00:00,591.763770427877,0.510368334689133,-10.025179983134684,-3.498958779431476
2024-08-25 14:00:00,591.8054165848932,0.799541303344995,-6.416496814972677,-2.868461073265544
2024-08-25 15:00:00,591.8458845000816,0.9208494322788283,-5.578724112070618,-2.1480098202899187
2024-08-25 16:00:00,591.8851889189668,-0.29616212071778136,1.260444989973266,-2.6594717882223176
2024-08-25 17:00:00,591.9233470779452,-0.7688025702262848,2.224432014820051,-7.068976522539063
2024-08-25 18:00:00,591.9603786943528,0.42810070666098454,2.15274778694428,-4.511227187958126
2024-08-25 19:00:00,591.9963061337531,0.040089576309696895,1.7680826384374482,-4.174478348500355
2024-08-25 20:00:00,592.031154193259,-0.6594010642372723,0.7394393910348563,-5.021192520056503
2024-08-25 21:00:00,592.0649499215738,-0.7941184277016191,-0.09252110907181738,-3.918310384800255
2024-08-25 22:00:00,592.0977225741789,-0.5315947323317687,3.199605459116106,-3.8357333009632355
2024-08-25 23:00:00,592.1295018859746,-1.9640853596712304,6.787853946213406,-3.2832704725168
2024-08-26 00:00:00,592.1603177911554,-2.5808196983122116,0.06213810467925615,0.5983638024776485
2024-08-26 01:00:00,592.1902001597215,-3.093077576723772,0.25992018204242895,0.4229572349598584
2024-08-26 02:00:00,592.2191781677783,-2.0641463213145244,1.7826820394199832,0.27228611411628734
2024-08-26 03:00:00,592.2472799377102,-2.0100641757200037,0.3424552560493165,-0.11967101803946933
2024-08-26 04:00:00,592.2745322361845,-2.013819692613879,2.3162827513669026,0.12300470506245377
2024-08-26 05:00:00,592.3009600193807,-1.9936843570914107,1.785274913035193,0.6774494246755568
2024-08-26 06:00:00,592.3265869154694,-0.5495536183160539,1.9611309036936058,2.4218357991529627
2024-08-26 07:00:00,592.3514358421633,-0.16864175707632967,0.4278852512733887,2.3493206636396753
2024-08-26 08:00:00,592.3755271387606,-1.1029892399782284,5.024223545263081,1.7532385559544048
2024-08-26 09:00:00,592.3988775549642,-1.6608064426264946,2.084344548794078,1.2775843388681813
2024-08-26 10:00:00,592.4214999198385,-0.839304902867525,-0.645566914144008,0.643371897173028
2024-08-26 11:00:00,592.4434035681572,-0.005034464853110876,-3.551074548760059,-0.3772945545440432
2024-08-26 12:00:00,592.4645967493934,-1.339203143202667,-8.462784357482182,1.5373907512914644
2024-08-26 13:00:00,592.485086592833,-1.9588782107430234,-10.230901948834935,1.334693566744965
2024-08-26 14:00:00,592.5048766067179,-3.8316634077268645,-6.312252250107517,0.3090390511164162
2024-08-26 15:00:00,592.5239661372423,-1.737572547951686,-5.568037473700884,-0.13835611558962235
2024-08-26 16:00:00,592.5423509466643,-0.5233358764457989,0.9942395054507048,-0.9032545756691738
2024-08-26 17:00:00,592.5600238656921,-0.15364359038721886,2.6333870970166533,-2.519767372321521
2024-08-26 18:00:00,592.5769762464281,-1.2666862595706334,2.481641335577711,-2.6519313224352437
2024-08-26 19:00:00,592.5931971718007,-1.1488673894768908,2.14134001271951,-2.6056697950433407
2024-08-26 20:00:00,592.6086720503257,-0.8344275690482164,1.0402175687750608,-2.5044620500525823
2024-08-26 21:00:00,592.6233830426173,0.40593649348215877,-0.012827841309246479,-3.166491694790226
2024-08-26 22:00:00,592.6373092462135,-0.5747228750109343,3.088642762549126,-3.0412291337516897
2024-08-26 23:00:00,592.6504277469407,0.12116004864412844,7.007087888845111,-1.3486756844300607
2024-08-27 00:00:00,592.6627141165494,-3.6937983115237785,0.15866939187120818,-1.8775851968968327
2024-08-27 01:00:00,592.6741420677289,-2.537285552832145,0.501157845476648,-1.828014360373419
2024-08-27 02:00:00,592.6846833038144,-0.9488094788985109,1.712540198013298,-1.988414022929105
2024-08-27 03:00:00,592.6943084133893,-0.05354524018241591,-0.1710935525935077,-1.3496696206132919
2024-08-27 04:00:00,592.7029878202145,-0.6590967986783198,2.362085748871548,-1.9359767704077555
2024-08-27 05:00:00,592.71069067819,-0.29166117128966107,1.4408118600115087,-2.6898413669118395
2024-08-27 06:00:00,592.7173849048273,-0.3197492748828381,1.8979193785097495,-1.9255550084542696
2024-08-27 07:00:00,592.7230374352674,-0.6150660027205959,-0.029514441856663458,-2.118456990690086
2024-08-27 08:00:00,592.7276147323902,0.4220721760991637,4.855846963869475,-1.5555338723587506
2024-08-27 09:00:00,592.7310833101566,-0.4641965426013712,1.9448525032092019,-1.2617392707643036
2024-08-27 10:00:00,592.7334104744489,-3.107077894065469,-0.38508199393795584,-2.821250586445483
2024-08-27 11:00:00,592.7345643658637,-2.8573245843942914,-3.4232383477331036,-3.0340014337362913
2024-08-27 12:00:00,592.73451381546,-1.8956622360192341,-8.637659374566345,-2.4411922048743313
2024-08-27 13:00:00,592.7332289045858,-0.8079133371110174,-10.34337112887915,-1.9519444385955598
2024-08-27 14:00:00,592.7306819057775,-1.8116222103631117,-6.280324306823704,-2.3187353885907
2024-08-27 15:00:00,592.726849214986,-0.18323932523935582,-5.551114570009863,-2.742495319736794
2024-08-27 16:00:00,592.7217113625932,0.28462596400299844,0.6186376542889297,-2.7749749808850983
2024-08-27 17:00:00,592.7152520304566,2.2055837733576027,3.0388316332728613,1.250332562913061
2024-08-27 18:00:00,592.7074584632073,-0.6356431286212683,2.9102474412163,1.4479372241976385
2024-08-27 19:00:00,592.6983217943042,-0.4080214791401886,2.6124793405788025,1.247220344257186
2024-08-27 20:00:00,592.6878377236513,0.25578232163400116,1.4606794471027893,1.9857005076119163
2024-08-27 21:00:00,592.6760073748957,0.10025157598681744,0.211709958330649,1.5620310907868122
2024-08-27 22:00:00,592.6628376250816,1.6786750591076043,2.8894752462730553,1.5390120695377054
2024-08-27 23:00:00,592.6483391536042,0.12873477462824212,7.0746258980787085,2.1483001736888454
2024-08-28 00:00:00,592.6325249993866,1.9851185040412247,0.2127676875981071,2.0795888089739663
2024-08-28 01:00:00,592.6154102865977,2.463037609377807,0.6915987168335599,2.5199533871908364
2024-08-28 02:00:00,592.5970118468808,1.6763366485563438,1.5693468871052065,1.9673046174575397
2024-08-28 03:00:00,592.5773477003283,1.2374024032204716,-0.49214847265873124,0.907398369109916
2024-08-28 04:00:00,592.5564371618663,4.159932819554456,2.3598605172898357,0.9137695012895415
2024-08-28 05:00:00,592.5343009431219,3.5193378331554186,1.166553026303443,0.7598081974192877
2024-08-28 06:00:00,592.510962624846,2.3775071635722043,1.7273739571566067,1.1441562544252062
2024-08-28 07:00:00,592.486448614968,2.6540804366065913,-0.5161119017103709,0.9655828501357907
2024-08-28 08:00:00,592.4607876001155,1.5288714170585536,4.640133047306761,1.1302079355191337
2024-08-28 09:00:00,592.4340107301281,1.3429914909714853,1.848946315863677,1.3140514630367999
2024-08-28 10:00:00,592.4061510638797,-0.5178231350454325,-0.19482958099410141,-0.4834983478402107
2024-08-28 11:00:00,592.37724355226,2.0624785422874083,-3.2671853392586994,0.6074632447113267
2024-08-28 12:00:00,592.3473253973222,1.6842078761691255,-8.778555088841454,2.167021815350186
2024-08-28 13:00:00,592.3164356831646,2.6304394010711576,-10.405376252688932,2.4385011684532216
2024-08-28 14:00:00,592.2846146699519,3.980348820011727,-6.276966823620535,2.3920033336569597
2024-08-28 15:00:00,592.2519049311043,3.235404191968655,-5.473336364153524,2.226027241080616
2024-08-28 16:00:00,592.2183508202125,2.9558797218644486,0.3643338060781036,2.4914356518449146
2024-08-28 17:00:00,592.1839983888061,2.6937966450507247,3.3711444215552118,2.0510605445878767
2024-08-28 18:00:00,592.1488954362085,4.755213867998464,3.0680486532607207,2.347842042532398
2024-08-28 19:00:00,592.1130910263621,5.150628688233837,2.771460190345328,2.134820095058675
2024-08-28 20:00:00,592.0766346138316,3.6408378475739482,1.8335111020011834,2.3890164365932836
2024-08-28 21:00:00,592.0395753080116,3.556849227544035,0.608556979809363,2.985018484635042
2024-08-28 22:00:00,592.0019610068343,2.8169487123464023,2.665590092617177,2.9955001882020835
2024-08-28 23:00:00,591.9638374009975,5.748965552802247,6.932659023219232,1.7345380229810696
2024-08-29 00:00:00,591.9252477760858,4.76389828863114,0.24438093673390077,2.0164729985491348
2024-08-29 01:00:00,591.8862329546143,4.850658694322988,0.8530575420533908,1.7800508090092702
2024-08-29 02:00:00,591.8468309292463,5.782188835341003,1.3206471029882514,0.16033313242453956
2024-08-29 03:00:00,591.807077012917,2.4463777136912768,-0.4269773236363059,0.4935225970279701
2024-08-29 04:00:00,591.7670033152968,3.606222885585453,2.388555713510086,0.2682180856075576
2024-08-29 05:00:00,591.7266384314595,4.6784750829430095,0.9162466065079663,-0.4813601209103925
2024-08-29 06:00:00,591.6860078428409,5.274650138029642,1.2850870593823178,-0.5257450402528531
2024-08-29 07:00:00,591.6451338619656,4.857469707216069,-1.0306773152050088,0.0480737460233083
2024-08-29 08:00:00,591.6040353553492,5.519550736530505,4.1469504397840256,1.7094634683362802
2024-08-29 09:00:00,591.5627280422101,5.452423457693726,1.806561294420771,1.078287205675316
2024-08-29 10:00:00,591.5212246866859,5.5787269414864795,0.037415038838030074,2.8526333329895865
2024-08-29 11:00:00,591.4795355020743,6.253712745523103,-3.1481221758866575,1.8248739282892275
2024-08-29 12:00:00,591.4376677944595,5.496475374003126,-8.60632286828836,1.862179699825814
2024-08-29 13:00:00,591.3956260977952,5.029086589916005,-10.193187268440555,1.4484745807291755
2024-08-29 14:00:00,591.3534126952712,6.233935524980211,-6.166996750394524,2.2996485301430982
2024-08-29 15:00:00,591.3110274240855,4.0356674129071735,-5.108871556996645,2.722176720004002
2024-08-29 16:00:00,591.2684670564323,3.5798949784782508,0.6300375611273593,3.02160040396213
2024-08-29 17:00:00,591.2257253987165,3.226583153713591,3.637471186105762,4.510220261464165
2024-08-29 18:00:00,591.1827934336648,3.9422169280104526,3.1265228830975955,3.8484667552272924
2024-08-29 19:00:00,591.1396595653968,3.936324694523023,2.801035552178473,4.472980187901763
2024-08-29 20:00:00,591.096309737374,3.3399654939572656,1.98506092421867,5.078663844450021
2024-08-29 21:00:00,591.0527274963605,2.0537189054773535,0.832711409475021,5.2208421886871665
2024-08-29 22:00:00,591.008894350943,2.1250826341351967,2.649200820301747,5.566822194620065
2024-08-29 23:00:00,590.9647903536608,2.962454816322065,6.574561188279999,4.7581936417372095
2024-08-30 00:00:00,590.9203946901267,3.97287197984474,0.15541583980250046,3.591317490226079
2024-08-30 01:00:00,590.8756855969939,3.5337275601120837,0.5444817993957572,3.956105043498307
2024-08-30 02:00:00,590.8306402635104,3.101102959216064,0.9222535191826481,3.3860032580909074
2024-08-30 03:00:00,590.7852355337061,3.142889055240289,-0.2713239532758276,3.2731993643293267
2024-08-30 04:00:00,590.7394477026877,2.94439150894209,2.3709525667638776,3.065208221606367
2024-08-30 05:00:00,590.6932524015913,2.725452119992269,0.5879261542524968,3.2633693241639237
2024-08-30 06:00:00,590.6466246240651,2.2962159243467113,0.582097190563392,4.215062261024713
2024-08-30 07:00:00,590.5995390766726,1.2014096756148547,-1.2057066867421662,3.82475793445466
2024-08-30 08:00:00,590.5519706066902,3.159984597393418,3.5834584172181843,3.9045863786982355
2024-08-30 09:00:00,590.5038948847475,2.6821294648138974,2.0263818289209015,2.7375938215177764
2024-08-30 10:00:00,590.4552885640147,3.80352655883803,0.3611211271592422,3.3500637499881165
2024-08-30 11:00:00,590.4061291272832,3.437477173598836,-3.320205326637376,3.7065990257554295
2024-08-30 12:00:00,590.3563949319421,2.509124419792556,-8.061030875937396,3.2755115242027375
2024-08-30 13:00:00,590.3060650084963,1.7794141846499087,-9.555251261117064,2.9297720679709207
2024-08-30 14:00:00,590.255119063201,1.6458644413554566,-5.736043802751381,2.9450602981948673
2024-08-30 15:00:00,590.2035366618629,1.4689487204258285,-4.474521616358529,2.572036234069771
2024-08-30 16:00:00,590.1512968161303,-0.43353641718476865,1.2494026841780275,2.5428369168764315
2024-08-30 17:00:00,590.0983779506149,-13.638071067383635,3.740019543874924,4.569673572893782
2024-08-30 18:00:00,590.044758140936,-14.091247276051035,3.139826288065961,5.116662847049166
2024-08-30 19:00:00,589.990415181658,-14.338256281943586,2.801112908135097,5.5467281921504
2024-08-30 20:00:00,589.9353272899339,-13.279265484939515,2.0075315676786,6.486406627327076
2024-08-30 21:00:00,589.8794738702173,-13.881373253694619,0.7320922560641379,4.82980712741314
2024-08-30 22:00:00,589.8228359809405,-10.933290353927532,2.4320811458500176,4.118373227137062
2024-08-30 23:00:00,589.7653962056004,-10.770020725242375,5.939980426076297,1.5546440935656767
2024-08-31 00:00:00,589.7071378642362,-19.371279525743148,0.08559901481192295,0.4485426466950792
2024-08-31 01:00:00,589.6480449476071,-19.515903959912748,0.18816616364918526,1.529692848656521
2024-08-31 02:00:00,589.5881020612422,-14.377842111749374,0.4069795711609229,4.0427604793461605
2024-08-31 03:00:00,589.5272937324959,-13.851646191639588,-0.09365627047776631,4.888008729621537
2024-08-31 04:00:00,589.4656042793118,-13.273163781482367,2.214939249132234,4.642620253038239
2024-08-31 05:00:00,589.4030177090297,-11.115584343457613,0.21770746069149555,4.594859173736496
2024-08-31 06:00:00,589.3395181059391,-15.55644092113198,-0.05409321743182276,2.8210160326246654
2024-08-31 07:00:00,589.2750901124421,-18.578572735178568,-1.3462696244315562,2.5497522471680916
2024-08-31 08:00:00,589.2097196454405,-13.278080729874318,3.110293997302394,1.6280670871313685
2024-08-31 09:00:00,589.1433934135197,-11.58503241816993,2.3888337054269377,1.6828052992233569
2024-08-31 10:00:00,589.0760992430689,-13.317300675206866,0.7159527864641488,3.125248645673786
2024-08-31 11:00:00,589.0078260562079,-15.405640693666214,-3.369055947346719,2.0768705848049356
2024-08-31 12:00:00,588.9385639693805,-20.098452718943122,-7.492426541087535,-0.627684709349879
2024-08-31 13:00:00,588.868304431892,-21.08607780954094,-8.928966462705148,-0.4232601596459889
2024-08-31 14:00:00,588.7970399500864,-15.921820938306269,-5.209761427038324,-0.20545758474177786
2024-08-31 15:00:00,588.724764294384,-14.668984107731603,-3.836964118065337,0.35118393141293514
2024-08-31 16:00:00,588.6514732652191,-14.778995825338257,1.8810205817365757,1.2065019783825857
2024-08-31 17:00:00,588.5771643650994,-5.682769496666197,3.738493887284368,-7.332888755717548
2024-08-31 18:00:00,588.5018363270162,-7.136282128941957,3.091440135957135,-5.656994334031425
2024-08-31 19:00:00,588.4254891920863,-7.730309169790871,2.759069510552948,-5.964249532848339
2024-08-31 20:00:00,588.3481243107976,-4.753961024165164,2.068436053058973,-5.602599339691492
2024-08-31 21:00:00,588.2697438702364,-1.8022316219371532,0.6194366469908346,-5.546948895290126
2024-08-31 22:00:00,588.19035113495,-0.08777910528851862,2.233477323938472,-8.046049353599999
2024-08-31 23:00:00,588.1099519105748,-3.575157666783184,5.254533715090823,-10.129327958882456
2024-09-01 00:00:00,588.0285550217945,-8.489515751982822,-0.08717972609243158,-11.691859543719309
2024-09-01 01:00:00,587.9461723313096,-10.959859580455714,-0.2693374862061278,-9.326975264647833
2024-09-01 02:00:00,587.8628185153699,-4.514778306285393,-0.09312986147918954,-9.284910347605319
2024-09-01 03:00:00,587.7785109036622,-3.451934956555192,0.24902821079059398,-7.765604157897601
2024-09-01 04:00:00,587.6932698296893,-3.8646451989507113,2.105129972252123,-7.173754602990732
2024-09-01 05:00:00,587.6071182629795,-4.235276995973322,-0.014717369577175373,-6.58712389742898
2024-09-01 06:00:00,587.520081255351,-15.478976296897258,-0.617747555991057,-4.293357402462699
2024-09-01 07:00:00,587.4321858151349,-12.886357076879108,-1.4628568506980177,-4.152971887557743
2024-09-01 08:00:00,587.3434607709736,-4.78956345564734,2.873317550337068,-6.9572148656633725
2024-09-01 09:00:00,587.2539367385987,-4.420662314527476,2.6530245243746227,-4.066298948445874
2024-09-01 10:00:00,587.16364607215,-6.143433359959317,0.8690667020511063,-5.42927941424167
2024-09-01 11:00:00,587.0726226499144,-7.153697376307264,-3.4445299315599054,-3.9943953420471208
2024-09-01 12:00:00,586.9809018326329,-10.7433141358689,-7.074946662824108,-3.582641033939774
2024-09-01 13:00:00,586.888520600263,-8.694617150829913,-8.47286379010136,-3.1810396593317645
2024-09-01 14:00:00,586.7955178071267,-3.425005998685833,-4.822149358965844,-2.6583624494750753
2024-09-01 15:00:00,586.7019343313971,-0.39500080144625827,-3.3295957806174004,-1.8973377493333958
2024-09-01 16:00:00,586.6078125969251,-0.014840647525147688,2.447591865869972,-2.510563815270017
2024-09-01 17:00:00,586.5131962769423,2.42904607025298,3.75720446132835,-7.909446808523577
2024-09-01 18:00:00,586.4181303449805,2.196529007138679,2.913971197203952,-5.378630549323124
2024-09-01 19:00:00,586.3226612999961,2.0283679564942076,2.5924590954097857,-5.003488351900014
2024-09-01 20:00:00,586.226836829082,0.24179502814888565,2.1741067406334738,-5.702738597864235
2024-09-01 21:00:00,586.1307057011157,2.1149164376074623,0.5505905902953919,-4.376212729018641
2024-09-01 22:00:00,586.0343168785553,4.184442617692525,2.2697478193095617,-4.338507315557379
2024-09-01 23:00:00,585.9377193689356,0.9270602101421446,4.706301205214488,-4.071080784292287
2024-09-02 00:00:00,585.8409628165907,0.971931165254432,-0.32364651582323184,0.07075253397802359
2024-09-02 01:00:00,585.7440979831106,0.7382304414097689,-0.7857336323108941,0.10340520779049964
2024-09-02 02:00:00,585.6471763974955,0.8169215868548463,-0.4468364388960987,-0.3172615454542454
2024-09-02 03:00:00,585.5502504359013,1.4927307408072465,0.6932641881061888,-0.6662453648147271
2024-09-02 04:00:00,585.4533730022343,2.4337005969696293,2.1770751283369316,-0.4841487275408611
2024-09-02 05:00:00,585.3565974447929,1.8021186950535366,-0.08798373090472665,0.02926759105831733
2024-09-02 06:00:00,585.2599772265389,0.7815903049163353,-1.1523669415338034,1.770799410078592
2024-09-02 07:00:00,585.1635655864329,1.4924343250299899,-1.4866710832362289,1.6906711717733363
2024-09-02 08:00:00,585.0674150900952,1.738504335931907,2.7036038601586725,1.1204767138142409
2024-09-02 09:00:00,584.9715774136852,3.703113582952028,2.689654938415526,0.63565406494734
2024-09-02 10:00:00,584.876103552022,3.0816947303598,0.7390482371636863,0.133153480454508
2024-09-02 11:00:00,584.7810437059431,1.080146716189347,-3.75634362202107,-1.0148468001114415
2024-09-02 12:00:00,584.6864469245054,2.1552461269549212,-6.807463479507875,0.8557704280475474
2024-09-02 13:00:00,584.5923615958408,2.174245125056359,-8.080395226114764,0.6937885052176654
2024-09-02 14:00:00,584.4988358087193,2.5635534529893675,-4.49088394448797,-0.35150531722056344
2024-09-02 15:00:00,584.405917644406,3.6418777866252867,-2.903860767649718,-0.8339346633817335
2024-09-02 16:00:00,584.3136534118705,4.734863246471264,3.1028215247304316,-1.4113381830721752
2024-09-02 17:00:00,584.2220878346602,1.814968528635859,3.7611775329181882,-2.7882338962142525
2024-09-02 18:00:00,584.1312647405821,0.2861833015610955,2.8396389220583225,-2.7270869642015088
2024-09-02 19:00:00,584.0412272623345,0.14773463448557322,2.5639454538589637,-2.6529073506790377
2024-09-02 20:00:00,583.9520182251338,-0.1798823107753833,2.3182891826196834,-2.3804250969780263
2024-09-02 21:00:00,583.863679610001,-1.6652656200451474,0.41278740121645574,-3.03120139117221
2024-09-02 22:00:00,583.7762532309008,-0.8433468644483355,2.4318297071777666,-3.0447360736301055
2024-09-02 23:00:00,583.689780912263,-2.4927089570701355,4.274514567883604,-1.5815865230764947
2024-09-03 00:00:00,583.6043036487061,1.7384994010176342,-0.516443559983662,-2.1763594897400815
2024-09-03 01:00:00,583.5198613404773,1.3814894696457714,-1.3046499938499032,-2.1967008162731516
2024-09-03 02:00:00,583.4364934320004,0.2859873833931488,-0.555203566368544,-2.29727724902504
2024-09-03 03:00:00,583.3542388855071,1.493240496286944,0.9146886027112917,-1.6821679845053343
2024-09-03 04:00:00,583.2731354963356,0.4418624246602576,2.1815062008169477,-2.2865041218127797
2024-09-03 05:00:00,583.1932196996048,0.693483905232938,-0.11067726941979766,-3.0060263354179417
2024-09-03 06:00:00,583.1145258598992,1.2817860322858223,-1.6141025850668684,-2.2422093071181717
2024-09-03 07:00:00,583.037085525457,1.54070747706146,-1.3452322048490706,-2.4725607976694635
2024-09-03 08:00:00,582.9609264567042,-0.15338737751005738,2.70304456730171,-1.900583646495826
2024-09-03 09:00:00,582.8860734561041,3.0250286215483584,2.65690925100921,-1.7080113286616685
2024-09-03 10:00:00,582.8125485240681,2.0042480708270887,0.5127720988101726,-3.099568693705404
2024-09-03 11:00:00,582.7403709573261,2.490029472547917,-4.164874938339435,-3.2455254915346594
2024-09-03 12:00:00,582.6695574833811,3.0616202566227457,-6.569604738564396,-2.5915730014393783
2024-09-03 13:00:00,582.6001217888793,3.0356732390450816,-7.65252724258859,-2.113267785335749
2024-09-03 14:00:00,582.5320742188155,2.6009424894361928,-4.083198948144112,-2.4498177601076
2024-09-03 15:00:00,582.4654212637174,2.2822976757354354,-2.7451817518943193,-2.8525371875586427
2024-09-03 16:00:00,582.4001652299677,2.1748976274827783,3.457738708788151,-2.9028015662386744
2024-09-03 17:00:00,582.336304666232,0.7918177945747402,3.6845206892649904,1.0673568499283177
2024-09-03 18:00:00,582.273834296934,0.7027926993072242,2.9853940402416033,1.4079789635171998
2024-09-03 19:00:00,582.2127449930407,0.7090045851770128,2.8348847525123273,1.2233656692698753
2024-09-03 20:00:00,582.1530238275406,0.3389700382282399,2.536434033333674,1.7215721008975438
2024-09-03 21:00:00,582.0946547058803,0.5300522806081744,0.03108727741623788,1.2142057360953604
2024-09-03 22:00:00,582.0376188987776,-0.24850790898585728,2.3787788646276193,1.3221101455805773
2024-09-03 23:00:00,581.981895701061,-1.9873858052424112,4.047301189604305,1.6881889145770759
2024-09-04 00:00:00,581.9274626289356,-0.473061911601917,-0.4700644009651286,1.8456636836315314
2024-09-04 01:00:00,581.8742951692648,-0.8314702352465702,-1.5619196800158412,2.1490947459977185
2024-09-04 02:00:00,581.8223670769563,-1.8475211772946523,-0.3815121314904724,1.8666662318288691
2024-09-04 03:00:00,581.7716508124621,-0.9415152531563535,0.8591987610624368,0.890665679631864
2024-09-04 04:00:00,581.7221178138902,-1.2867029096698843,2.125863392493264,0.9287217032864581
2024-09-04 05:00:00,581.6737385653975,-0.19158446165749865,-0.07174964519631999,0.6295955414563199
2024-09-04 06:00:00,581.6264827013368,-2.101675730760576,-1.6612603839525861,1.046453413376293
2024-09-04 07:00:00,581.5803190921573,-1.737079852199372,-1.2378725871162546,0.9646333471584252
2024-09-04 08:00:00,581.5352160128587,-1.2467643838723461,3.1166604273710856,1.0448879436426186
2024-09-04 09:00:00,581.491141243009,-1.9581806666259354,2.509417311226173,1.2276221123908253
2024-09-04 10:00:00,581.4480621819845,-2.9674300846071446,0.23672865793649236,-0.35736075531388445
2024-09-04 11:00:00,581.4059460028022,-2.4238566983583496,-4.404396480574201,0.642307176130341
2024-09-04 12:00:00,581.3647598183182,-3.6288317774354937,-6.697519866775485,1.8815918258926438
2024-09-04 13:00:00,581.3244708163478,-3.6580440020080687,-7.711099306323341,2.1846724919836875
2024-09-04 14:00:00,581.2850463689919,-3.1969569817230195,-3.865914097885049,2.137824710616227
2024-09-04 15:00:00,581.2464540846436,-3.5095264025979986,-3.0376662402518644,2.1307385582062928
2024-09-04 16:00:00,581.2086618683858,-4.274573025412565,3.1638338564824173,2.3420773005444633
2024-09-04 17:00:00,581.171637734084,-6.61501603334284,3.647143600936674,2.066234698322068
2024-09-04 18:00:00,581.1353492736496,-6.577887155954613,3.229125324247711,2.6934125580573625
2024-09-04 19:00:00,581.099763352933,-6.476864054292605,3.20353721787184,2.4535634834877165
2024-09-04 20:00:00,581.0648464736043,-5.287745112558696,2.6354767717942322,2.4974218671600172
2024-09-04 21:00:00,581.0305655895451,-7.680241144383899,-0.08838824830275734,3.0180638031415516
2024-09-04 22:00:00,580.9968883259273,-5.417401533967677,2.395879857795521,2.9446333502447946
2024-09-04 23:00:00,580.9637830927105,-4.133399467559343,4.044766802431749,1.6948495724172274
2024-09-05 00:00:00,580.9312191349896,-5.3740108618449085,-0.38080480514827886,1.9235965320035655
2024-09-05 01:00:00,580.8991666280534,-5.963049936374887,-1.5845394653291713,1.6884227736505795
2024-09-05 02:00:00,580.8675967461996,-3.651527631724889,-0.12964653850061664,0.09357742402585731
2024-09-05 03:00:00,580.8364811856645,-3.9469083973361876,0.7481336536774916,0.3922935579941109
2024-09-05 04:00:00,580.8057921461807,-2.6286103018679796,2.1903221443380847,0.2524960113492488
2024-09-05 05:00:00,580.7755029252919,-3.7444144376586337,0.0508402922942677,-0.6119287799275666
2024-09-05 06:00:00,580.7455888392852,-4.42037675065626,-1.439429459061072,-0.6657826295678357
2024-09-05 07:00:00,580.7160275935927,-5.071541063845757,-1.1039845273666153,-0.16050200238030807
2024-09-05 08:00:00,580.6867995470802,-3.81685053651006,3.561841195135202,1.5782097942946303
2024-09-05 09:00:00,580.6578878501043,-6.900694837833271,2.1525737096690403,1.0802332780598933
2024-09-05 10:00:00,580.6292785352226,-6.802290772321157,-0.09966774895572693,2.5726799860542426
2024-09-05 11:00:00,580.6009606251024,-4.785618151491008,-4.667924777218048,1.6625823036066363
2024-09-05 12:00:00,580.5729263293366,-5.22729818109417,-6.820396319646823,1.7247681714044072
2024-09-05 13:00:00,580.5451711998388,-5.431391017156898,-7.748932623435177,1.3151524407531996
2024-09-05 14:00:00,580.5176935771203,-3.526336000975448,-3.823304602355532,2.261947026210577
2024-09-05 15:00:00,580.4904932428418,-5.509381284479332,-3.3840593035272053,2.712947345164662
2024-09-05 16:00:00,580.4635710264776,-4.0365421650896,2.7563472263032804,2.976623912308749
2024-09-05 17:00:00,580.4369288865239,-5.696978325662144,3.5684921810425587,4.4615572580957
2024-09-05 18:00:00,580.4105699340479,-4.977475934389986,3.2013820937377404,4.125523906604344
2024-09-05 19:00:00,580.3844983904129,-5.097131135515838,3.2822021857660975,4.720430559336791
2024-09-05 20:00:00,580.3587192941236,-4.123782967499437,2.528704349148505,5.336359324227383
2024-09-05 21:00:00,580.3332383900373,-6.255568235328269,-0.08770326097708123,5.510033106267989
2024-09-05 22:00:00,580.3080621738757,-5.129732159008881,2.4576017885583514,5.604068196574911
2024-09-05 23:00:00,580.2831976812041,-6.262704002141049,4.347112500745889,4.892393820190993
2024-09-06 00:00:00,580.2586519275808,-4.52627792176736,-0.16037383624477503,3.667999830431351
2024-09-06 01:00:00,580.2344319161226,-5.41772886358217,-1.4151096419261762,4.008406589385677
2024-09-06 02:00:00,580.2105448643829,-4.566811946012876,0.2090716378169566,3.34719544381317
2024-09-06 03:00:00,580.1869984056558,-4.710914098582066,0.7445859910613125,3.329329701864922
2024-09-06 04:00:00,580.1638012484783,-7.274901211160795,2.395690078800738,2.9754098838817535
2024-09-06 05:00:00,580.1409629624437,-6.254199513702588,0.27597796542146336,3.167258585837392
2024-09-06 06:00:00,580.1184940747631,-6.8562101082233085,-1.1190658885086884,4.1567819219688
2024-09-06 07:00:00,580.0964059867883,-5.62358484042943,-0.9347837392434815,3.681962592884549
2024-09-06 08:00:00,580.0747106692878,-5.336479579777233,3.933579162431445,4.068189748058023
2024-09-06 09:00:00,580.0534204205167,-4.1354691354408715,1.5858253652032317,2.9862233497209902
2024-09-06 10:00:00,580.0325474326665,-2.4770837217453163,-0.4802405054161883,3.2047767944948986
2024-09-06 11:00:00,580.0121035927516,-3.744803775142941,-5.054372521199098,3.857072703590432
2024-09-06 12:00:00,579.9921006778723,-4.6695619164614754,-6.9270727283210585,3.674533966910291
2024-09-06 13:00:00,579.9725503687306,-5.319142372649253,-7.739499548317089,3.4660915522357025
2024-09-06 14:00:00,579.9534645324632,-5.494544283519758,-4.004347706332675,3.3954274573892542
2024-09-06 15:00:00,579.9348550199343,-6.590327267460339,-3.8079142369282586,3.1633864844543598
2024-09-06 16:00:00,579.9167328802979,-5.767716549801662,2.200396495602455,3.090587173901288
2024-09-06 17:00:00,579.8991087226576,0.8583568948665743,3.4344175872302536,4.868116795245591
2024-09-06 18:00:00,579.8819933136452,2.239662188631314,3.0329159782459993,5.285428519477482
2024-09-06 19:00:00,579.8653987466043,2.1914566564985307,3.183123863702865,5.760020733194246
2024-09-06 20:00:00,579.8493394272163,2.2483820113036472,2.3150814125257946,6.787197148954331
2024-09-06 21:00:00,579.833831078261,2.671525224076163,-0.06548953369564509,5.100133231358462
2024-09-06 22:00:00,579.8188886806354,3.503898212844433,2.58117628290044,4.326036823619857
2024-09-06 23:00:00,579.8045254588459,0.9826352293100626,4.798817175393539,2.2240221364505013
2024-09-07 00:00:00,579.7907536489956,0.4755409072712382,0.24430028915471633,1.169405154578356
2024-09-07 01:00:00,579.7775852792032,1.573904164661144,-1.0592072998521058,2.3577178559877443
2024-09-07 02:00:00,579.7650322075566,1.386326006821264,0.6065173626418644,4.732124422980255
2024-09-07 03:00:00,579.7531056930472,0.08517927975367456,0.7935945559807747,5.548120471218244
2024-09-07 04:00:00,579.7418152128885,1.0358877381353295,2.651565333857046,5.07073171511908
2024-09-07 05:00:00,579.7311681326772,1.1636093101946017,0.5464272407233051,5.11879531640476
2024-09-07 06:00:00,579.7211702887284,2.616013221478738,-0.7117924097135498,3.3846088995063246
2024-09-07 07:00:00,579.7118260159797,2.5601634779840197,-0.6490938724557193,3.1171043784920633
2024-09-07 08:00:00,579.70313728107,2.9141940016854733,4.29171229793508,2.0809564193095245
2024-09-07 09:00:00,579.6951028840816,2.9266641673885943,1.194422218494447,2.2238107300352894
2024-09-07 10:00:00,579.6877176284266,2.3949376791210852,-0.774774686375517,3.8121193788278323
2024-09-07 11:00:00,579.6809721059421,2.818155474997525,-5.413205079976229,2.5840774990365105
2024-09-07 12:00:00,579.674853999124,2.597861016527986,-7.04476398828414,-0.11795102736788128
2024-09-07 13:00:00,579.6693494136522,2.580954776502608,-7.738669207954087,0.05836501779936194
2024-09-07 14:00:00,579.6644433815154,1.8269891815009487,-4.346983962670815,0.37555139965449946
2024-09-07 15:00:00,579.6601204417852,1.3494204769605176,-4.165553995731105,0.9560130769852829
2024-09-07 16:00:00,579.6563647066238,0.7627588391308109,1.660032351697431,1.6708441025479992
2024-09-07 17:00:00,579.6531597575965,1.1754988259662014,3.2917665841104906,-7.310425167673266
2024-09-07 18:00:00,579.6504883584143,3.0130245145905974,2.780421926148712,-5.533934799153715
2024-09-07 19:00:00,579.64833266842,2.6634489962791577,2.9644234625926953,-5.776205127291832
2024-09-07 20:00:00,579.6466742430172,0.5479302591123769,1.9632997100739915,-5.517904212203571
2024-09-07 21:00:00,579.6454937810447,1.5322936361965276,-0.19438703011757885,-5.503400387123579
2024-09-07 22:00:00,579.6447713018779,-0.6088493818875804,2.5884989279427124,-7.984420847933091
2024-09-07 23:00:00,579.6444862809335,0.7159203641186878,5.024111095810109,-10.144517740862254
2024-09-08 00:00:00,579.6446176869241,-2.441309576916069,0.6755271522571079,-11.338835262265246
2024-09-08 01:00:00,579.6451439798074,-1.9814056454292768,-0.5594248223777799,-8.87431351200025
2024-09-08 02:00:00,579.6460430334408,-0.3483877377840372,0.8460555004937345,-8.803710796150549
2024-09-08 03:00:00,579.647291984872,-0.4673384889144927,0.7692972392740243,-7.189250735231524
2024-09-08 04:00:00,579.6488669593206,0.6600005790173782,2.7546308291435326,-6.383498367481522
2024-09-08 05:00:00,579.6507431118184,-0.30106003726325525,0.7174806216410793,-5.847163696196261
2024-09-08 06:00:00,579.6528946953157,-0.4056587252762256,-0.2656608459660187,-3.6115751240734193
2024-09-08 07:00:00,579.6552952798802,-0.40188596502025575,-0.2463836033401074,-3.3270257115199637
2024-09-08 08:00:00,579.6579177314226,-0.5595119814365717,4.587507317153961,-6.69591306713992
2024-09-08 09:00:00,579.6607339788764,-1.0044842623012755,1.1562520401248564,-3.672501756699994
2024-09-08 10:00:00,579.6637152034738,-3.6367177309505223,-0.9851811634932696,-5.091816309029901
2024-09-08 11:00:00,579.6668320426356,-0.9128389943443835,-5.463022193948706,-3.590970854342411
2024-09-08 12:00:00,579.6700548647001,1.8536028384605743,-6.919890766609003,-3.3137669365516462
2024-09-08 13:00:00,579.6733538727034,2.2219799044048614,-7.543997035329447,-2.861336741778838
2024-09-08 14:00:00,579.6766989308145,1.4358128481494532,-4.440454056650361,-2.502057722313659
2024-09-08 15:00:00,579.6800595373137,1.5331013388989732,-4.334626227378401,-1.608534648834318
2024-09-08 16:00:00,579.6834047193543,2.6974358743905213,1.3543897076437683,-2.3152303013886004
2024-09-08 17:00:00,579.6867029689893,2.149685673184763,3.11515140005824,-8.391540042232371
2024-09-08 18:00:00,579.6899217775367,0.301714440198225,2.4169498020086295,-5.99858601974357
2024-09-08 19:00:00,579.69302712573,0.454137532233176,2.6286988436282988,-5.595863501591551
2024-09-08 20:00:00,579.6959836419085,-0.3260127606000651,1.4622971449421096,-6.152268026250517
2024-09-08 21:00:00,579.6987547031961,1.4814629141669684,-0.44947251526646453,-4.6007451020965195
2024-09-08 22:00:00,579.7013042845498,0.33089958582263534,2.5222822298866356,-4.644486100259047
2024-09-08 23:00:00,579.703598215975,2.3043522436333888,5.025182201605687,-4.633132661214203
2024-09-09 00:00:00,579.7056043883249,1.3919395236997616,0.9644493144802061,-0.48199322650485527
2024-09-09 01:00:00,579.7072928585656,1.2495390430656244,-0.08094919072528134,-0.2758827109058963
2024-09-09 02:00:00,579.7086355622664,0.4983863690918042,0.8013562704714043,-0.8083782018295327
2024-09-09 03:00:00,579.7096058289469,1.715240915184495,0.6513560408232701,-1.0662027849547742
2024-09-09 04:00:00,579.7101776282565,1.760949911223065,2.6737979272575343,-1.0249254667370897
2024-09-09 05:00:00,579.7103255568355,1.752843265512638,0.7691402550701935,-0.5423090774182651
2024-09-09 06:00:00,579.7100246073123,0.5697579120310365,0.1542423117094046,1.2559751689473493
2024-09-09 07:00:00,579.7092508833284,-0.4220101168045858,0.20206799279061974,1.2006912406856114
2024-09-09 08:00:00,579.707981875552,0.12844772871210353,4.8703735674675075,0.693196828268358
2024-09-09 09:00:00,579.706196856326,-1.1279998191354252,1.3359402003725627,0.17586276243691845
2024-09-09 10:00:00,579.7038773773222,-5.486467462789051,-1.1964769800902906,-0.2509329344428352
2024-09-09 11:00:00,579.7010081972513,-3.0915438586425807,-5.3344894673437375,-1.4849748712650803
2024-09-09 12:00:00,579.6975776189839,-2.875950201669525,-6.6498578541189834,0.35823043680457445
2024-09-09 13:00:00,579.6935776370541,-3.051269234518145,-7.242754841594026,0.2204464390580786
2024-09-09 14:00:00,579.6890036032247,-2.82663058486969,-4.251680889729235,-0.8006921286259354
2024-09-09 15:00:00,579.683854247699,-2.432977875730785,-4.223456443437828,-1.3874199285303657
2024-09-09 16:00:00,579.6781317579843,-1.2995208681917347,1.3768961889906686,-1.7455070787832019
2024-09-09 17:00:00,579.671841145297,1.4614773413563853,2.8737493206181988,-2.9770678072715744
2024-09-09 18:00:00,579.6649898603188,1.921205301984969,1.8903112549027197,-2.826506417206481
2024-09-09 19:00:00,579.6575877491616,1.8871077802884884,2.1333180765037607,-2.7380136059537827
2024-09-09 20:00:00,579.6496465251926,2.2506292262477245,0.917475020453054,-2.3477507718933213
2024-09-09 21:00:00,579.6411788423297,2.987850952020608,-0.789867062643615,-2.969162731706775
2024-09-09 22:00:00,579.6321981547615,4.157137511129804,2.397621497139295,-3.03695716303056
2024-09-09 23:00:00,579.6227180601353,3.4921769730989354,4.9242288277620565,-1.7791238609962317
2024-09-10 00:00:00,579.6127520216861,4.87833806747733,1.0770475576016008,-2.518137646765149
2024-09-10 01:00:00,579.6023137689815,3.7251821067810624,0.2242234906426158,-2.6117193664052176
2024-09-10 02:00:00,579.5914179636177,5.338313740137664,0.5821847708173254,-2.5919164745726895
2024-09-10 03:00:00,579.5800803918842,4.476909189115986,0.5361588876709132,-2.0031484686710446
2024-09-10 04:00:00,579.5683171572861,5.054405541268466,2.515416363944535,-2.488139062499061
2024-09-10 05:00:00,579.5561448031494,5.656168084082083,0.801474314521025,-3.223787201752514
2024-09-10 06:00:00,579.543581368482,4.502104916877897,0.49920685504351936,-2.604893140403379
2024-09-10 07:00:00,579.5306465722696,4.483097322349522,0.6425270204755181,-2.8362709150945378
2024-09-10 08:00:00,579.5173615706287,5.026421600001754,5.017499062770236,-2.2312822334006897
2024-09-10 09:00:00,579.5037485085182,3.1356604173075766,1.5224885062450466,-2.141897432070889
2024-09-10 10:00:00,579.4898299560289,2.5369124727044436,-1.434077975819716,-3.332664452913594
2024-09-10 11:00:00,579.4756286416206,1.412931421772214,-5.156739725535936,-3.4218203378569285
2024-09-10 12:00:00,579.461167321503,-0.7140939179619181,-6.384028742489852,-2.6630446610512313
2024-09-10 13:00:00,579.4464687103311,-1.1906052011460133,-7.013348048714964,-2.1625154604700567
2024-09-10 14:00:00,579.4315556556323,-0.7171134856454273,-3.9665063968279233,-2.517935773158985
2024-09-10 15:00:00,579.4164515253162,1.5146591708918322,-4.014966035040061,-2.946144661167984
2024-09-10 16:00:00,579.401180213401,0.652688253119095,1.7469643772018388,-3.0308328437218663
2024-09-10 17:00:00,579.3857657878888,1.0962680990739955,2.6788014585154287,0.7891646545218728
2024-09-10 18:00:00,579.3702323015596,0.9611007438511479,1.4670238522067303,1.3116431023826423
2024-09-10 19:00:00,579.3546040193132,0.898631704742229,1.7074565574659295,1.1393077184787155
2024-09-10 20:00:00,579.3389055091354,1.445412667553228,0.6445972736024393,1.381084549708767
2024-09-10 21:00:00,579.3231611475729,-1.0070047453648385,-1.1010773461287702,0.7449209439207232
2024-09-10 22:00:00,579.3073945113499,-0.9691983210478838,2.38368832835577,1.0081154813421986
2024-09-10 23:00:00,579.2916277646807,1.1192759408264692,4.770076622919339,1.1890196715734849
2024-09-11 00:00:00,579.2758815729252,3.371191948782439,0.9785993728195937,1.6043271054727344
2024-09-11 01:00:00,579.2601750805159,3.627398890318659,0.29112020119233933,1.7713058279731906
2024-09-11 02:00:00,579.2445260359696,3.217555387604307,0.2602578091487567,1.6776607672772557
2024-09-11 03:00:00,579.2289503714601,2.8136061596894706,0.35657560797824167,0.7008678608722332
2024-09-11 04:00:00,579.2134624173949,3.1988156433138784,2.1886981746683523,0.7490237646228683
2024-09-11 05:00:00,579.1980752797712,3.1199370946256977,0.822597265098697,0.379390360504414
2024-09-11 06:00:00,579.1828000066797,2.836976277786789,0.7141623087399247,0.796061406793579
2024-09-11 07:00:00,579.1676456419293,2.9498986219833796,1.0840979108829973,0.8283578252043052
2024-09-11 08:00:00,579.1526191271529,2.7186118751958475,5.002803732532244,0.7159652651190144
2024-09-11 09:00:00,579.1377251704008,3.312544383712634,1.8564369307002377,0.933293515186304
2024-09-11 10:00:00,579.1229664271651,2.9227483386066524,-1.5210560216434514,-0.3146587441283914
2024-09-11 11:00:00,579.1083442474549,3.3469138955346125,-4.851007225108144,0.5457490821186668
2024-09-11 12:00:00,579.0938600707624,3.4526515629746655,-6.272340131128615,1.4758284973916311
2024-09-11 13:00:00,579.0795152226252,3.4279442628775314,-7.012311329787401,1.854851844284621
2024-09-11 14:00:00,579.0653113546307,2.6007352075616836,-3.862406317982814,1.756359755790429
2024-09-11 15:00:00,579.0512499288807,2.2519794780662323,-4.02952763054242,1.8962982235955492
2024-09-11 16:00:00,579.0373325202014,1.8244524983878136,2.0463244960208593,2.021890485389943
2024-09-11 17:00:00,579.0235614976715,1.2257703680990062,2.6890811563016674,2.0515869779278764
2024-09-11 18:00:00,579.0099401329862,-1.0981870776777214,1.436973294069643,2.9812736506219655
2024-09-11 19:00:00,578.9964723702818,-1.044177707368135,1.6369041351502294,2.720801201936055
2024-09-11 20:00:00,578.9831630532508,-0.3678784839735272,0.6435211666075353,2.5311942641151632
2024-09-11 21:00:00,578.9700179028455,-0.2978830593292514,-1.2405798715459377,3.0384450280297064
2024-09-11 22:00:00,578.9570429004698,2.487372732798349,2.395941657710915,2.829642709020951
2024-09-11 23:00:00,578.9442439274951,0.48479573605732185,4.560041246869593,1.6109190895780874
2024-09-12 00:00:00,578.9316270063578,1.4622103092397083,0.6135284587394397,1.7726342256630871
2024-09-12 01:00:00,578.9191984904872,1.5994255326695566,0.13603358322436987,1.535342393618897
2024-09-12 02:00:00,578.9069651607404,0.34046402571732415,-0.12170283880210178,-0.01572634765552429
2024-09-12 03:00:00,578.8949340055727,0.13304344973494153,0.057179402935787854,0.25484314175650474
2024-09-12 04:00:00,578.8831118297063,-1.1403492837256408,1.7206797129085392,0.20655774111074446
2024-09-12 05:00:00,578.8715048917537,-1.6522687431207714,0.7966170730756577,-0.75585322170867
2024-09-12 06:00:00,578.8601191418998,-0.050999087274362864,0.8619407276091317,-0.7810607822345409
2024-09-12 07:00:00,578.8489601901845,-0.38593085274339956,1.5065054116234764,-0.369534749064538
2024-09-12 08:00:00,578.8380333682428,1.4324941240887483,4.9566349820062054,1.3628375256622745
2024-09-12 09:00:00,578.8273434079514,0.13360305635137593,2.400238839752746,0.9988146959444439
2024-09-12 10:00:00,578.816893924012,-2.4075808128058043,-0.9963445111688001,2.1870313999626654
2024-09-12 11:00:00,578.8066869964499,0.4095024781242955,-4.343494845969367,1.4373053713951016
2024-09-12 12:00:00,578.7967232642459,-1.0337919613549502,-6.195474960388407,1.5325436574975098
2024-09-12 13:00:00,578.7870018821212,-0.9721591370994247,-7.105530166689514,1.1106874216677145
2024-09-12 14:00:00,578.7775205025229,0.10964091736695991,-3.819700421497754,2.1525390016079236
2024-09-12 15:00:00,578.7682759720295,1.0326870949382965,-4.233444792536723,2.602481725568896
2024-09-12 16:00:00,578.7592642767477,-0.5898670212859543,2.0969265050081423,2.8236762395301636
2024-09-12 17:00:00,578.7504806547739,-3.414962382968042,2.6998466278624402,4.374635100331634
2024-09-12 18:00:00,578.7419198260784,-3.7638897825258937,1.6878152051616357,4.394154751285775
2024-09-12 19:00:00,578.733576283002,-3.798855811712201,1.7799342966198364,4.965345232090344
2024-09-12 20:00:00,578.7254449119246,-4.277694053297978,0.7902579112606638,5.541991230112648
2024-09-12 21:00:00,578.7175208136373,-4.455740007479562,-1.232094464249568,5.740313658091861
2024-09-12 22:00:00,578.7097992460871,-5.949077593370021,2.300145250196337,5.54913309708657
2024-09-12 23:00:00,578.7022768667998,-5.05293121432419,4.322529432548098,4.938124914976202
2024-09-13 00:00:00,578.6949524071023,-5.322640680799964,0.21746575988068326,3.660222513816939
2024-09-13 01:00:00,578.6878263588004,-4.555571091713432,-0.11968920603719124,3.987433938950193
2024-09-13 02:00:00,578.6809009291219,-4.736955416553656,-0.5171946140251632,3.2132491014568525
2024-09-13 03:00:00,578.6741800800366,-4.259382311764625,-0.228902259765946,3.294104491493943
2024-09-13 04:00:00,578.6676694913738,-4.001244505711611,1.2437775152330868,2.789797499104843
2024-09-13 05:00:00,578.6613758676793,-4.229674172425234,0.6487518251553802,2.969546479590459
2024-09-13 06:00:00,578.6553064223782,-4.713173241051322,0.8982818165626193,4.019585002110536
2024-09-13 07:00:00,578.6494691565138,-4.426596288509359,1.6806020541344122,3.486525077861179
2024-09-13 08:00:00,578.6438730106458,-5.833978836554138,4.843710853375969,4.2263949725322805
2024-09-13 09:00:00,578.6385285097442,-6.515000353018422,2.866458820598141,3.1800130226759906
2024-09-13 10:00:00,578.6334481302144,-4.769281752119355,-0.30826371199209907,3.0340973338971224
2024-09-13 11:00:00,578.6286460913501,-5.552517114411785,-3.8567225208749982,3.930593543936688
2024-09-13 12:00:00,578.6241376565209,-3.567024669499915,-6.029256026733235,4.032143039712169
2024-09-13 13:00:00,578.6199388151772,-4.259016873125688,-7.126048389203099,3.9151264471515277
2024-09-13 14:00:00,578.6160661448391,-3.5596726169840167,-3.7145175159027155,3.748123988047642
2024-09-13 15:00:00,578.6125371601818,-3.3706876575394062,-4.473522484116586,3.631672981474292
2024-09-13 16:00:00,578.6093710926629,-2.18560817735613,2.0072226583598667,3.569014426333374
2024-09-13 17:00:00,578.6065887171134,-0.8466720873668692,2.1393425264833086,5.23074084377012
2024-09-13 18:00:00,578.6042120660537,-1.1159433159594982,2.0484094905081944,5.483321759397511
2024-09-13 19:00:00,578.602264271186,-1.161850539810871,2.092937753350309,5.976648515274612
2024-09-13 20:00:00,578.6007687360305,-3.8742632797227543,1.1207941198497626,7.052700423842401
2024-09-13 21:00:00,578.599749073365,-3.3193950850165947,-0.9874216511355112,5.397067662787127
2024-09-13 22:00:00,578.5992287206906,-2.911348426097561,2.2389901423728436,4.5831295630341815
2024-09-13 23:00:00,578.5992309134793,-3.3461851638262488,4.286260474365121,2.8606937759817175
2024-09-14 00:00:00,578.5997790788105,-6.156919902397476,-0.07620092578511811,1.853341749372141
2024-09-14 01:00:00,578.6008969435142,-5.720506886823614,-0.4257252266415394,3.1453351699510885
2024-09-14 02:00:00,578.6026087412961,-5.002271307713954,-0.7399412357665061,5.419603802184352
2024-09-14 03:00:00,578.6049390174477,-5.228504384890357,-0.31227285185480386,6.145838219297485
2024-09-14 04:00:00,578.6079124527561,-4.675707228260308,0.9836846031359154,5.454110172368382
2024-09-14 05:00:00,578.6115536941255,-4.094936337624517,0.49343086160880745,5.609951781890205
2024-09-14 06:00:00,578.6158871547576,-4.186673305976342,0.8393030488545657,3.8514831023640994
2024-09-14 07:00:00,578.620936597407,-3.0431170215459815,1.5401625592207113,3.602017864918401
2024-09-14 08:00:00,578.6267246732457,-4.206140071448203,4.609325673050335,2.500089725152205
2024-09-14 09:00:00,578.6332734627035,-2.525799758519156,2.945641613357657,2.6668846824579546
2024-09-14 10:00:00,578.6406052759602,-1.617003224911059,0.018690987743720792,4.217706961207117
2024-09-14 11:00:00,578.6487427140145,-1.2426240984800643,-3.672695651763095,3.0065770362286366
2024-09-14 12:00:00,578.6577084441836,-2.520554702314371,-6.038918170826613,0.3317644289572914
2024-09-14 13:00:00,578.6675252067172,-3.110879809745029,-7.344560035665999,0.47791463869389705
2024-09-14 14:00:00,578.6782160430039,-3.2564698489214834,-3.9361235277497135,0.8643773336673903
2024-09-14 15:00:00,578.6898041835308,-2.4354653063076057,-4.856599718319719,1.5022608410964193
2024-09-14 16:00:00,578.7023125045143,-0.5397552426210268,1.610540840665253,2.0469018974414395
2024-09-14 17:00:00,578.7157632167667,3.6729307260829955,1.8822411282419202,-7.250935071091727
2024-09-14 18:00:00,578.7301775508379,5.045074263196057,2.6476143326534167,-5.3328661466873895
2024-09-14 19:00:00,578.7455759350053,5.122720784244734,2.6741398069447775,-5.542436526194766
2024-09-14 20:00:00,578.7619777895278,4.766781163249675,1.6651734286232653,-5.373932381400701
2024-09-14 21:00:00,578.7794017215865,2.9848470781944343,-0.3834118845923447,-5.3608369151886155
2024-09-14 22:00:00,578.7978656395015,-1.5404883979415445,2.418789724561282,-7.856166966121193
2024-09-14 23:00:00,578.8173870119005,-0.6828883717993222,4.445640146394386,-10.040138786495532
2024-09-15 00:00:00,578.8379830050233,-1.3777092766880514,-0.056754035087104665,-10.983519693248159
2024-09-15 01:00:00,578.8596707638333,-1.3856175899536538,-0.6601926241215997,-8.473860549758054
2024-09-15 02:00:00,578.8824675746929,-1.6638244554753783,-0.7061815362109922,-8.262461583006464
2024-09-15 03:00:00,578.9063908072137,-1.3330213023232318,-0.1725056086147339,-6.520863896275776
2024-09-15 04:00:00,578.9314577250967,-1.3638337891584342,1.1377112794087962,-5.575335215347032
2024-09-15 05:00:00,578.957685307291,1.4002483627089077,0.4075459355386536,-5.045479605538526
2024-09-15 06:00:00,578.9850902527354,0.9135112964243035,0.7220245348117278,-2.8906260839713136
2024-09-15 07:00:00,579.0136881068879,2.1275909809208997,1.3027913677578942,-2.464070455566642
2024-09-15 08:00:00,579.0434920917575,0.2731508115333554,4.364574418216666,-6.241217321507426
2024-09-15 09:00:00,579.0745132219372,1.649114853588003,2.7613099467895674,-3.234938022314705
2024-09-15 10:00:00,579.1067603791072,2.8641441762091517,0.08271596130083489,-4.7636205166172125
2024-09-15 11:00:00,579.1402398553732,0.19860651891713132,-3.871362862469638,-3.167483511820808
2024-09-15 12:00:00,579.1749552007457,-0.288842243328304,-6.320506696465744,-3.035606260951693
2024-09-15 13:00:00,579.2109078472258,0.4636212162549782,-7.832802261086946,-2.561726802393854
2024-09-15 14:00:00,579.2480976994146,0.11726598624136386,-4.641104271733737,-2.3942594139221764
2024-09-15 15:00:00,579.2865239173384,-1.5635042318609749,-5.559181498241427,-1.383838187236038
2024-09-15 16:00:00,579.3261852331444,-2.0830959263561226,0.8637685981648141,-2.156857904953132
2024-09-15 17:00:00,579.3670801917791,-5.345552388759188,1.8716382341571876,-8.653166037177122
2024-09-15 18:00:00,579.4092074701166,-4.249390596993976,3.4011855859336806,-6.341002459056324
2024-09-15 19:00:00,579.4525660903719,-3.840184407608831,3.3885922554980414,-5.920973938261005
2024-09-15 20:00:00,579.497155416353,-1.0499689680405027,2.3408465013979036,-6.328032949710424
2024-09-15 21:00:00,579.5429750811354,-1.0947572437805775,0.4173915335591581,-4.66560937091385
2024-09-15 22:00:00,579.5900245987806,-2.544208607319547,2.8393150518745744,-4.835131043335658
2024-09-15 23:00:00,579.6383027896172,-2.550410192348636,4.760195903066905,-4.938088500335494
2024-09-16 00:00:00,579.6878080023641,1.093906912970283,0.24027118854068452,-0.9319861038750135
2024-09-16 01:00:00,579.7385381894387,2.044196201940281,-0.7073568335139873,-0.6053775578648867
2024-09-16 02:00:00,579.7904904789625,2.735492098972486,-0.6466639590477112,-1.16931861888726
2024-09-16 03:00:00,579.8436605053296,1.2276686611097603,0.012614536786615213,-1.3339437032259513
2024-09-16 04:00:00,579.8980427947382,0.5172369496638112,1.5153637858521305,-1.5106435302542272
2024-09-16 05:00:00,579.9536308983663,0.04459285321081552,0.45133095924349703,-1.0395547108206677
2024-09-16 06:00:00,580.0104177872029,-0.4100793811771837,0.5860725446413897,0.8735890493328665
2024-09-16 07:00:00,580.0683960009925,-0.5925033971086577,1.0666339732117813,0.8674734229043305
2024-09-16 08:00:00,580.1275574450395,-0.24810015047353318,4.200383059635861,0.410159645798135
2024-09-16 09:00:00,580.1878927984587,1.2039592963408268,2.5199437886951257,-0.14179588349471783
2024-09-16 10:00:00,580.249390917799,1.4985772284350105,0.08642428768786369,-0.5543924339220199
2024-09-16 11:00:00,580.312038589759,0.9511381771833385,-4.305672334659419,-1.8075044322828888
2024-09-16 12:00:00,580.3758205995138,0.4100277269739081,-6.686103544884059,0.05025521839642784
2024-09-16 13:00:00,580.4407204584539,0.7515626261996431,-8.309571871739399,-0.06271121291412679
2024-09-16 14:00:00,580.5067203215592,2.492473518317638,-5.581223348591327,-1.077970491285426
2024-09-16 15:00:00,580.5738010101293,0.49654125697065865,-6.507347231198264,-1.8329950359015634
2024-09-16 16:00:00,580.6419421143838,-0.4405247339575453,-0.10583497949580534,-1.975582400930458
2024-09-16 17:00:00,580.7111222457567,-2.824985049347333,1.7087807090672487,-3.034917905476581
2024-09-16 18:00:00,580.7813188105716,-2.9680253512279933,3.981616248609657,-2.934909707953188
2024-09-16 19:00:00,580.8525073872771,-3.005969001689664,3.9274635151995874,-2.8440019007871697
2024-09-16 20:00:00,580.9246619632589,-2.4017180957140454,2.8741266294703305,-2.4170704970151764
2024-09-16 21:00:00,580.9977553359337,-3.9311228501067035,1.179729985553502,-2.9763624713804884
2024-09-16 22:00:00,581.0717588177974,-3.3675292793532208,3.398747529301375,-2.9829770677456495
2024-09-16 23:00:00,581.1466410695816,-1.5617258937853649,5.212170261703302,-1.8970854374995796
2024-09-17 00:00:00,581.2223680374674,-5.92478822311341,0.9662907506571251,-2.8138705650109874
2024-09-17 01:00:00,581.2989031198912,-5.021699929736997,-0.4362991212095146,-2.980904068944685
2024-09-17 02:00:00,581.3762076172968,-6.487095877746697,-0.4185948375543662,-2.8005169019958136
2024-09-17 03:00:00,581.4542408303291,-8.164394429983304,0.26964423841377294,-2.2194906387595266
2024-09-17 04:00:00,581.5329601994426,-9.23857003567639,1.927012954416951,-2.5014031181831875
2024-09-17 05:00:00,581.6123214857347,-6.252810281298821,0.5120732515079446,-3.2515844559438154
2024-09-17 06:00:00,581.6922790031336,-1.3965377445980494,0.47257345608357476,-2.888314714619109
2024-09-17 07:00:00,581.7727859316864,-3.622802359588718,0.8736114345002949,-3.113595006597967
2024-09-17 08:00:00,581.8537944164317,-1.1503790959586695,4.183819390232996,-2.4872347107060224
2024-09-17 09:00:00,581.9352558412237,-3.5955611735586217,2.2936031886892576,-2.483297856354404
2024-09-17 10:00:00,582.0171210034654,-2.6365815599847338,-0.03370096167430251,-3.4168384818064035
2024-09-17 11:00:00,582.0993402786709,-0.8153749317285701,-4.769592469494677,-3.4743728774477005
2024-09-17 12:00:00,582.1818638497931,-0.6610962636476643,-7.109427572901902,-2.6513400132434457
2024-09-17 13:00:00,582.26464173765,-1.6397735275785408,-8.73631765555687,-2.12855055451461
2024-09-17 14:00:00,582.3476238412604,-0.8531275371523179,-6.448756750537044,-2.5357395535710157
2024-09-17 15:00:00,582.4307599720088,-0.6202716379527828,-7.370371715676388,-2.9701166183796275
2024-09-17 16:00:00,582.5139995740553,-1.926797628872123,-0.9979594451657303,-3.079242500017471
2024-09-17 17:00:00,582.5972916655936,-2.6959125222102784,1.4354325243595156,0.45318833225713795
2024-09-17 18:00:00,582.6805852592611,-1.243657759740472,4.197935251067755,1.195137249411658
2024-09-17 19:00:00,582.7638297691052,-1.062048565704572,4.180388909497887,1.0278298871014928
2024-09-17 20:00:00,582.8469756920696,-0.7385398121823528,3.20825832669325,1.0733057934195296
2024-09-17 21:00:00,582.929974566762,-0.6428070398512773,1.712307953746155,0.3305245193431035
2024-09-17 22:00:00,583.0127791491819,-1.5459818865303987,3.8010686975050265,0.6821340398434567
2024-09-17 23:00:00,583.0953435876407,-2.2985476629704635,5.650317922114844,0.7528861532149436
2024-09-18 00:00:00,583.1776235035543,-1.1240717913993876,1.865029602598097,1.3714186852470702
2024-09-18 01:00:00,583.2595760610507,-1.5564856448099817,-0.05100586218453026,1.4379154459438845
2024-09-18 02:00:00,583.3411598458996,-1.1634793495601343,-0.10569676180933726,1.408016265469841
2024-09-18 03:00:00,583.4223348265842,-1.2594728480394224,0.504465001483394,0.4026730199718778
2024-09-18 04:00:00,583.5030626571785,-1.4942133385584384,2.3428269332789253,0.38832374810099013
2024-09-18 05:00:00,583.5833069127104,-2.5409868447136432,0.6107272242956981,0.036952707707506194
2024-09-18 06:00:00,583.6630337025496,-2.1302312221846478,0.4001688439899427,0.4570286756451461
2024-09-18 07:00:00,583.7422116720547,-1.621775276943481,0.7687800676501403,0.5807835372386442
2024-09-18 08:00:00,583.8208113727748,-1.9601047714273818,4.281533709581227,0.24775968907139057
2024-09-18 09:00:00,583.8988057912127,-2.44051563431492,2.0703166084529614,0.49139323464936085
2024-09-18 10:00:00,583.9761703044496,-4.372492382513883,-0.3519464103604222,-0.3617315115753857
2024-09-18 11:00:00,584.0528828757281,-4.006968046583324,-5.171971366608866,0.3660565374641394
2024-09-18 12:00:00,584.1289245664599,-4.039920171564177,-7.526718258570287,1.0677138636745631
2024-09-18 13:00:00,584.2042798712015,-4.881756465187777,-9.1899653974041,1.4974419913903374
2024-09-18 14:00:00,584.2789363246594,-3.667225714983374,-7.2305649801088645,1.378854370432798
2024-09-18 15:00:00,584.3528837059729,-2.8522128508833475,-7.999923796870794,1.6492529417812027
2024-09-18 16:00:00,584.4261137618578,-3.3582654961327307,-1.5817972142063177,1.6839489484811663
2024-09-18 17:00:00,584.4986200833961,-0.5821672640075803,1.7678822457215677,2.10566493488988
2024-09-18 18:00:00,584.5703979088144,2.0868283194691912,4.213544418888949,3.2492293528274043
2024-09-18 19:00:00,584.6414437878166,2.2723033758259135,4.322114002560924,2.9841388337965267
2024-09-18 20:00:00,584.7117550737445,1.8014037345233191,3.329598742523414,2.5872424492087323
2024-09-18 21:00:00,584.7813299216052,2.356239733136931,2.1942901908858543,3.068140154371911
2024-09-18 22:00:00,584.8501674487105,1.2906877142742132,4.110353911422787,2.678790925592512
2024-09-18 23:00:00,584.9182680079041,-0.8390720942386451,5.8704134428565,1.5303906434781096
2024-09-19 00:00:00,584.9856331174759,-2.581782256904944,2.642228325087364,1.59392081434174
2024-09-19 01:00:00,585.0522656049832,-1.4953192182921384,0.32100086571035213,1.3520527475985338
2024-09-19 02:00:00,585.1181696618025,-1.5757564243114075,0.07188083293935484,-0.12429407043048393
2024-09-19 03:00:00,585.1833510473741,0.14424155366339164,0.5209319484189405,0.14147545054352123
2024-09-19 04:00:00,585.2478173976921,1.487237235877842,2.6441317518739846,0.1508136145561116
2024-09-19 05:00:00,585.3115778118658,1.154233372835165,0.7393938679051125,-0.8752050526061026
2024-09-19 06:00:00,585.3746417652275,-0.5857669436757078,0.36360007710695363,-0.8524748986588345
2024-09-19 07:00:00,585.4370187737611,-0.6204358963489085,0.8682666797191345,-0.5448495571312951
2024-09-19 08:00:00,585.4987188898816,-0.43253353703221364,4.424874449687561,1.138940197463008
2024-09-19 09:00:00,585.5597527691467,-0.17586933390577997,1.9751668445923172,0.8609497201668141
2024-09-19 10:00:00,585.6201317782886,1.7539025863998177,-0.5330778514855775,1.7590434867971347
2024-09-19 11:00:00,585.6798677908736,0.5880736443735941,-5.325070537117734,1.1871291018705392
2024-09-19 12:00:00,585.7389729686188,2.7898666202524964,-7.890761612479202,1.3819220236078937
2024-09-19 13:00:00,585.7974597891043,2.7872825271799684,-9.637285249841383,0.9125429335571452
2024-09-19 14:00:00,585.855341437897,0.6604392660915437,-7.86721137841728,1.9614306744288335
2024-09-19 15:00:00,585.9126320259943,0.48333406757342345,-8.338658157195264,2.3826920636276174
2024-09-19 16:00:00,585.969346566112,2.061847872978319,-1.7482451931813385,2.547050754091082
2024-09-19 17:00:00,586.0255007387652,5.08033776260163,1.9089979748715014,4.285163523761693
2024-09-19 18:00:00,586.0811100970451,4.494814360479381,3.97726386697112,4.6168116755043735
2024-09-19 19:00:00,586.1361898054981,4.5229492527840875,4.201977598734491,5.158883342983274
2024-09-19 20:00:00,586.1907546425806,2.481609485564036,3.269326512199285,5.658309359656026
2024-09-19 21:00:00,586.244818838602,4.0486425229715906,2.623129011187979,5.893409627238418
2024-09-19 22:00:00,586.2983963503034,3.6903797355134884,4.322253496637276,5.448970417545922
2024-09-19 23:00:00,586.3515025498466,5.042072698825336,5.810370810260333,4.906053941067763
2024-09-20 00:00:00,586.4041546391225,5.215545055535131,3.1860959907242856,3.6542043146181906
2024-09-20 01:00:00,586.456371314046,5.863163755044752,0.7187990815982538,3.971665849310968
2024-09-20 02:00:00,586.5081723867382,3.5672490466764657,0.08773195344182948,3.0368466131435494
2024-09-20 03:00:00,586.5595782053409,3.5907733605855583,0.30985872060589936,3.1897897134676185
2024-09-20 04:00:00,586.6106095332466,2.994305431990824,2.7453559824575637,2.5697290523050236
2024-09-20 05:00:00,586.6612871657653,2.383844738752259,0.9365693942646051,2.7082987012179505
2024-09-20 06:00:00,586.7116313694415,2.605480330046703,0.35743446478946345,3.8454538357223114
2024-09-20 07:00:00,586.7616618343087,2.761743646168725,1.0962590117364888,3.3003355077860257
2024-09-20 08:00:00,586.8113978994825,2.2793160418622165,4.53998296558905,4.309303093066308
2024-09-20 09:00:00,586.8608581233375,2.497294687306862,2.048397653836055,3.293449535519535
2024-09-20 10:00:00,586.9100591895483,2.0348797290984066,-0.4420852703507166,2.8571463517040177
2024-09-20 11:00:00,586.9590157864301,1.613382624695987,-5.292113666881996,3.9297152557559105
2024-09-20 12:00:00,587.0077408689672,1.3859807202003367,-8.258066652191944,4.334345063024491
2024-09-20 13:00:00,587.0562458408255,2.1488611528836827,-10.000142566461165,4.275035572751975
2024-09-20 14:00:00,587.1045413139825,1.8507751539433457,-8.086291908988555,4.020975441062699
2024-09-20 15:00:00,587.1526379379291,1.008624306288084,-8.47922545849018,3.9879632142730266
2024-09-20 16:00:00,587.2005470969436,1.6284679356325569,-1.6859229771830324,4.0169079446068565
2024-09-20 17:00:00,587.2482813143087,3.327461787456059,1.898975427796247,5.515281470439004
2024-09-20 18:00:00,587.2958543316266,2.6232989062652905,3.648710638339303,5.612136123768736
2024-09-20 19:00:00,587.3432805295015,2.5840836664990547,3.90293458739771,6.08970121660167
2024-09-20 20:00:00,587.3905738841195,2.841044579961249,3.0644133655984964,7.143968170320802
2024-09-20 21:00:00,587.4377476812663,2.165226301558164,2.9955864682291438,5.611439548946519
2024-09-20 22:00:00,587.4848140568654,2.8993034446667707,4.315486157270919,4.790396341196872
2024-09-20 23:00:00,587.5317836906823,5.21059104394476,5.632098410018727,3.3355268553543103
2024-09-21 00:00:00,587.5786654307384,4.314663441707921,3.5765237574101625,2.3801473701434883
2024-09-21 01:00:00,587.6254664386138,2.491002344519302,1.2292767072821351,3.7542545095848343
2024-09-21 02:00:00,587.6721928601922,4.0421556240991094,0.2143720469044015,5.941279468804328
2024-09-21 03:00:00,587.7188504802155,4.181071873459473,0.10749044003256358,6.592587206292474
2024-09-21 04:00:00,587.765444785713,4.606515129773356,2.6420289106638815,5.746011173849767
2024-09-21 05:00:00,587.8119811175119,7.083766967227007,1.169900731332213,5.974351183928875
2024-09-21 06:00:00,587.8584643419381,8.031235495956253,0.3634117563748125,4.19688840573093
2024-09-21 07:00:00,587.9048991745564,5.696627431025945,1.2549888560767313,3.933484538340973
2024-09-21 08:00:00,587.951290541209,6.291992074428549,4.657146818359927,2.829570566002503
2024-09-21 09:00:00,587.9976431904688,6.496495400181857,2.255624843207213,2.9602365661421346
2024-09-21 10:00:00,588.0439615167867,6.8922960674964315,-0.3897412032369357,4.3534836189537485
2024-09-21 11:00:00,588.0902496604057,6.856710592285594,-5.200846866204641,3.193886613513483
2024-09-21 12:00:00,588.1365113256389,4.971715788904135,-8.65187571861598,0.5936486040729161
2024-09-21 13:00:00,588.1827492423744,4.385493878351895,-10.246473768550926,0.7282306478246292
2024-09-21 14:00:00,588.2289648445221,3.930276560375205,-8.058514702757277,1.1792732978599805
2024-09-21 15:00:00,588.2751578388128,4.386124997350066,-8.514878921462934,1.8935960853000828
2024-09-21 16:00:00,588.3213256007238,4.091998164251436,-1.4557255193664604,2.282401754391234
2024-09-21 17:00:00,588.367463731952,0.5443040059383293,1.9919820303805076,-7.123749768270873
2024-09-21 18:00:00,588.4135666468072,2.5251092517193,3.146635393583566,-5.035311292110074
2024-09-21 19:00:00,588.4596277304116,2.551472854510962,3.37134859649332,-5.2424491814159575
2024-09-21 20:00:00,588.5056389903403,2.8968788684948095,2.6267216627485674,-5.189239521583713
2024-09-21 21:00:00,588.5515911267184,0.3826409874316141,3.1722443804966507,-5.206476494646742
2024-09-21 22:00:00,588.5974740893225,2.705729796854257,4.152175488216293,-7.735379374393
2024-09-21 23:00:00,588.6432763687762,1.8958594916726952,5.529677946608317,-9.8388138070572
2024-09-22 00:00:00,588.6889851652166,6.159537506903348,3.8914251488570364,-10.629947820976955
2024-09-22 01:00:00,588.7345864758869,7.078832843932219,1.6740907101773548,-8.097510029996442
2024-09-22 02:00:00,588.7800652698811,3.6731428740614547,0.47831451144368425,-7.711522655386247
2024-09-22 03:00:00,588.8254057686361,2.151034206405484,0.09799619511889363,-5.904436170160514
2024-09-22 04:00:00,588.8705914620889,2.8509126722320843,2.5422398769375683,-4.843744011258583
2024-09-22 05:00:00,588.9156056293335,4.077677277497628,1.4174911560662307,-4.220774062897391
2024-09-22 06:00:00,588.9604317824666,2.92760029105807,0.46990663152834045,-2.2079387050530577
2024-09-22 07:00:00,589.0050542291507,4.668195039587658,1.2720505030226337,-1.605299771761052
2024-09-22 08:00:00,589.0494581054978,3.490088763847666,4.937848050632013,-5.627394919977521
2024-09-22 09:00:00,589.0936291100797,3.688463098608395,2.4832293570639847,-2.775321565752117
2024-09-22 10:00:00,589.1375535328128,8.510854741837761,-0.4166796154184794,-4.361728659232037
2024-09-22 11:00:00,589.1812184623429,6.423880336446814,-4.932527186635325,-2.712571612154369
2024-09-22 12:00:00,589.2246118199573,3.4277311800312873,-9.027112434986558,-2.7952305650020928
2024-09-22 13:00:00,589.2677218490057,2.737568123396045,-10.488546845191959,-2.286743127209769
2024-09-22 14:00:00,589.3105367678478,4.668043954614973,-7.874797024950629,-2.3337836975121413
2024-09-22 15:00:00,589.353044687987,3.3996997545858676,-8.359731237719538,-1.323013204853228
2024-09-22 16:00:00,589.3952337037542,2.0286414443700096,-1.1494308295919649,-2.124444318532306
2024-09-22 17:00:00,589.4370916990154,-4.868430271981765,1.9124797327863359,-8.801141159819943
2024-09-22 18:00:00,589.4786060525385,-3.44413073689077,2.4150743914287487,-6.479549707076451
2024-09-22 19:00:00,589.5197637633468,-3.8906327314167584,2.5773843663240337,-6.046515398254133
2024-09-22 20:00:00,589.5605513031315,-2.5185506865653906,2.178754165905073,-6.270754782471204
2024-09-22 21:00:00,589.6009552095305,-6.113313246744838,3.124837596132421,-4.612479558918169
2024-09-22 22:00:00,589.6409620015182,-5.428352114826453,4.020634359126081,-4.933244245817959
2024-09-22 23:00:00,589.6805582408382,-4.70585665423971,5.40492346807675,-5.01962505467522
2024-09-23 00:00:00,589.7197306302808,-3.854373499960275,4.112502543623259,-1.2078596739437963
2024-09-23 01:00:00,589.7584666879306,-3.243597935914295,2.089533269000315,-0.7744020210166135
2024-09-23 02:00:00,589.796755112359,-3.3297338852554503,0.7937297377320048,-1.3507509648355545
2024-09-23 03:00:00,589.8345851651292,-3.2046112536791043,0.1997167241764891,-1.4596906356264963
2024-09-23 04:00:00,589.8719472420926,-2.611665408388717,2.4844082241434595,-1.9546900578473048
2024-09-23 05:00:00,589.908832872499,-4.594984249393178,1.6289871409757977,-1.4128357640816507
2024-09-23 06:00:00,589.9452345488844,-2.761819833571167,0.6537245737649793,0.6428607109218646
2024-09-23 07:00:00,589.9811454633845,-3.0038979714470315,1.22673551850657,0.6960169895560719
2024-09-23 08:00:00,590.0165597382165,-3.5430697662282,5.328984995952318,0.2475250320593321
2024-09-23 09:00:00,590.051473041952,-3.6288222278255944,2.675382999187357,-0.2980338133138253
2024-09-23 10:00:00,590.0858827678215,-1.8271257553274154,-0.5164727697304663,-0.742284242763653
2024-09-23 11:00:00,590.1197877684388,-2.89087724382955,-4.532060443068713,-1.9568500815404184
2024-09-23 12:00:00,590.1531880861096,-2.6188576063425444,-9.242332070150871,-0.061998409616172055
2024-09-23 13:00:00,590.1860847453241,-2.926490413932015,-10.656529509558961,-0.15306482183315373
2024-09-23 14:00:00,590.218479697688,-2.0246901830633988,-7.493248612547967,-1.1805409020766828
2024-09-23 15:00:00,590.2503761629984,-2.382986878374709,-7.9435577938669635,-2.12383149075679
2024-09-23 16:00:00,590.2817789326807,-3.078609576439476,-0.8119891551495368,-2.1211802010917826
2024-09-23 17:00:00,590.3126944766283,-3.7863201416503216,1.8610803894112933,-3.0374547243892596
2024-09-23 18:00:00,590.3431310850646,-2.726404307247549,1.6078591101491406,-3.034585887966058
2024-09-23 19:00:00,590.3730987923749,-2.867473683632511,1.6744559927494853,-2.940081101491847
2024-09-23 20:00:00,590.4026090436216,-1.692534477828417,1.8089455596399668,-2.5490201254330938
2024-09-23 21:00:00,590.4316746060266,-1.823745099394614,2.77187885237649,-2.9998083590084854
2024-09-23 22:00:00,590.4603092807017,-3.2305119283347494,3.8479145196155584,-2.8977118719825343
2024-09-23 23:00:00,590.4885265970643,-3.5635408282055323,5.2826217780563,-1.9476075469150316
2024-09-24 00:00:00,590.5163399458249,-2.898327613182346,4.034209474881118,-2.9922218075237326
2024-09-24 01:00:00,590.5437631168592,-1.8220721551842871,2.3864921592016777,-3.2481831208765266
2024-09-24 02:00:00,590.5708103602406,-2.97848957886481,0.9004176738449728,-2.9027384552206885
2024-09-24 03:00:00,590.5974956483907,-3.2638101927472007,0.30936631090702843,-2.343051766550611
2024-09-24 04:00:00,590.6238322909809,-3.921828498504283,2.628164584390302,-2.4301683768669506
2024-09-24 05:00:00,590.6498327035082,-3.017886356031795,1.8189903778590104,-3.120936725335372
2024-09-24 06:00:00,590.6755090500209,-3.8833918110427703,0.8075737113982536,-3.0696909503764185
2024-09-24 07:00:00,590.7008739954678,-3.5934074844770976,1.1194874335723657,-3.276953944562916
2024-09-24 08:00:00,590.7259396015837,-4.1339874903164855,5.622341343563054,-2.664293454830418
2024-09-24 09:00:00,590.7507162643066,-3.1939385714407535,2.8180083153916407,-2.7247860082575373
2024-09-24 10:00:00,590.7752116294635,-2.8571758122527626,-0.6733957327689106,-3.3846400844417954
2024-09-24 11:00:00,590.7994302478666,-3.2080453350555445,-4.146075431366675,-3.4053094814444336
2024-09-24 12:00:00,590.8233740664813,-4.362639495694566,-9.259240240717682,-2.581494330069029
2024-09-24 13:00:00,590.8470427322484,-3.364926662569701,-10.651133409047688,-2.0609826606310127
2024-09-24 14:00:00,590.8704331965281,-3.3864741086739514,-7.06512020408516,-2.5188388837690066
2024-09-24 15:00:00,590.8935403769025,-4.174654078465551,-7.442538007802717,-2.9163482906342844
2024-09-24 16:00:00,590.9163582870432,-2.4544884974454817,-0.43824878866471,-3.0136210009329307
2024-09-24 17:00:00,590.938880049476,-1.3087345986589298,2.0157358018145257,0.14411874736830052
2024-09-24 18:00:00,590.9610979151067,-2.1580419345168593,0.8811995336165229,1.0657444857936664
2024-09-24 19:00:00,590.9830036890266,-2.136985939461624,0.8251126337130025,0.8988696167219896
2024-09-24 20:00:00,591.0045889208805,-3.3490365483995674,1.3283350442486392,0.806112583270469
2024-09-24 21:00:00,591.0258447477311,-1.5209605955642473,2.4346054873516256,-0.009489639518507002
2024-09-24 22:00:00,591.0467612629085,0.358903169010091,3.6419107254740113,0.4024248426074996
2024-09-24 23:00:00,591.0673258037917,-0.03116552719404808,5.2665657873030325,0.40727393609927637
2024-09-25 00:00:00,591.0875235504062,-2.429133576626782,3.831676056620546,1.0399339696000713
2024-09-25 01:00:00,591.107338454712,-3.7895761316895005,2.642995888714798,1.019241788262631
2024-09-25 02:00:00,591.1267538487386,-1.570012831651411,0.8679212006721,1.0353377822407157
2024-09-25 03:00:00,591.1457515994814,-1.286575532233428,0.42328982886944516,0.047534103882674233
2024-09-25 04:00:00,591.1643109174698,-1.7992681293426358,2.9271440313701746,-0.09218681949727285
2024-09-25 05:00:00,591.182408068747,-1.7866991389847726,2.04785926376096,-0.3835681935232522
2024-09-25 06:00:00,591.2000161863606,-2.5887744423754384,0.8980474056040563,0.030710850410707063
2024-09-25 07:00:00,591.2171054279918,-3.4074150936675096,0.9100186314478509,0.21029103422783563
2024-09-25 08:00:00,591.2336435853648,-1.734859808959186,5.755662781644385,-0.28444655804987923
2024-09-25 09:00:00,591.249596436846,-2.8262327814729815,2.943802214748359,-0.007165870121287377
2024-09-25 10:00:00,591.2649286167867,-4.677782702966283,-0.8150508833023443,-0.4220950305180558
2024-09-25 11:00:00,591.2796039184511,-3.8795227323682866,-3.821303959307304,0.12122277322453734
2024-09-25 12:00:00,591.2935848712359,-4.84072895681004,-9.313922196907264,0.6610662824813052
2024-09-25 13:00:00,591.3068324985488,-4.3551880554009585,-10.63675682868092,1.0951123855330376
2024-09-25 14:00:00,591.3193069151494,-3.729140832717235,-6.857759048586235,1.0075929661540766
2024-09-25 15:00:00,591.3309681333803,-3.6757474993377173,-7.101861349108558,1.4266407150658678
2024-09-25 16:00:00,591.3417763519246,-1.8891570146656704,-0.1748325658152404,1.3922132285562612
2024-09-25 17:00:00,591.3516920824377,4.541554245602583,2.3576646374373347,2.2590890345224195
2024-09-25 18:00:00,591.3606760833591,5.962369891108779,0.3969335977301533,3.43002042780203
2024-09-25 19:00:00,591.3686897080443,6.311766206551965,0.21357339085850488,3.155970694545162
2024-09-25 20:00:00,591.3756954041353,7.774867184307595,0.8301675625146447,2.6492698490424704
2024-09-25 21:00:00,591.381656684554,4.829380519390952,1.915908035479325,3.0330547605757796
2024-09-25 22:00:00,591.3865384983529,6.840146078930388,3.606397663965234,2.446917758751354
2024-09-25 23:00:00,591.3903073644018,5.192127029559629,5.50451679847409,1.4730488075643584
2024-09-26 00:00:00,591.3929317021566,4.584646104931835,3.5824495183303555,1.369972674581113
2024-09-26 01:00:00,591.3943820872112,3.8920050928138608,2.689394716354879,1.1142181036201233
2024-09-26 02:00:00,591.3946313043804,4.898516819292695,0.6978205409259287,-0.2009686645990473
2024-09-26 03:00:00,591.3936545867381,4.106167992087421,0.4523769786909515,0.07780044248350185
2024-09-26 04:00:00,591.3914296416459,1.6217998348461151,3.3243708321639867,0.15239969134409653
2024-09-26 05:00:00,591.3879368998884,2.4179814333115246,2.483023671900758,-0.8989420051006844
2024-09-26 06:00:00,591.3831597325849,3.6640585337945595,1.0234225347662904,-0.8306408011457106
2024-09-26 07:00:00,591.3770845976244,3.2462473940446444,0.7677425451259184,-0.6210745367949124
2024-09-26 08:00:00,591.3697011515748,4.417992865920155,5.934051220570395,1.0082547619347206
2024-09-26 09:00:00,591.3610025826232,3.0104804410382258,3.213815198886282,0.8147017774521934
2024-09-26 10:00:00,591.3509856029239,3.893688278371542,-0.7240105121068664,1.4893366308114044
2024-09-26 11:00:00,591.3396507423217,4.4305998476014565,-3.3514556579816954,1.0212050680585243
2024-09-26 12:00:00,591.3270035230103,4.985971455657477,-9.263437754856671,1.4104627761889454
2024-09-26 13:00:00,591.3130543882695,4.671941635055305,-10.579246549655606,0.8442505263308633
2024-09-26 14:00:00,591.2978182411854,5.572626527455441,-6.827853751454735,1.727408982813878
2024-09-26 15:00:00,591.2813149302757,5.236051351977494,-6.813183981950653,2.0658176996973427
2024-09-26 16:00:00,591.2635696921997,3.996640457839135,0.02116668169116579,2.20862316827003
2024-09-26 17:00:00,591.2446127486446,3.5396144053767102,2.6940219385606423,4.271750907417978
2024-09-26 18:00:00,591.2244790588446,2.4703617011350616,-0.002415208812621117,4.837574448832945
2024-09-26 19:00:00,591.2032079514917,2.805208682621469,-0.33833962115650185,5.349922987043292
2024-09-26 20:00:00,591.1808420713858,5.465430306791404,0.3017611026329418,5.771966519189939
2024-09-26 21:00:00,591.1574266341698,4.352995838494053,0.8428459635524047,6.096731563783805
2024-09-26 22:00:00,591.1330082244642,4.461343064278481,3.5619838570938422,5.483664854163364
2024-09-26 23:00:00,591.1076326982229,4.293150873234708,5.770648256928832,4.88856817161359
2024-09-27 00:00:00,591.081344866714,4.217394218110485,3.3855157845427204,3.795745130632941
2024-09-27 01:00:00,591.0541883052122,4.055202472995802,2.5776573034362533,4.112951918355782
2024-09-27 02:00:00,591.0262050879783,3.9054321024218552,0.3950270238902482,2.933335785709523
2024-09-27 03:00:00,590.997435692749,5.4354089183837,0.24453730870261467,3.112618080164541
2024-09-27 04:00:00,590.9679188592437,7.12378973405373,3.613313362804935,2.3949780438977166
2024-09-27 05:00:00,590.937691660062,6.360130846706284,2.813846771582962,2.4783307216488537
2024-09-27 06:00:00,590.9067895234147,6.990817580658586,1.1956629412809665,3.6767299546458436
2024-09-27 07:00:00,590.8752462032074,7.636670824186467,0.8186504809724755,3.1894324916336103
2024-09-27 08:00:00,590.8430936237299,6.235897112079897,6.159084353935217,4.311924910254913
2024-09-27 09:00:00,590.8103619046019,6.6144928320071585,3.5408069271258613,3.3143383362649845
2024-09-27 10:00:00,590.7770793956836,12.092871796460372,-0.8909966125953475,2.6810454204513916
2024-09-27 11:00:00,590.7432724718582,7.153676859693974,-3.1137964319928297,3.9068471004407344
2024-09-27 12:00:00,590.7089654410464,6.16795539573161,-8.814466826373481,4.5875459895955215
2024-09-27 13:00:00,590.6741805027203,5.994150060200582,-10.25614933524522,4.577818772324361
2024-09-27 14:00:00,590.6389373578083,6.568518118870884,-6.580315648792487,4.27286017211331
2024-09-27 15:00:00,590.6032521950516,6.2127106292485905,-6.418087854296455,4.292125029996344
2024-09-27 16:00:00,590.5671378436863,6.090405015012948,0.3873215936972181,4.465135547603498
2024-09-27 17:00:00,590.5306038865504,-0.8371775275935534,3.0619028616252195,5.584670779418047
2024-09-27 18:00:00,590.4936565854334,-0.39281786602748525,-0.2717835642320968,5.600944844826154
2024-09-27 19:00:00,590.4562986082535,0.11875191251976958,-0.705940970105324,6.040890449331995
2024-09-27 20:00:00,590.418529471901,1.1607176568816158,-0.1593024753824022,7.040055346599826
2024-09-27 21:00:00,590.3803460199815,2.3821844586312864,-0.16079890331553143,5.628268424702702
2024-09-27 22:00:00,590.3417434808855,1.836258032884416,3.3032396885062427,4.818758797723817
2024-09-27 23:00:00,590.3027158841612,3.7034826491109243,5.783725276627771,3.6100761900999703
2024-09-28 00:00:00,590.2632561444415,4.437632646121074,3.1314840568725217,2.727627152564849
2024-09-28 01:00:00,590.2233555538169,5.751680401430576,2.2918974448639666,4.14306659988859
2024-09-28 02:00:00,590.1830039208903,4.3276780941598645,0.06249454201615804,6.126823442933771
2024-09-28 03:00:00,590.1421898594035,3.835987938805033,-0.12109964569917403,6.8029218474905875
2024-09-28 04:00:00,590.1009008131948,4.627910657978077,3.5031325538498246,5.868055974977341
2024-09-28 05:00:00,590.0591235279287,5.076837462271328,2.456335481817148,6.077703527982707
2024-09-28 06:00:00,590.01684311409,2.7399084867746524,1.2918708931274416,4.27137750600793
2024-09-28 07:00:00,589.9740432859959,2.9811576752620113,0.947123571311289,3.967675467430782
2024-09-28 08:00:00,589.9307084935821,2.782701277530464,6.198825713771689,2.9277645151157583
2024-09-28 09:00:00,589.8868244016113,4.268016880837649,3.68857191428823,2.976586803262841
2024-09-28 10:00:00,589.8423772387015,6.405999555390508,-1.0856384955741687,4.117261701482154
2024-09-28 11:00:00,589.7973538768487,4.978392220617138,-3.1639590327556997,2.968212935289893
2024-09-28 12:00:00,589.7517429154674,2.7940149651188904,-8.136218210391586,0.460460329805334
2024-09-28 13:00:00,589.7055346031077,3.0927947338693684,-9.699206551234132,0.6408772142570573
2024-09-28 14:00:00,589.6587203831998,1.6137966241236654,-5.96696369620617,1.2344466888826648
2024-09-28 15:00:00,589.6112919523555,3.371041888278455,-5.836070953468169,2.0537371128342294
2024-09-28 16:00:00,589.5632407496954,2.839232300301319,1.138552885580314,2.2889740644230168
2024-09-28 17:00:00,589.5145578042241,3.474108193422012,3.260731856317812,-6.989397853963877
2024-09-28 18:00:00,589.4652344812932,2.3820374039964918,0.024539105618356302,-4.791810990908109
2024-09-28 19:00:00,589.4152631631466,2.7506756926825346,-0.3669080106936311,-5.019030845135561
2024-09-28 20:00:00,589.364637252046,2.87869008664336,-0.1447769975713893,-5.068550341117968
2024-09-28 21:00:00,589.3133513543436,2.377484335976078,-0.560101549443207,-5.1407341408764475
2024-09-28 22:00:00,589.2614005358944,5.476252209524773,2.787696289106899,-7.675349034525971
2024-09-28 23:00:00,589.208778852277,8.155395062328239,5.348136084874151,-9.62230999947924
2024-09-29 00:00:00,589.1554791407987,4.309373683652325,2.638325655302389,-10.283178479753389
2024-09-29 01:00:00,589.1014932697423,4.307570691050614,1.7027953059457208,-7.791859266738531
2024-09-29 02:00:00,589.0468124116657,10.516550458179267,-0.45972424151961405,-7.10363862832522
2024-09-29 03:00:00,588.9914269830311,8.98968203352888,-0.6404165319051932,-5.320692484654894
2024-09-29 04:00:00,588.935326622767,8.617905311615573,3.152033869449907,-4.1752658038324935
2024-09-29 05:00:00,588.878500143187,9.203650923601344,1.794007669223136,-3.416158736011422
2024-09-29 06:00:00,588.8209358984982,4.8619264940978155,1.2813431583332322,-1.6342055509291862
2024-09-29 07:00:00,588.7626219797502,3.7667767605936433,1.0529950811276825,-0.8823938214715595
2024-09-29 08:00:00,588.7035468968771,14.583376928718508,5.996698418645445,-4.933622244241036
2024-09-29 09:00:00,588.6436998333259,7.136242973176877,3.6888044772931656,-2.3387472837958567
2024-09-29 10:00:00,588.5830700781663,8.256583546786601,-1.1527984864113185,-3.9068551385416
2024-09-29 11:00:00,588.521647294782,7.127256340438407,-3.455117552141926,-2.2537860830784364
2024-09-29 12:00:00,588.4594217349643,8.394296625889865,-7.578852131178912,-2.6948662296751666
2024-09-29 13:00:00,588.3963839097621,6.748371856221979,-9.216947039203244,-2.0878087267808207
2024-09-29 14:00:00,588.3325240958228,6.39245053804018,-5.364350376939918,-2.31062425692316
2024-09-29 15:00:00,588.267831778826,8.061502950101726,-5.228064454756323,-1.4512702741713803
2024-09-29 16:00:00,588.2022956477364,7.092191239046656,1.9872084935235244,-2.2616953803065707
2024-09-29 17:00:00,588.1359041854221,-9.555719286689396,3.4042385566127433,-8.84442345534546
2024-09-29 18:00:00,588.0686464432345,-9.84827015229314,1.069176501984218,-6.429552792925467
2024-09-29 19:00:00,588.0005130432983,-10.652794259730967,0.7122711668823096,-5.989989950449557
2024-09-29 20:00:00,587.9314967124072,-11.103450488360068,0.2741014642517889,-6.002147688298864
2024-09-29 21:00:00,587.8615920157259,-9.854751801945099,-0.4039427476182967,-4.44289746616257
2024-09-29 22:00:00,587.7907956551402,-9.197843098355861,2.3413341910004886,-4.924286747784794
2024-09-29 23:00:00,587.7191073440027,-8.01449255763896,4.9040547833698,-4.918669569733498
2024-09-30 00:00:00,587.6465295087738,-9.139524724706348,2.057709445037965,-1.314714229105476
2024-09-30 01:00:00,587.5730671658298,-11.608848308907909,0.9126971143900982,-0.7969159713118823
2024-09-30 02:00:00,587.4987279286785,-9.37526017789537,-0.9879591815413407,-1.3455085692418007
2024-09-30 03:00:00,587.4235218516037,-8.236614430307668,-1.175143837138143,-1.4417635841577463
2024-09-30 04:00:00,587.3474611358718,-5.534896359018717,2.707249851921551,-2.2598146287746754
2024-09-30 05:00:00,587.2705600996409,-4.511870095683435,1.177169699462497,-1.565859703420009
2024-09-30 06:00:00,587.1928362934887,-6.622794208636037,1.1413488721263196,0.5686090430211005
2024-09-30 07:00:00,587.11431044196,-7.331681734251788,1.0179446500087543,0.6694266422829949
2024-09-30 08:00:00,587.0350059212777,-5.644275938156284,5.6337056946823205,0.20556432219623508
2024-09-30 09:00:00,586.9549483605842,-5.845086466783869,3.4977154457391344,-0.28757733953938674
2024-09-30 10:00:00,586.8741655263686,-6.8657148391012015,-1.4294406223106235,-0.7390100649567762
2024-09-30 11:00:00,586.7926868169196,-5.785241290069962,-4.1052440705962345,-1.932201456253414
2024-09-30 12:00:00,586.7105425548016,-6.256458965324896,-7.3256957242347545,0.06161213475811362
2024-09-30 13:00:00,586.6277640309205,-7.072466255258064,-8.985439899045536,-0.009857876616921363
2024-09-30 14:00:00,586.544384224864,-7.821791472649807,-4.997071936069506,-1.1155208161447354
2024-09-30 15:00:00,586.4604375168061,-8.632156586788597,-4.745642871628449,-2.2026380583891343
2024-09-30 16:00:00,586.3759593554195,-9.17554497119022,2.74567062925897,-2.146085013488287
2024-09-30 17:00:00,586.2909860549909,-2.7673359167661147,3.542605831215093,-2.9662559694397643
2024-09-30 18:00:00,586.2055546251162,1.4521204760693536,2.411436743447563,-3.0491118446330856
2024-09-30 19:00:00,586.1197032308927,1.8521067377951113,2.0521674033772594,-2.943977372064947
2024-09-30 20:00:00,586.0334719390811,2.3847987729133138,0.9680060571191158,-2.6462767691135936
2024-09-30 21:00:00,585.9469030326924,0.7384419350277085,-0.019665796720884848,-2.955679170999173
2024-09-30 22:00:00,585.860040200803,-0.5781949579570664,2.13678459173002,-2.7586298345760514
2024-09-30 23:00:00,585.772928509616,-0.4908612219628594,4.6279801811767305,-1.9400474688298586
2024-10-01 00:00:00,585.6856141260585,-1.8389133297447415,1.574670743319553,-3.051371539633213
2024-10-01 01:00:00,585.5981440586456,-2.3555060194062207,0.08640285902845948,-3.4090408982678864
2024-10-01 02:00:00,585.5105658450965,-2.4888643333547407,-1.2843130033261307,-2.8973885084155864
2024-10-01 03:00:00,585.4229277424967,-4.506167990909489,-1.5196552485148802,-2.427104503072195
2024-10-01 04:00:00,585.3352785621506,-5.571321016539059,2.08842379374914,-2.352381339360649
2024-10-01 05:00:00,585.2476672648729,-5.616769434697062,0.5052697119364205,-2.946167542112269
2024-10-01 06:00:00,585.1601429971977,-5.254769204498416,1.032175259654673,-3.19754905235391
2024-10-01 07:00:00,585.072754568456,-3.9082189586879394,0.8874147668671365,-3.3519503766351373
2024-10-01 08:00:00,584.9855498169478,-3.6890028393886496,5.2824318956065754,-2.7789788731657703
2024-10-01 09:00:00,584.8985751263575,-4.215795105224629,3.1555897924852716,-2.868369813618021
2024-10-01 10:00:00,584.8118752037062,-4.116911144991263,-2.162093837817602,-3.2828702208974194
2024-10-01 11:00:00,584.7254926935246,-3.922756318749748,-5.001975233937244,-3.2907611408376307
2024-10-01 12:00:00,584.6394677336125,-1.727634312167197,-7.139841522710524,-2.4819918987348264
2024-10-01 13:00:00,584.5538375895457,-0.856263594772372,-8.786067428281994,-1.9815065664914104
2024-10-01 14:00:00,584.4686372134825,0.22498110015692419,-4.615355328418455,-2.4382629852209736
2024-10-01 15:00:00,584.3839018524266,-1.7114429368801893,-4.356655331721105,-2.8258035838252846
2024-10-01 16:00:00,584.2996680915334,-0.8936018860840704,3.406234622863439,-2.8623008283126055
2024-10-01 17:00:00,584.2159740787324,-2.2931651708377103,3.629552330416918,-0.05236123831160923
2024-10-01 18:00:00,584.1328593250407,-0.9627336243599984,3.7276812082184216,0.9321930911008466
2024-10-01 19:00:00,584.0503643837429,-0.9785144054915236,3.4076106898662037,0.760539331882285
2024-10-01 20:00:00,583.9685310850988,-1.7977624368738816,1.8806705090525215,0.5385608427226626
2024-10-01 21:00:00,583.8874022628224,-1.0077074066429077,0.5113653888678427,-0.2910602450472783
2024-10-01 22:00:00,583.8070214242556,-2.7737141359459656,2.0249937674973335,0.23169894419299222
2024-10-01 23:00:00,583.727432494334,-3.6847733733260384,4.2615469664291,0.24579391256283395
2024-10-02 00:00:00,583.6486800275011,-3.399530852057069,1.266095752890994,0.6647550716649127
2024-10-02 01:00:00,583.570808816788,-3.693092169022407,-0.6133827389306195,0.5656660911649491
2024-10-02 02:00:00,583.4938629068638,-1.7889101408727583,-1.368713982244555,0.6437612162535448
2024-10-02 03:00:00,583.417885682213,-0.5027292189362242,-1.5655929788000895,-0.2995634844767419
2024-10-02 04:00:00,583.3429201656504,-0.5909518626660883,1.3917651524845074,-0.583733455468888
2024-10-02 05:00:00,583.2690089177767,-1.2798193926199701,-0.28649501905024166,-0.8226945061064966
2024-10-02 06:00:00,583.1961942235947,1.8273629311685227,1.003090809150943,-0.4066479639142185
2024-10-02 07:00:00,583.1245177895998,2.018922165008348,0.7615869158071216,-0.1950268704152357
2024-10-02 08:00:00,583.0540206552679,1.1968046848030554,4.898188455728484,-0.7590137957994656
2024-10-02 09:00:00,582.9847433370263,1.8330404390453623,2.6148065509125513,-0.4525903269842348
2024-10-02 10:00:00,582.9167258757252,3.224342374675416,-2.95680308866638,-0.4142651617343187
2024-10-02 11:00:00,582.8500077873887,2.9882845142763017,-6.078370938328628,-0.08992136333647156
2024-10-02 12:00:00,582.7846280030045,3.269956919286642,-7.135679644834861,0.3110947225437512
2024-10-02 13:00:00,582.7206247108586,3.996655874482144,-8.685743936550102,0.7084633512093735
2024-10-02 14:00:00,582.6580350732137,2.828684470401072,-4.137961753692165,0.651242210077405
2024-10-02 15:00:00,582.5968949190963,2.227482857727864,-4.1072539460872,1.2528761692631032
2024-10-02 16:00:00,582.5372384620314,1.9662383673279464,3.9556922318755996,1.2008309387650429
2024-10-02 17:00:00,582.4790985160472,-1.276459187805358,3.725394728786429,2.40196594297175
2024-10-02 18:00:00,582.4225069721125,-0.8939993158920743,4.875497471039167,3.4859948727404824
2024-10-02 19:00:00,582.3674949460353,-1.1056242411037829,4.6443129169276975,3.1938163781408213
2024-10-02 20:00:00,582.3140926255845,-1.567208469723255,2.8006524051013124,2.6724634390373723
2024-10-02 21:00:00,582.2623291940563,-2.040632275631424,1.140711047941899,2.9575920336333277
2024-10-02 22:00:00,582.2122326844162,-3.201376636216537,1.9015804111516128,2.177563540648744
2024-10-02 23:00:00,582.1638299964626,-1.5379501155277921,3.7140277347667285,1.420092384298418
2024-10-03 00:00:00,582.1171472206956,-1.6776983153396259,1.1847171153954497,1.1758339792485026
2024-10-03 01:00:00,582.0722095474672,-1.6368497105986535,-0.9688800905172862,0.8835202536486868
2024-10-03 02:00:00,582.0290407914836,-2.7653241793791494,-1.1410578437028551,-0.24265876840162207
2024-10-03 03:00:00,581.9876632395362,-2.977237649519452,-1.2615513760758656,0.011125786059062026
2024-10-03 04:00:00,581.948097367044,-1.6437042404763815,0.9440917379195246,0.1815151355128111
2024-10-03 05:00:00,581.9103614948791,-2.1734597698692824,-0.6219329153978679,-0.844968809611892
2024-10-03 06:00:00,581.8744719280181,-3.5173893488739623,0.9169209228928448,-0.6840035020369895
2024-10-03 07:00:00,581.8404422777975,-2.508529893098057,0.5350979858675028,-0.5670103705669729
2024-10-03 08:00:00,581.8082813662274,-5.241922242076043,4.473597077533755,0.9800437983147441
2024-10-03 09:00:00,581.7779943909562,-3.6855723660306694,2.0046450436615864,0.8729329314127812
2024-10-03 10:00:00,581.7495835990859,-4.555921829283648,-3.4638847795196375,1.4402230097173634
2024-10-03 11:00:00,581.7230481877665,-3.3600522372980777,-7.057481422241523,0.9544854717730518
2024-10-03 12:00:00,581.698383984483,-4.454461033605639,-7.473740117463489,1.5698171665861518
2024-10-03 13:00:00,581.6755833273508,-3.7477361775929694,-8.804493108684959,0.906645958927076
2024-10-03 14:00:00,581.6546347353819,-5.0233125279531805,-3.976089595927447,1.5047673884986073
2024-10-03 15:00:00,581.6355222147483,-1.7203366280695036,-4.039235943649202,1.7240503569703303
2024-10-03 16:00:00,581.6182254682194,-1.9924542190731245,4.033370439900491,1.8708583109531396
2024-10-03 17:00:00,581.6027201816418,-2.9132241511009624,3.783491089896965,4.337012879562157
2024-10-03 18:00:00,581.5889784797168,-0.5000366820308955,5.609812775471711,5.051245426842323
2024-10-03 19:00:00,581.5769693749135,-0.6357630057188999,5.448583806362511,5.540209824442827
2024-10-03 20:00:00,581.5666588569742,-0.5325804406661518,3.4260389059198606,5.8798826777720725
2024-10-03 21:00:00,581.5580103759717,-0.865909538400274,1.589448331663532,6.328450830765113
2024-10-03 22:00:00,581.5509846301701,-0.8144540070443327,2.008900764443595,5.664568612430549
2024-10-03 23:00:00,581.5455389638707,-0.322239879464405,3.2963059371284524,4.890394978465245
2024-10-04 00:00:00,581.5416276855078,-3.1565748171224186,1.3321136618946527,4.012833469719904
2024-10-04 01:00:00,581.5392024197976,-4.108420531095362,-0.9066039216104836,4.335822032908199
2024-10-04 02:00:00,581.5382123676442,-1.6733791559709061,-0.8101143777920049,2.885281166118872
2024-10-04 03:00:00,581.5386042137643,-1.6255742046570276,-0.9012217183213374,3.0881917092141165
2024-10-04 04:00:00,581.5403222610304,-1.7681311644213338,0.8781080753886764,2.3297008280022724
2024-10-04 05:00:00,581.5433090856409,-1.4313426323665226,-0.5048166030173223,2.352850149742965
2024-10-04 06:00:00,581.5475059818915,-0.6087774892920379,0.8920398706838182,3.539231636716803
2024-10-04 07:00:00,581.5528529693495,-0.9944580612358322,0.3946204429961676,3.1569846488901825
2024-10-04 08:00:00,581.5592885765235,-0.6691245237908561,4.23031193190516,4.289524015362152
2024-10-04 09:00:00,581.5667506262803,0.06202992891417125,1.6657812905651677,3.295438154240401
2024-10-04 10:00:00,581.575176491289,-0.428148700004499,-3.6297848690622914,2.5027570777777792
2024-10-04 11:00:00,581.5845033031281,-0.949658833073272,-7.60607201342057,3.891227543365637
2024-10-04 12:00:00,581.5946680294006,1.0007093960152815,-7.682467932019816,4.77709050660393
2024-10-04 13:00:00,581.6056080143615,1.6163879056142605,-8.904489464463369,4.822493544487621
2024-10-04 14:00:00,581.6172610266158,1.1688339078505123,-4.104457400150839,4.478362465684509
2024-10-04 15:00:00,581.629565803975,3.7345461079627285,-4.1666329779806155,4.532521066042906
2024-10-04 16:00:00,581.6424619638382,2.2663640225065365,3.6383655603137703,4.842808453341546
2024-10-04 17:00:00,581.6558899255839,-2.2063543580055693,3.638636855328681,5.431827577093071
2024-10-04 18:00:00,581.6697911713226,-1.9414984556009358,5.537631664920745,5.404075619357576
2024-10-04 19:00:00,581.6841089266374,-1.8998663011022927,5.44563907015463,5.800118304310344
2024-10-04 20:00:00,581.6987884662635,-1.3303192738080725,3.492510735378925,6.769020072165641
2024-10-04 21:00:00,581.7137766400083,-2.481776558299771,1.638389975312154,5.439609942979303
2024-10-04 22:00:00,581.7290231162197,-2.7735141502853367,2.3503057386637605,4.614185295401884
2024-10-04 23:00:00,581.7444803790273,-3.40112210417567,3.221745284112986,3.6448964410353595
2024-10-05 00:00:00,581.7601020373751,-2.372489461053192,1.650460383137869,2.8719270405402253
2024-10-05 01:00:00,581.7758430967856,-3.0649677481040953,-0.6348918093135928,4.314016460632098
2024-10-05 02:00:00,581.7916603180281,-1.4391969514776974,-0.41566971394285657,6.003206347392457
2024-10-05 03:00:00,581.8075124239429,-0.43142394426593,-0.47655065839101385,6.820462178714156
2024-10-05 04:00:00,581.8233612832345,-3.7261526534570066,1.156125770284839,5.836665599937711
2024-10-05 05:00:00,581.8391718266412,-1.8541894113385524,-0.06565248038559178,5.970670065082957
2024-10-05 06:00:00,581.8549101231996,-1.7616744818288907,0.9557091721129919,4.071055186516357
2024-10-05 07:00:00,581.870544883033,-2.6374019675199634,0.3415381325073892,3.6953189519796292
2024-10-05 08:00:00,581.886047960323,-3.931603655789445,4.171492464833175,2.7740632306333124
2024-10-05 09:00:00,581.9013946527932,-6.684725725910198,1.5069044373236866,2.706426635793288
2024-10-05 10:00:00,581.9165636368142,-10.488917664198766,-3.5370842883321223,3.6494383157166372
2024-10-05 11:00:00,581.9315378306792,-5.706605919404524,-7.745259616492561,2.470327705217933
2024-10-05 12:00:00,581.9463048466398,-4.7647981429639685,-7.762585907518404,0.011079203842556973
2024-10-05 13:00:00,581.9608568630603,-3.8489328041266617,-8.982647439997457,0.2407233810638101
2024-10-05 14:00:00,581.9751908258283,-2.1923340409180128,-4.494675380743811,1.0818185958334674
2024-10-05 15:00:00,581.9893062454025,-3.545025324267499,-4.494946117729755,1.980665196594721
2024-10-05 16:00:00,582.0032045849312,-3.087620122641738,2.9572328509848953,2.087182686725719
2024-10-05 17:00:00,582.0168889383963,-0.5000237129481775,3.241870989551733,-6.918736214999878
2024-10-05 18:00:00,582.0303634422171,-1.8955136086254925,5.161292358339519,-4.776142191931149
2024-10-05 19:00:00,582.0436330077811,-2.0328948322545557,5.177047505882846,-5.037785681409381
2024-10-05 20:00:00,582.0567032422497,-1.8867833140369612,3.3304199150253786,-5.08033984323812
2024-10-05 21:00:00,582.0695802419611,-1.57037019005179,1.4364924003371347,-5.1657024522464985
2024-10-05 22:00:00,582.0822703861829,-2.649207164483073,2.527246903022624,-7.660310124722495
2024-10-05 23:00:00,582.0947802275552,-3.8036691271365726,3.293619806379029,-9.364730906797718
2024-10-06 00:00:00,582.1071159567102,0.2653241803571973,2.097633296363042,-9.890073433430471
2024-10-06 01:00:00,582.1192833853971,-0.03416541199032963,-0.13045509541734623,-7.514662877989441
2024-10-06 02:00:00,582.1312884540732,-1.180940276725778,0.05082380321638441,-6.431171980563868
2024-10-06 03:00:00,582.1431373989926,-1.9848623677397654,0.03867029585882107,-4.706945327111558
2024-10-06 04:00:00,582.154836468612,-2.044953525711776,1.5329715505384476,-3.5928544934387143
2024-10-06 05:00:00,582.1663924533394,-2.7774622010980465,0.4664193924907993,-2.7453496447322405
2024-10-06 06:00:00,582.1778133256365,-4.808709825867936,0.9652946172795811,-1.2543981170481027
2024-10-06 07:00:00,582.1891081437848,-5.23611780270619,0.304278421609712,-0.43726876268829984
2024-10-06 08:00:00,582.2002857155871,-2.135831420649424,4.227804586083394,-4.212258881021079
2024-10-06 09:00:00,582.2113542728231,-4.2391835749753,1.4459055270413363,-1.9580762248890557
2024-10-06 10:00:00,582.2223213615761,-4.136162543444698,-3.284508268719445,-3.411650549411869
2024-10-06 11:00:00,582.2331937342204,-4.2023212654921736,-7.627915514499099,-1.8329569542290363
2024-10-06 12:00:00,582.2439769024603,-4.354076939768106,-7.726879577977868,-2.773020384714299
2024-10-06 13:00:00,582.2546747055238,-3.6327294110168395,-8.914892793509607,-2.0470525009974674
2024-10-06 14:00:00,582.2652894003718,-3.0248211051518865,-4.842713140496496,-2.337755154723456
2024-10-06 15:00:00,582.2758227840511,-0.534725892361962,-4.872360736692238,-1.6787361549968578
2024-10-06 16:00:00,582.2862772034423,-0.8969887194765533,2.2707172559526194,-2.540005739918368
2024-10-06 17:00:00,582.296656375888,1.8537002267156595,2.702033215510438,-8.83238981811422
2024-10-06 18:00:00,582.3069670393962,-0.8040749745833864,4.66672362382921,-6.249615688642009
2024-10-06 19:00:00,582.3172188727235,-0.8489582493664329,4.787986988007993,-5.816247611365079
2024-10-06 20:00:00,582.3274238563822,-1.5145698529300944,3.02471274879098,-5.647566752243048
2024-10-06 21:00:00,582.3375958804932,0.43717618695893634,1.083557499597273,-4.228329567049363
2024-10-06 22:00:00,582.3477496850849,2.279411602193022,2.4122375051501126,-4.81939879242788
2024-10-06 23:00:00,582.3578993786023,0.769257000749576,3.3185007958211092,-4.745657175172926
2024-10-07 00:00:00,582.3680579038019,2.2167522506431396,2.4888599830393012,-1.3736701374843128
2024-10-07 01:00:00,582.3782364809347,1.8422455920040193,0.3931082717038172,-0.8335903446425609
2024-10-07 02:00:00,582.3884442730603,0.9670947545605486,0.34128151814195634,-1.316820545762766
2024-10-07 03:00:00,582.3986884282148,0.7589674813581269,0.5067724690727071,-1.4144283786456926
2024-10-07 04:00:00,582.4089744483153,2.3356498162075923,1.8709857902722487,-2.4456100547952495
2024-10-07 05:00:00,582.4193061184726,2.656842822035969,0.8983429975635158,-1.57449193807213
2024-10-07 06:00:00,582.4296851076733,4.221556353353321,0.9606750775998224,0.5680834613734935
2024-10-07 07:00:00,582.4401109746223,4.480529203592823,0.3514362203679472,0.6879236014170074
2024-10-07 08:00:00,582.4505822877686,4.0668831868221105,4.462753114072388,0.22978141133694974
2024-10-07 09:00:00,582.4610974328964,4.412519604181398,1.5621384316872926,-0.245755468765032
2024-10-07 10:00:00,582.4716551082574,3.057341693783087,-2.95739578065737,-0.5916010213831007
2024-10-07 11:00:00,582.4822544224011,3.5142132072701315,-7.338176085269363,-1.7882915444018468
2024-10-07 12:00:00,582.492895134543,5.476013779223308,-7.562459285918033,0.35355037215170515
2024-10-07 13:00:00,582.5035769066542,5.54355500563031,-8.774771697219018,0.29763978493455917
2024-10-07 14:00:00,582.5142990630156,4.0192986453581625,-4.986223610091453,-0.987374098282464
2024-10-07 15:00:00,582.5250601151968,2.6351582053598577,-5.04464988508035,-2.1255684354761746
2024-10-07 16:00:00,582.53585767712,2.494281826242627,1.7905053122374717,-2.100644815600018
2024-10-07 17:00:00,582.5466887980431,3.903603974209773,2.223823542905443,-2.7841163151582466
2024-10-07 18:00:00,582.5575496250233,3.1722583479726154,4.067438685425491,-2.9372466584213597
2024-10-07 19:00:00,582.5684351953016,3.072712933115781,4.25754054173358,-2.8186886701509106
2024-10-07 20:00:00,582.5793385584733,3.5749776114337237,2.562740818752247,-2.6570569886593027
2024-10-07 21:00:00,582.5902506507443,4.173771833722753,0.6297718283859691,-2.813794312853009
2024-10-07 22:00:00,582.6011604125533,4.330318097517761,2.0738904849594544,-2.5453689950304503
2024-10-07 23:00:00,582.6120552619756,4.6874844227318135,3.427795985696895,-1.847335670404269
2024-10-08 00:00:00,582.6229215499143,3.268979356300406,2.750647529801498,-3.0125484360162873
2024-10-08 01:00:00,582.6337449487492,3.425565319598718,0.8210557622563155,-3.470366030604142
2024-10-08 02:00:00,582.6445105775861,4.900788741116116,0.3451759534409635,-2.7704752721431314
2024-10-08 03:00:00,582.655203351657,3.9821150654815938,0.704634021850019,-2.451952438988597
2024-10-08 04:00:00,582.6658086565964,5.171556856576103,2.141565138524667,-2.2389306516971876
2024-10-08 05:00:00,582.6763122823539,4.498239811896383,1.1828417109210754,-2.7573938051713123
2024-10-08 06:00:00,582.6866990289059,3.441841753259496,0.964511559759656,-3.2730523419250455
2024-10-08 07:00:00,582.6969526913196,3.072665980557872,0.46207510734141866,-3.3416937792188217
2024-10-08 08:00:00,582.707057018994,3.4633862218548757,4.8320268545773395,-2.8524700954262103
2024-10-08 09:00:00,582.7169964366562,2.6369153118386066,1.826071366399681,-2.92998311489447
2024-10-08 10:00:00,582.7267562091663,5.299819138392195,-2.666963409448637,-3.139611938109901
2024-10-08 11:00:00,582.7363225124055,5.135481712514093,-6.866509497795588,-3.1952947271240526
2024-10-08 12:00:00,582.7456822590143,3.1871530127168626,-7.275401649952934,-2.347433621778224
2024-10-08 13:00:00,582.7548232267236,2.850694529786665,-8.51811845588862,-1.8573993006215843
2024-10-08 14:00:00,582.7637342660797,1.4614857759007691,-4.986362889868982,-2.308857152111588
2024-10-08 15:00:00,582.7724044480395,1.7004632151481474,-4.966626252774297,-2.7262414104133668
2024-10-08 16:00:00,582.7808232562448,0.7304956257523827,1.5626789266249237,-2.6539978086222096
2024-10-08 17:00:00,582.7889808265518,0.49521020365966706,1.7331095351773043,-0.07730056538866262
2024-10-08 18:00:00,582.7968672795082,2.8537582963402883,3.4237264897234443,0.8056479344281169
2024-10-08 19:00:00,582.8044724766712,3.0244555743527144,3.6507327783399632,0.6203391706361735
2024-10-08 20:00:00,582.8117860169956,2.2988716207254356,2.077536667658635,0.25180569462040725
2024-10-08 21:00:00,582.8187976335288,2.0167573982762406,0.1300654599859851,-0.5356204917910581
2024-10-08 22:00:00,582.8254975230154,2.193458459856629,1.6936633599169344,0.16738065721096268
2024-10-08 23:00:00,582.831876001244,2.3914347543552594,3.7413462810586844,0.2553429633420248
2024-10-09 00:00:00,582.8379229482133,3.565190393981652,2.7768075758756017,0.3600790819293734
2024-10-09 01:00:00,582.8436276475836,4.35205182548566,1.028718972056911,0.21560155487383886
2024-10-09 02:00:00,582.8489788480784,3.8425643768591726,0.11965138840564116,0.34880538665671357
2024-10-09 03:00:00,582.8539647944946,3.714031141801911,0.6692896749896685,-0.5472856112860689
2024-10-09 04:00:00,582.8585730476192,3.6576205942134266,2.3011264794765545,-0.9573201213091856
2024-10-09 05:00:00,582.8627904713937,3.512510385759356,1.3667771696192055,-1.1820780267724171
2024-10-09 06:00:00,582.86660301922,2.591100198105437,1.0033746995374586,-0.7610779168627232
2024-10-09 07:00:00,582.8699956914899,2.790383245418525,0.5781393427792281,-0.5185182796875921
2024-10-09 08:00:00,582.8729524827842,1.7638243783115968,5.242893722477136,-1.1196705835728753
2024-10-09 09:00:00,582.8754565505233,2.6132631186544586,2.1798817238418065,-0.758601393019646
2024-10-09 10:00:00,582.8774903691539,3.5906467302720557,-2.554528471848897,-0.31360862757696273
2024-10-09 11:00:00,582.8790356026677,3.1614768788508627,-6.32100865981424,-0.1895038217043695
2024-10-09 12:00:00,582.880073010885,2.1988518278209312,-6.755377133333057,0.09645229462703528
2024-10-09 13:00:00,582.8805830134283,2.0403176478150726,-8.04528638386611,0.45438572262280763
2024-10-09 14:00:00,582.8805457800374,1.6955968177361456,-4.739626498211978,0.3934839004385106
2024-10-09 15:00:00,582.8799411903667,3.2258223467565585,-4.743258444156956,1.137494907033684
2024-10-09 16:00:00,582.8787495597717,1.448003217266546,1.5973493322442036,1.1158978907175272
2024-10-09 17:00:00,582.8769519082857,-1.1094655715982071,1.1818361515253923,2.42067751178704
2024-10-09 18:00:00,582.8745307874202,-0.7225373382223097,2.783460204792283,3.4545463460098147
2024-10-09 19:00:00,582.8714703740991,-0.6328815709582614,3.0534498597386213,3.1479613371205835
2024-10-09 20:00:00,582.8677562215312,-0.624681293877984,1.6669297634710627,2.6399953088757093
2024-10-09 21:00:00,582.8633749654881,-1.8274260701709863,-0.3450174459344008,2.8590685506172564
2024-10-09 22:00:00,582.858313679169,-2.5602437074595628,1.358389899829346,1.8835401284611213
2024-10-09 23:00:00,582.8525598610066,-1.0580491282964886,4.085255710872573,1.3602335564172006
2024-10-10 00:00:00,582.846101689184,-0.6730104172678466,2.534382142388091,1.05252658569582
2024-10-10 01:00:00,582.8389279875757,-1.1697584781331898,0.9514427198829204,0.6993877706745459
2024-10-10 02:00:00,582.8310280966259,-1.6635361855113615,-0.17322503072729434,-0.24426688038731995
2024-10-10 03:00:00,582.822391715647,-0.07279727762249877,0.6672165292744091,-0.07681096729882836
2024-10-10 04:00:00,582.8130092813622,-1.3621618223387486,2.360573146497372,0.19857939447922904
2024-10-10 05:00:00,582.8028720695745,-1.0462935834143536,1.4940698925780274,-0.7706483787382202
2024-10-10 06:00:00,582.7919727437112,-2.06665670907762,1.0874845707870597,-0.4928006054205747
2024-10-10 07:00:00,582.7803055127451,-0.9952007133642837,0.6357643326922364,-0.4708691320730338
2024-10-10 08:00:00,582.7678655211745,-2.610484557607265,5.588709678702385,0.983909357730506
2024-10-10 09:00:00,582.754648170485,-0.5064034622129157,2.3956850780951537,0.9460702136327523
2024-10-10 10:00:00,582.7406497213434,-2.298376470653693,-2.720625882634921,1.518352631945306
2024-10-10 11:00:00,582.7258680015603,-3.32564481018278,-5.849220117666861,0.8989969262892872
2024-10-10 12:00:00,582.7103031101401,-5.253200303290896,-6.337190935529854,1.7200881286806458
2024-10-10 13:00:00,582.6939582399016,-4.473591942501457,-7.623576787646962,0.9932104902468892
2024-10-10 14:00:00,582.6768391943937,-1.94647915461735,-4.387597007717989,1.3072369679417024
2024-10-10 15:00:00,582.6589533446288,-2.499782611142109,-4.473985622191645,1.3948148887049696
2024-10-10 16:00:00,582.640309631872,-1.4906019619764947,1.8125503619705539,1.5377419681339417
2024-10-10 17:00:00,582.6209182141008,-2.2697289577942,1.005544830676971,4.423265913016348
2024-10-10 18:00:00,582.6007904792077,-1.2029479500320122,2.3381885207994215,5.213968950024876
2024-10-10 19:00:00,582.5799387627029,-1.3533246630398708,2.648983612133546,5.684402288203395
2024-10-10 20:00:00,582.5583757562168,-1.178522521684613,1.418125138102401,5.952021627365442
2024-10-10 21:00:00,582.5361142396309,-0.8083400676746351,-0.5696421336358748,6.5418679616795785
2024-10-10 22:00:00,582.5131672903127,-2.45015823435142,1.24177794647804,5.985212997560703
2024-10-10 23:00:00,582.4895480590422,-2.6771347669065335,4.507693299233332,4.919893408630992
2024-10-11 00:00:00,582.4652700580484,-1.3865666654011193,2.125990667888227,4.235305939464513
2024-10-11 01:00:00,582.4403473458677,-1.3855561863779258,0.5494533127642459,4.575755527745847
2024-10-11 02:00:00,582.4147940606244,-0.5149409460107108,-0.533783177342164,2.8539300627284088
2024-10-11 03:00:00,582.3886246256927,-1.05549565443539,0.607895039348453,3.1089759893940934
2024-10-11 04:00:00,582.3618539259659,-1.1101125419343134,2.280016858431085,2.3782417575373924
2024-10-11 05:00:00,582.3344972004011,-0.6810971325995752,1.4007530016564156,2.3558469305420995
2024-10-11 06:00:00,582.3065701284632,0.1553918580568734,1.002139412266785,3.4958986012131867
2024-10-11 07:00:00,582.2780895577516,-0.0628914393461173,0.5311326348848397,3.2436692467097523
2024-10-11 08:00:00,582.24907479625,1.567255853742381,5.827859211266656,4.385810138740872
2024-10-11 09:00:00,582.2195464500633,0.9206581164521594,2.4041621933030846,3.355633240181457
2024-10-11 10:00:00,582.1895256975403,1.828397076844226,-2.9740278959785194,2.4561051215941054
2024-10-11 11:00:00,582.1590342902213,1.4033071428739277,-5.4753924201284905,3.9430509870333426
2024-10-11 12:00:00,582.1280947732507,0.12348503123052978,-6.085415384082902,4.913835579601764
2024-10-11 13:00:00,582.0967300843664,0.4009545912018666,-7.3160123106171016,4.998327635048787
2024-10-11 14:00:00,582.0649634381092,0.35790644024041285,-4.02289546517553,4.620025586825975
2024-10-11 15:00:00,582.0328186890254,-0.3950388385766246,-4.164164191989293,4.686384341540516
2024-10-11 16:00:00,582.0003198066802,-0.28375986592686786,2.1901371952487385,5.103302863997877
2024-10-11 17:00:00,581.9674909947147,0.6565510457388655,1.3006707473696049,5.2352872121767415
2024-10-11 18:00:00,581.9343566928775,-1.3005557061768513,2.0894136627633095,5.126785350536084
2024-10-11 19:00:00,581.9009415035086,-1.6022338060413404,2.409392652427086,5.481899650105693
2024-10-11 20:00:00,581.8672702411959,-0.8100292123219788,1.234969576131081,6.4477893949950005
2024-10-11 21:00:00,581.8333677266949,-1.3741647654206872,-0.6023883215063867,5.193185360232147
2024-10-11 22:00:00,581.7992592801061,-1.0703114071358186,1.4186417434577683,4.322410383571954
2024-10-11 23:00:00,581.7649710219989,1.6016657562365708,4.991448131276455,3.531915090488093
2024-10-12 00:00:00,581.7305292541452,2.485742073375718,1.8485924056579683,2.9251362668211365
2024-10-12 01:00:00,581.6959599519156,3.6504161442712757,0.2351310357152667,4.418492868097855
2024-10-12 02:00:00,581.6612886006088,-0.13513943768327863,-0.9666691238516886,5.790519960926211
2024-10-12 03:00:00,581.6265399473571,-0.5503644901478992,0.2602711046763096,6.833553438114426
2024-10-12 04:00:00,581.5917378694777,0.11858907761723003,2.0200734047055464,5.859599648199602
2024-10-12 05:00:00,581.5569054510923,0.9117410004188287,1.0546952088763675,5.876658339612404
2024-10-12 06:00:00,581.5220645990329,0.5567418057916029,0.7968443265993312,3.874349268576245
2024-10-12 07:00:00,581.4872357414424,0.21864800635910342,0.33726593635482655,3.3868503158436454
2024-10-12 08:00:00,581.4524376769514,0.6494243122477883,5.953671471237921,2.5944665395629043
2024-10-12 09:00:00,581.4176874962984,-0.3000744513437894,2.249748452232303,2.3626385028130388
2024-10-12 10:00:00,581.3830006507737,-2.7180171795358774,-3.2578281197900534,3.172844648552235
2024-10-12 11:00:00,581.3483908834479,-1.8154674554303938,-5.242312289263679,1.9693888612461072
2024-10-12 12:00:00,581.3138702766059,4.003471085085835,-5.755390944145625,-0.46195041754616006
2024-10-12 13:00:00,581.2794495774441,4.521853287029558,-6.917873353738789,-0.20342951073495524
2024-10-12 14:00:00,581.2451381819609,3.3443805203733064,-3.6599745087270823,0.9004558063928222
2024-10-12 15:00:00,581.2109445370997,3.0690442035207752,-3.982718485506074,1.8027297448855668
2024-10-12 16:00:00,581.1768757190326,1.9559409806379335,2.431127650080768,1.8160556502486864
2024-10-12 17:00:00,581.1429372674598,-2.006058770400955,1.820753649837554,-7.007632146896448
2024-10-12 18:00:00,581.1091332059785,-2.0598972436123404,1.9474018709031398,-5.056637833269251
2024-10-12 19:00:00,581.0754666691905,-1.9846292836597286,2.245002626808287,-5.355840012339003
2024-10-12 20:00:00,581.0419404780955,-1.2302063604516889,1.1179284190841927,-5.329662536727917
2024-10-12 21:00:00,581.0085572253107,-1.0812086031321542,-0.59375690910395,-5.313591713074605
2024-10-12 22:00:00,580.9753198476989,0.2459113425228452,1.7593757432968158,-7.720606933518573
2024-10-12 23:00:00,580.9422327723263,-1.3092537827327533,5.519307453062192,-9.12228644265574
2024-10-13 00:00:00,580.9093017708266,-3.325647479481745,1.8040801710659582,-9.46773446241083
2024-10-13 01:00:00,580.8765338013527,-3.546170041071832,0.20640932471899803,-7.216773084999822
2024-10-13 02:00:00,580.8439373389035,1.8518497184469425,-1.2362228838892606,-5.78956417346131
2024-10-13 03:00:00,580.8115224069246,3.9070736498017595,-0.2594791976105717,-4.159116859115876
2024-10-13 04:00:00,580.7793004822151,3.5631815769326067,1.6940811319514462,-3.1865631910991317
2024-10-13 05:00:00,580.7472841268637,2.3962932263332277,0.6395520783979142,-2.393129431594909
2024-10-13 06:00:00,580.7154860310914,3.0717552245996558,0.6220339313114307,-1.1492751870024944
2024-10-13 07:00:00,580.6839187653914,2.0739624480160046,0.10938737407945112,-0.37726858748678976
2024-10-13 08:00:00,580.6525949956595,1.8556148807538193,5.928431644241103,-3.686641520654354
2024-10-13 09:00:00,580.6215277470884,1.778718032110305,1.9848695852452873,-1.8051153644439524
2024-10-13 10:00:00,580.5907305141993,-0.02756861144848699,-3.427265057780834,-3.0558968449699577
2024-10-13 11:00:00,580.5602170344563,1.515976067472593,-5.04619028339471,-1.6300028185342321
2024-10-13 12:00:00,580.5300010181713,0.6485224125965487,-5.416420235227592,-3.0021031955402337
2024-10-13 13:00:00,580.5000959305113,0.5712423387300305,-6.52949579019044,-2.2118424790508016
2024-10-13 14:00:00,580.470515006585,-1.3917215228764235,-3.453992212648658,-2.494801271059792
2024-10-13 15:00:00,580.4412715715983,0.15614745982475142,-4.01886245596666,-1.9785565754564085
2024-10-13 16:00:00,580.4123786105575,0.07290432341505948,2.382731943634232,-2.9380148776068973
2024-10-13 17:00:00,580.3838485118157,2.197405387787512,2.2381046745573983,-8.749358574160564
2024-10-13 18:00:00,580.3556929378893,1.7016736933520633,1.8709297451913676,-6.008296376432726
2024-10-13 19:00:00,580.3279228877636,1.7000037456487007,2.144916257539808,-5.602842890952054
2024-10-13 20:00:00,580.3005488107025,1.6928098559927776,1.059476110592955,-5.362834777288226
2024-10-13 21:00:00,580.2735806710167,3.5881875758549313,-0.5425875115935095,-4.03918073527813
2024-10-13 22:00:00,580.2470273255441,2.9225963604724257,2.166036301635459,-4.6456599876519125
2024-10-13 23:00:00,580.2208967104066,3.2820221503011453,6.067648023631583,-4.570566884339303
2024-10-14 00:00:00,580.1951962914994,-2.1413102887376,1.801741588247521,-1.5656275910093957
2024-10-14 01:00:00,580.1699332059686,-3.189106757872196,0.23101425820638846,-1.0718407063028417
2024-10-14 02:00:00,580.1451146673829,-1.08634987944572,-1.2317364197325014,-1.447028368204612
2024-10-14 03:00:00,580.120748119077,0.6379698624075445,-0.6472370888589977,-1.5214808926254595
2024-10-14 04:00:00,580.0968407452292,0.06549192556099115,1.5010618767488773,-2.6533945475390537
2024-10-14 05:00:00,580.0733994445075,-0.6154881496768212,0.33297731033588124,-1.6008886051664535
2024-10-14 06:00:00,580.0504311435601,-1.2088423927372105,0.4759763296518994,0.532434919525263
2024-10-14 07:00:00,580.0279426731319,-0.9988469597259382,-0.12466607499371385,0.6655703615878473
2024-10-14 08:00:00,580.0059409403674,0.4056411294997133,5.694457155794039,0.24396077433893015
2024-10-14 09:00:00,579.984432679597,-0.655710746620457,1.6947414378089607,-0.2534633707855749
2024-10-14 10:00:00,579.963423938651,0.004736333901178114,-3.497351522971525,-0.4608087495806635
2024-10-14 11:00:00,579.9429198408793,1.533324681159911,-4.851064260163013,-1.6251802618762323
2024-10-14 12:00:00,579.9229230647276,-1.3033623189605805,-5.279150481775917,0.6395897360089233
2024-10-14 13:00:00,579.9034340187985,-1.2152356374209603,-6.349992851915789,0.5817944705381491
2024-10-14 14:00:00,579.8844519550105,0.04030684092469983,-3.422869141445336,-0.941889654489916
2024-10-14 15:00:00,579.8659750990022,-0.13953015961840265,-4.114683372168333,-2.0217615672153806
2024-10-14 16:00:00,579.8480013276319,1.1529869547512135,2.1292246618361963,-2.0302129442193078
2024-10-14 17:00:00,579.8305280587588,-0.17851103813245572,2.6150183112715784,-2.507035331897894
2024-10-14 18:00:00,579.8135515913148,-1.113837930987529,1.9296900949684195,-2.7394037552957395
2024-10-14 19:00:00,579.7970672049213,-1.212621109828774,2.20377817575361,-2.618224270846184
2024-10-14 20:00:00,579.7810698501362,-2.360136063392929,1.1640908421749543,-2.6250246289180956
2024-10-14 21:00:00,579.7655541045747,-1.3500287623388658,-0.35951151081651483,-2.6360138314193002
2024-10-14 22:00:00,579.750514744754,-1.327439859242304,2.5509095552778502,-2.3139844407895254
2024-10-14 23:00:00,579.7359470868392,-1.7587916899923357,6.663060420618575,-1.7102158174655087
2024-10-15 00:00:00,579.7218474218768,-1.5546446878637425,1.8049559864464064,-2.9021587204593877
2024-10-15 01:00:00,579.7082130606096,-1.9663853331018117,0.2072060682621513,-3.4490337957700063
2024-10-15 02:00:00,579.6950420144589,-2.3987004815369346,-1.1211560807936138,-2.5451854521283384
2024-10-15 03:00:00,579.682331760645,-2.2187755368433955,-0.8860024477748667,-2.3475537760266576
2024-10-15 04:00:00,579.6700791098613,-1.2113796283769034,1.4146780411633368,-2.0333775226477337
2024-10-15 05:00:00,579.6582813046997,-1.833080150681326,0.1065866761985178,-2.5617878302168657
2024-10-15 06:00:00,579.6469364447104,-2.511601957970015,0.20982100152533695,-3.275155488265688
2024-10-15 07:00:00,579.636043589209,-1.6532254515464047,-0.36967920451144765,-3.2331389331511056
2024-10-15 08:00:00,579.6256027533124,-1.6436879066815209,5.291278109321866,-2.8931929559527028
2024-10-15 09:00:00,579.6156145724267,-2.089988212240314,1.463045834307417,-2.928672194493841
2024-10-15 10:00:00,579.6060800281332,-0.8734983041739497,-3.440317752722566,-3.0022639712366987
2024-10-15 11:00:00,579.5970007538327,-1.2282972789885207,-4.731987696252196,-3.1567157785920084
2024-10-15 12:00:00,579.5883795143236,2.106119184454201,-5.480142657537328,-2.2043560412403767
2024-10-15 13:00:00,579.5802205707566,1.7241088939155134,-6.533504711411282,-1.7008247532608258
2024-10-15 14:00:00,579.5725288282762,0.989729976559147,-3.605890836895347,-2.2063679679400123
2024-10-15 15:00:00,579.565309032272,0.12878762445382108,-4.282980081389705,-2.611116575336137
2024-10-15 16:00:00,579.5585657046969,-0.013624843551951926,1.7355885097627455,-2.4205293709076443
2024-10-15 17:00:00,579.5523031756727,0.5572046484218163,2.9205829284567937,0.11990924744864795
2024-10-15 18:00:00,579.5465261336326,0.11714096405091823,2.1423364389683694,0.7839964633480598
2024-10-15 19:00:00,579.5412394050074,0.07784956393311404,2.423059111164601,0.5778519198949464
2024-10-15 20:00:00,579.5364472422832,0.21154211879263585,1.4540601965559354,0.05795044236827588
2024-10-15 21:00:00,579.5321533129581,-1.3776601700335505,-0.011488446407501757,-0.6630046965170946
2024-10-15 22:00:00,579.528361435087,-0.3285427317597396,2.7798953172538248,0.2302859794189559
2024-10-15 23:00:00,579.525076630324,-0.21320482430064658,7.186084393436243,0.38204380054045367
2024-10-16 00:00:00,579.5223045856848,1.567780289746338,2.0666097112219375,0.223305413346909
2024-10-16 01:00:00,579.5200516623967,1.4716430364949247,0.4169128409718653,0.09139246013647576
2024-10-16 02:00:00,579.5183246843471,-0.1306582328282957,-0.8934158548918666,0.19574940337305483
2024-10-16 03:00:00,579.5171312836914,-2.7025442397524557,-0.9969277797471625,-0.6276592641917513
2024-10-16 04:00:00,579.5164801764615,-2.800500537284279,1.3499499732109173,-1.1359296123882168
2024-10-16 05:00:00,579.5163813308384,-1.4280116057169607,5.0964052152671635e-05,-1.3884206891735975
2024-10-16 06:00:00,579.5168458161834,0.14407505608949123,-0.10352788866100995,-0.9973929836118973
2024-10-16 07:00:00,579.5178859867201,-0.013225474197497533,-0.5530910522886411,-0.70156946023392
2024-10-16 08:00:00,579.5195148508742,-0.833807047449568,4.903162404813823,-1.3188702082384278
2024-10-16 09:00:00,579.5217456774334,-0.2620439348817172,1.3887650559274898,-0.8684667984791202
2024-10-16 10:00:00,579.5245915474551,1.7944554816059508,-3.1604767610096536,-0.14857026805137416
2024-10-16 11:00:00,579.5280651893596,-0.4125274153980172,-4.681630796196287,-0.15390697776541068
2024-10-16 12:00:00,579.5321793172246,0.09020981533865324,-5.968006754071864,0.03561762150866584
2024-10-16 13:00:00,579.5369467058509,0.02096549899783895,-6.9977784826997285,0.3798662778509615
2024-10-16 14:00:00,579.5423802459984,-1.5774947614628445,-3.9522522597119965,0.2873667751762914
2024-10-16 15:00:00,579.5484927620552,-2.4994957587637145,-4.560641159482694,1.0816441561912407
2024-10-16 16:00:00,579.5552972202352,-1.3849524724685125,1.1775356269899195,1.1021196252434822
2024-10-16 17:00:00,579.5628067546633,-2.7466021699813155,2.816815776334425,2.3069796389836537
2024-10-16 18:00:00,579.5710345420706,-3.0514913672183184,2.297657262529934,3.3727995626178386
2024-10-16 19:00:00,579.5799937853633,-3.3250368639280623,2.5962524462053835,3.068790632359351
2024-10-16 20:00:00,579.5896972453786,-3.464491550686489,1.8394946885017684,2.565299616806151
2024-10-16 21:00:00,579.600157118717,-3.0871294096696147,0.3513541415330731,2.745618149419592
2024-10-16 22:00:00,579.6113851436756,-2.4005233441324663,2.7305299539911774,1.5486082464655964
2024-10-16 23:00:00,579.6233922475257,-2.635417876119618,7.566112472494588,1.335913156099308
2024-10-17 00:00:00,579.636188864339,-1.9280661477912417,2.7700197614651065,1.0218575219872013
2024-10-17 01:00:00,579.649784835685,-1.4153487093703916,1.0517256181085493,0.5738382555768455
2024-10-17 02:00:00,579.6641893350686,0.2386723542076652,-0.5704226256390663,-0.11243906363726247
2024-10-17 03:00:00,579.6794109227225,-0.4963012175952599,-1.0198770711632676,-0.053232633963988835
2024-10-17 04:00:00,579.695457230611,-1.1386620746804965,1.2927056335412987,0.3104992105280675
2024-10-17 05:00:00,579.7123348340583,-1.1266610192733424,0.14065816446486049,-0.5863319792498749
2024-10-17 06:00:00,579.7300494371631,-0.12695142991117336,-0.2879192276545177,-0.19517877959740437
2024-10-17 07:00:00,579.7486060472675,-1.1882817215848718,-0.6216465213888652,-0.2686778042938116
2024-10-17 08:00:00,579.7680090749018,-2.1581493461054606,4.572914235382317,1.0672260358214043
2024-10-17 09:00:00,579.7882623917992,-1.6320163872828743,1.407303694623318,1.0564503008603146
2024-10-17 10:00:00,579.8093690702735,-3.7329448463324297,-2.8034798103204417,1.6570555863793026
2024-10-17 11:00:00,579.8313312881957,-2.228321783411502,-4.764912870954848,0.8519033661707616
2024-10-17 12:00:00,579.8541498707789,-2.4522800942113463,-6.579762771551271,1.8978929949837842
2024-10-17 13:00:00,579.8778240002098,-2.9266596680751036,-7.5561126048946585,1.134948272759936
2024-10-17 14:00:00,579.9023512745192,-1.7160086595941948,-4.335368110188504,1.1790254952634758
2024-10-17 15:00:00,579.9277276413903,-2.670685254900718,-4.895807134763958,1.068764748274209
2024-10-17 16:00:00,579.9539472477517,-3.721727613295343,0.5917985414151421,1.1859818241284614
2024-10-17 17:00:00,579.9810029345534,-2.0360282526925175,2.542116448951426,4.522908869187604
2024-10-17 18:00:00,580.0088866106505,-3.410267544399403,2.3394823126966546,5.331898621052275
2024-10-17 19:00:00,580.0375892764945,-3.515849159552431,2.62273999046266,5.785519892595282
2024-10-17 20:00:00,580.0671016990544,-3.246738108292675,2.1803243748858496,5.999312034352477
2024-10-17 21:00:00,580.0974151287112,-3.2926206788865784,0.5588368164555952,6.686368733719742
2024-10-17 22:00:00,580.1285215732835,-4.050789202774467,2.5304926481047647,6.331774981386329
2024-10-17 23:00:00,580.1604141380934,-2.8691111329148953,7.732014491313468,4.9066825035078665
2024-10-18 00:00:00,580.1930866766398,-8.151454552232508,3.4316361482486193,4.426731727344043
2024-10-18 01:00:00,580.2265336022966,-9.657610027575743,1.6565487770066147,4.794527648272474
2024-10-18 02:00:00,580.2607502346597,-5.681628693558196,-0.21076760357877855,2.7916460624772603
2024-10-18 03:00:00,580.2957329983473,-6.242061574775221,-0.8885009105967909,3.134829487024665
2024-10-18 04:00:00,580.3314794001404,-4.449671534309232,1.3511936314234387,2.4769985027452894
2024-10-18 05:00:00,580.3679878434588,-5.119890193663309,0.5563313254532092,2.395571024751306
2024-10-18 06:00:00,580.4052575061359,-6.788910357791565,-0.1472330815640605,3.520885933219791
2024-10-18 07:00:00,580.4432878385361,-7.086298819230024,-0.39688594486034107,3.3998969255542844
2024-10-18 08:00:00,580.4820778050649,-5.233212689578522,4.319163527074924,4.581971357438691
2024-10-18 09:00:00,580.521626184219,-6.032750201637668,1.533507565470562,3.4676164519481127
2024-10-18 10:00:00,580.5619328097283,-5.049170730326637,-2.4847744080550664,2.6220123286533834
2024-10-18 11:00:00,580.6029988353539,-4.583623994898971,-4.880310302033748,4.070935461578849
2024-10-18 12:00:00,580.6448267554483,-4.224732263510987,-7.28483899565566,5.004744503718212
2024-10-18 13:00:00,580.6874204066761,-4.715707168709628,-8.170212474841145,5.068499236874694
2024-10-18 14:00:00,580.7307845588759,-4.762860401522289,-4.828102451348525,4.660178293994867
2024-10-18 15:00:00,580.7749238637381,-3.097416832802992,-5.281575810776876,4.704068779841834
2024-10-18 16:00:00,580.8198425078589,-3.045538666124571,0.040154591221471476,5.195541567044187
2024-10-18 17:00:00,580.8655440917133,3.150660463190775,2.2790196966176737,5.074775748478228
2024-10-18 18:00:00,580.9120317757055,4.959501261557648,2.2429891273099103,4.915477835426918
2024-10-18 19:00:00,580.9593080654813,5.387728742798345,2.491876544569282,5.2310866471510264
2024-10-18 20:00:00,581.0073748173028,4.295063180063607,2.4205260155934,6.187035987040158
2024-10-18 21:00:00,581.056232711207,3.893272124822147,0.8461283823967358,4.9843667815740265
2024-10-18 22:00:00,581.1058803046702,4.981724370341681,2.4861158008884536,4.086279524099665
2024-10-18 23:00:00,581.156313733891,4.056177084802471,7.796065846925773,3.3814433343807386
2024-10-19 00:00:00,581.2075281481922,-0.5994026401625661,3.758721718600534,2.9431527733697918
2024-10-19 01:00:00,581.2595182974917,-1.2150813427127787,2.011962537911633,4.51360050730954
2024-10-19 02:00:00,581.3122786447957,0.7477306128746477,-0.03235828590252142,5.592349028232174
2024-10-19 03:00:00,581.3658032226647,1.26279674109378,-0.6141993701550043,6.865599406396485
2024-10-19 04:00:00,581.420085508234,0.6083826947964326,1.5460425879521997,5.975489209017241
2024-10-19 05:00:00,581.4751187151544,-0.2309251541970525,1.120567097704374,5.825239341338428
2024-10-19 06:00:00,581.5308962019024,-0.5153330294604075,0.06478283531665617,3.7996539922413475
2024-10-19 07:00:00,581.5874114334948,0.3848269161187545,-0.08652225806427298,3.194283908450812
2024-10-19 08:00:00,581.6446578616805,0.2563003068441958,4.113413511096058,2.51562832037931
2024-10-19 09:00:00,581.7026291638454,1.215112662668389,1.7293061570769996,2.092952016409264
2024-10-19 10:00:00,581.7613191472399,-0.7024114225948779,-2.1151010734233844,2.776193348778364
2024-10-19 11:00:00,581.8207214893093,-0.6098667903897876,-4.832361315216741,1.5515066162971538
2024-10-19 12:00:00,581.8808291878211,-1.4137479860715985,-8.03611789457024,-0.850963307179207
2024-10-19 13:00:00,581.9416347695665,-1.0984147232471742,-8.797238060207635,-0.5959819861116287
2024-10-19 14:00:00,582.0031303238775,-1.1967440176385935,-5.264179868636491,0.6577935623975663
2024-10-19 15:00:00,582.0653080557132,-0.5170612131458938,-5.487138419658755,1.558891577091425
2024-10-19 16:00:00,582.1281605549087,-2.403898047928351,-0.21537532692228506,1.4911128199419355
2024-10-19 17:00:00,582.1916806981142,-1.3466082530344465,1.900825169263354,-7.265897614343115
2024-10-19 18:00:00,582.2558619099399,-0.8511615544516644,2.1039750136615014,-5.538675369149695
2024-10-19 19:00:00,582.3206982408117,-0.5716237418532728,2.32882615739945,-5.867900656357851
2024-10-19 20:00:00,582.3861842036566,-0.7969082709339546,2.6377719686586967,-5.8270479013814045
2024-10-19 21:00:00,582.4523143895173,-0.02215874832540976,1.3459952477790462,-5.58615088897075
2024-10-19 22:00:00,582.5190819521908,-1.0274343681155642,2.548284419666434,-7.929932003741718
2024-10-19 23:00:00,582.5864772785568,-0.426326798795003,7.76257439138905,-9.022724871150986
2024-10-20 00:00:00,582.6544884943827,0.700805216023241,3.7796663450908947,-9.164960055496728
2024-10-20 01:00:00,582.7231020716209,0.0947812992510535,2.0631424859239984,-7.011025856796026
2024-10-20 02:00:00,582.792302789057,-0.350294044653765,-0.10071063702982437,-5.311298107373483
2024-10-20 03:00:00,582.8620737627289,-0.9848382049462998,-0.4068641065570462,-3.770371451225556
2024-10-20 04:00:00,582.932396219841,-1.7785434736611023,1.7719382979994636,-3.015791044179499
2024-10-20 05:00:00,583.0032494268445,-0.7921000757283991,1.638462278833941,-2.3896116299499406
2024-10-20 06:00:00,583.0746112657695,-5.543849036535448,0.11400299196641374,-1.2247652212005555
2024-10-20 07:00:00,583.1464584749466,-4.582322057927968,0.12943770138546556,-0.5835741184040777
2024-10-20 08:00:00,583.218767299814,-0.822637206107629,3.863695802741374,-3.45982589644776
2024-10-20 09:00:00,583.2915133038907,-1.6791455422498984,1.88222786514033,-1.9845956267810814
2024-10-20 10:00:00,583.3646705355336,-0.5404921238874749,-1.6632571343555758,-3.0509212772905365
2024-10-20 11:00:00,583.4382115259868,-1.2085873678154258,-4.698912233911971,-1.730711924259468
2024-10-20 12:00:00,583.5121077144263,-2.6406159359688672,-8.56424920386013,-3.2972425745972638
2024-10-20 13:00:00,583.586329844827,-2.6727923047014883,-9.22697493532523,-2.5065626048004073
2024-10-20 14:00:00,583.6608487056083,-0.6348630048522637,-5.477975690632132,-2.8080100101238457
2024-10-20 15:00:00,583.7356350914223,-2.0938553855525015,-5.492013397775309,-2.379766308094525
2024-10-20 16:00:00,583.8106593856836,-1.0267793243391452,-0.2409646116365477,-3.3929154497079144
2024-10-20 17:00:00,583.8858915424446,-1.0869203776209133,1.4150063577683414,-8.513977522591931
2024-10-20 18:00:00,583.9613005744063,0.5414114816769597,1.9308782050292124,-5.7135902611124765
2024-10-20 19:00:00,584.0368546758219,0.2485342227291767,2.130414767744019,-5.34580366629503
2024-10-20 20:00:00,584.1125213814238,0.28544271501948515,2.821169461613704,-5.189133558057052
2024-10-20 21:00:00,584.1882673836511,-3.6794274239925926,1.8218462427973225,-3.8006862024558075
2024-10-20 22:00:00,584.2640589303577,-4.028908559248521,2.6557699608077883,-4.370920331917009
2024-10-20 23:00:00,584.3398622673227,-1.134963738695319,7.611342944672001,-4.336241473299359
2024-10-21 00:00:00,584.4156434385413,0.0840426975231594,3.627144970366248,-1.866831106430688
2024-10-21 01:00:00,584.4913681268539,-0.4600022751086499,1.8989177231838406,-1.4702835749290217
2024-10-21 02:00:00,584.5670017962304,-1.0376696565231214,-0.285982767863866,-1.7133493718434867
2024-10-21 03:00:00,584.6425096842403,-1.7691314238984432,-0.387265178634077,-1.6961130817078502
2024-10-21 04:00:00,584.7178570300969,-2.3546011418033004,1.9683617821133137,-2.8216176704069245
2024-10-21 05:00:00,584.7930095567114,-1.688517218215452,2.0808593834658717,-1.6253517219618603
2024-10-21 06:00:00,584.8679327946551,-0.5926431208047234,0.2160315677259223,0.43867875842362747
2024-10-21 07:00:00,584.9425919495592,-0.024185015181501512,0.40767876135094905,0.5939143042713881
2024-10-21 08:00:00,585.0169519340451,-1.1946471240011078,3.648112649446505,0.22958254050953394
2024-10-21 09:00:00,585.0909776880775,-1.512385700417326,2.0590157019409565,-0.3076076896011818
2024-10-21 10:00:00,585.1646358101314,-1.5628698403072576,-1.057635998898806,-0.4841299709253627
2024-10-21 11:00:00,585.237895130683,-2.3930236779962115,-4.418695368936063,-1.5161760837508427
2024-10-21 12:00:00,585.3107270669036,-0.6307603154151593,-8.696250370016289,0.7862836185278181
2024-10-21 13:00:00,585.3831058586735,-0.2667100317751192,-9.324651369466709,0.7182555425683289
2024-10-21 14:00:00,585.455007609095,-1.8718728048598905,-5.475210398592986,-0.9979244056421549
2024-10-21 15:00:00,585.5264096522013,-2.8073822639063337,-5.399371993502264,-1.9396553947926538
2024-10-21 16:00:00,585.597290688223,-2.021866295377208,-0.08192971387343508,-1.9334946789723113
2024-10-21 17:00:00,585.6676309953311,3.113694722849459,0.8711635995817377,-2.192489317762309
2024-10-21 18:00:00,585.7374118083715,-0.4502612782794131,1.5166066773422198,-2.513757207434347
2024-10-21 19:00:00,585.80661440373,-0.5754515462265317,1.6774032314727862,-2.408566088976276
2024-10-21 20:00:00,585.8752199240912,-0.5782577315675326,2.686251908511379,-2.6232141010350785
2024-10-21 21:00:00,585.9432097841163,0.6694167814307548,1.9539294859790586,-2.5165560515262264
2024-10-21 22:00:00,586.0105666327423,2.3751911519924533,2.706770912425957,-2.142528697160747
2024-10-21 23:00:00,586.0772753187545,1.5992093818125568,7.233761620224062,-1.6202463207910853
2024-10-22 00:00:00,586.1433227371717,2.3489765440432393,3.2060254497527194,-2.7283247309676133
2024-10-22 01:00:00,586.2086970302886,3.1299372100314713,1.507623944101918,-3.3362581844219883
2024-10-22 02:00:00,586.2733872761698,1.7863438237164928,-0.3814697596858021,-2.268261340200513
2024-10-22 03:00:00,586.3373840946239,3.5933764958519987,-0.4266477495915821,-2.1141128408843075
2024-10-22 04:00:00,586.4006802396707,3.8530022217574924,2.1882315837040074,-1.7219140451321147
2024-10-22 05:00:00,586.463270480557,5.185900576857989,2.493123216788219,-2.382294274203269
2024-10-22 06:00:00,586.5251518987494,4.485864056151513,0.5135258866813891,-3.1845418415822073
2024-10-22 07:00:00,586.586323896851,4.221309436614661,0.7779401079238065,-3.0055734413893758
2024-10-22 08:00:00,586.6467884931463,3.381454098259951,3.514831840902398,-2.8930744323086905
2024-10-22 09:00:00,586.7065503187919,4.677881845077877,2.3053390741924416,-2.849771238062182
2024-10-22 10:00:00,586.7656169641194,4.863988529961148,-0.40436029737842893,-2.8352451967021586
2024-10-22 11:00:00,586.8239984533943,4.557154835586289,-3.939172561966976,-3.1119807270135946
2024-10-22 12:00:00,586.8817058948702,2.2015338815642735,-8.448542253326641,-2.0846975231078346
2024-10-22 13:00:00,586.9387508937118,2.4994515109315216,-9.16134810459505,-1.566854300048195
2024-10-22 14:00:00,586.9951451952503,2.3595729987255254,-5.25202430350087,-2.1826938904749684
2024-10-22 15:00:00,587.0509003076796,3.2651318265917553,-5.221908021780848,-2.5041241124905347
2024-10-22 16:00:00,587.106027097919,4.1966624049655366,0.23225837384529818,-2.244947876729861
2024-10-22 17:00:00,587.1605356214152,0.46531773472884197,0.5301331844383109,0.4640134594175852
2024-10-22 18:00:00,587.2144346515882,2.178291292711947,0.9056946815959472,0.9015793741039263
2024-10-22 19:00:00,587.2677316766002,1.9743171639208867,1.0382045376870077,0.6697466217919645
2024-10-22 20:00:00,587.3204331603918,2.2648813629479037,2.217032611812459,0.04765286484795674
2024-10-22 21:00:00,587.3725446384947,3.6102932575435034,1.8821476846493717,-0.6249855806875081
2024-10-22 22:00:00,587.424070264097,0.7546232894645755,2.7951210599475385,0.41618538649087794
2024-10-22 23:00:00,587.4750120020908,0.46489529654377293,6.740153971676878,0.599938729688426
2024-10-23 00:00:00,587.5253701990803,-0.42859603161173254,2.5404655735040746,0.2627602590273675
2024-10-23 01:00:00,587.5751438297606,0.34768360209864113,1.0194307737391575,0.18774179440165814
2024-10-23 02:00:00,587.6243306022662,-0.07675474650397973,-0.46880281748126784,0.171226961718993
2024-10-23 03:00:00,587.6729272289062,0.3016191500056493,-0.6267240306230474,-0.5378223482889719
2024-10-23 04:00:00,587.7209299686536,-0.09307896980817532,2.373968830935908,-1.1418198297814233
2024-10-23 05:00:00,587.7683347009257,0.020890510182312028,2.753310245244526,-1.4425354563524928
2024-10-23 06:00:00,587.8151369042525,-1.892531501023882,0.7750895812126357,-1.1176949844413406
2024-10-23 07:00:00,587.8613316788316,-2.0392020748217874,1.0192657066742863,-0.751395310684025
2024-10-23 08:00:00,587.9069141504525,-1.9732735624137376,3.47747100385849,-1.3411115918971466
2024-10-23 09:00:00,587.9518799294955,-3.3015233579977803,2.5523186731469316,-0.792675244644652
2024-10-23 10:00:00,587.9962251536565,-2.609543851628132,0.12647746258406828,0.01684123538756807
2024-10-23 11:00:00,588.039947043426,-0.8670481935376984,-3.301073134060238,-0.05182571582795414
2024-10-23 12:00:00,588.0830431501389,-0.6698397235296625,-8.073489796010078,0.07028636940081368
2024-10-23 13:00:00,588.1255107569099,-0.5340001345515475,-8.997833605135614,0.41632298277732543
2024-10-23 14:00:00,588.1673467124417,1.3459504273582752,-4.953792525846465,0.28049538604653146
2024-10-23 15:00:00,588.2085476615479,1.1312569387431495,-4.989423449766236,1.0396188494752012
2024-10-23 16:00:00,588.2491095079565,0.6484261692872906,0.6227050221736585,1.0697593005825514
2024-10-23 17:00:00,588.2890274338674,7.155146874435786,0.4121796140114151,2.163646077685342
2024-10-23 18:00:00,588.3282955852694,6.48813675970257,0.366448538366619,3.2571191166614413
2024-10-23 19:00:00,588.3669067981472,6.70372765221839,0.47021162144688405,2.9691539281875556
2024-10-23 20:00:00,588.4048524909828,5.060408758657559,1.7298929731739607,2.4848457771856403
2024-10-23 21:00:00,588.4421228428212,5.088533411720164,1.8145076810195944,2.6848360644391187
2024-10-23 22:00:00,588.4787071496054,5.5106110964972,2.997783976341479,1.3228977775558979
2024-10-23 23:00:00,588.5145943018728,3.200032976993498,6.448179432045723,1.3871932890878873
2024-10-24 00:00:00,588.5497721835721,2.839717039809102,1.7814511383324902,1.1290596382862312
2024-10-24 01:00:00,588.5842276179022,2.3845937614569266,0.4663800913099512,0.5947985293308414
2024-10-24 02:00:00,588.6179465352018,2.6859612310515786,-0.6026775746871668,0.17876980843384138
2024-10-24 03:00:00,588.650913839272,2.839728431713297,-0.896373193975784,0.13573092299054346
2024-10-24 04:00:00,588.6831135545985,4.244344756678629,2.554903755039074,0.5576379336837674
2024-10-24 05:00:00,588.7145289371119,3.8514347005821037,2.9069788769387865,-0.2529425146327944
2024-10-24 06:00:00,588.7451425378019,4.092185601361848,0.9751442431771288,0.24752761765899461
2024-10-24 07:00:00,588.7749361966246,4.8999024568887535,1.1364021211713742,0.09875922531521303
2024-10-24 08:00:00,588.8038905777311,3.8776614831106144,3.5818906503387775,1.2865572888195398
2024-10-24 09:00:00,588.8319847735945,4.020010890294998,2.7966215414124247,1.231382794698142
2024-10-24 10:00:00,588.8591962192335,4.5319357739017505,0.4865689308031642,1.8522990760616072
2024-10-24 11:00:00,588.8855006902028,3.7544110530490116,-2.6098946176165203,0.9099828743648524
2024-10-24 12:00:00,588.9108722194553,5.23550918444721,-7.764077679973723,2.1776962760711305
2024-10-24 13:00:00,588.9352830960762,5.0121137311466555,-8.940697150800142,1.4133003235771815
2024-10-24 14:00:00,588.958704177864,3.7781697707659987,-4.6530064254315695,1.2261324768016089
2024-10-24 15:00:00,588.981106666671,4.50861242628946,-4.756472617407349,0.8767535244468343
2024-10-24 16:00:00,589.0024633708605,4.218620682948313,0.8974346554289264,0.9614812907622802
2024-10-24 17:00:00,589.0227487120605,2.3977763602136974,0.3006914354124817,4.658783492313276
2024-10-24 18:00:00,589.0419387577956,3.087173840667674,-0.1474339607524015,5.408321362289112
2024-10-24 19:00:00,589.0600115242088,3.0862215261154233,-0.04418683940807565,5.847953789083973
2024-10-24 20:00:00,589.0769477785133,2.3695843356994146,1.2781772775134375,6.035290608273891
2024-10-24 21:00:00,589.092731134736,1.8566070345626713,1.7176063117176044,6.743055518983652
2024-10-24 22:00:00,589.1073469896216,1.3092870789162134,3.2009244366820324,6.572441494780119
2024-10-24 23:00:00,589.1207823694434,2.7321856107073472,6.331713029010688,4.835318990838533
2024-10-25 00:00:00,589.1330256954457,5.05009649673309,1.2166836185004681,4.460194189320715
2024-10-25 01:00:00,589.1440667570378,3.8219193663278475,-0.038534565217144004,4.862548441851437
2024-10-25 02:00:00,589.1538963471083,5.593975327615567,-0.6740766937312966,2.726205019007404
2024-10-25 03:00:00,589.162505925618,5.865278831877049,-1.0459654158448006,3.148180658349718
2024-10-25 04:00:00,589.1698876066166,5.60007079991351,2.631490876684639,2.578550716785257
2024-10-25 05:00:00,589.1760346673932,5.5933657369022285,2.9826415164290236,2.407958079275541
2024-10-25 06:00:00,589.1809415096274,4.072718292989407,1.202161471778766,3.594178725604352
2024-10-25 07:00:00,589.1846037192172,4.104086377924659,1.2076170955333967,3.553692807324732
2024-10-25 08:00:00,589.1870174815496,2.887813920354688,3.7933625981224863,4.761805999973207
2024-10-25 09:00:00,589.1881793781769,3.4982144437936995,3.01622008530546,3.537386092723988
2024-10-25 10:00:00,589.1880864224886,4.772419980688369,0.7080124086767616,2.8814811881462634
2024-10-25 11:00:00,589.1867360335951,3.545528033118103,-1.9570269508403282,4.16476288412717
2024-10-25 12:00:00,589.1841260289123,4.455281577730375,-7.48633875498338,5.036931148340804
2024-10-25 13:00:00,589.1802548205537,3.882307071875971,-8.86936467377124,5.0268027813414875
2024-10-25 14:00:00,589.1751218469517,3.1490327160786364,-4.320970528244771,4.606815965214382
2024-10-25 15:00:00,589.1687279301667,2.712073893611773,-4.447419117497956,4.616617293719443
2024-10-25 16:00:00,589.1610761463025,2.5715551708626663,1.1173506465342273,5.170018036300569
2024-10-25 17:00:00,589.1521716622826,-0.2952023350399031,0.37602830177565544,4.887002370981561
2024-10-25 18:00:00,589.1420215982305,-0.5895858027630538,-0.6304354552139988,4.807999659746506
2024-10-25 19:00:00,589.1306347406888,-0.7506298431924279,-0.5059408967141866,5.0759359992177435
2024-10-25 20:00:00,589.1180208171891,-1.093318282083942,0.8711220451562269,5.934175419738752
2024-10-25 21:00:00,589.1041903621942,-0.1977122442935979,1.350880557672918,4.77264132442645
2024-10-25 22:00:00,589.0891555192549,-0.6064849637647285,3.2307477582212054,3.8765816862886577
2024-10-25 23:00:00,589.0729312553709,-2.283211085688663,6.276569991847822,3.133709838469922
2024-10-26 00:00:00,589.0555352532475,-1.6772204508681625,0.8860511616344411,2.8356340359862693
2024-10-26 01:00:00,589.0369874519515,-0.9071105001904698,-0.4459417589239891,4.486064807162873
2024-10-26 02:00:00,589.0173095292873,0.2884828698475985,-0.7030056317001829,5.347213232565289
2024-10-26 03:00:00,588.9965247895522,-2.4933622076785014,-1.0463497087151121,6.7831871268413995
2024-10-26 04:00:00,588.97465779053,-2.7549658055996815,2.4666688599814535,6.093639155088106
2024-10-26 05:00:00,588.9517337719683,-3.096223418943964,2.8546084617087644,5.739881185267005
2024-10-26 06:00:00,588.927778615085,-3.7756644053635,1.3303871826817915,3.7574986075967214
2024-10-26 07:00:00,588.9028185521673,-3.32029145557658,1.0872467897821598,3.0502261136270516
2024-10-26 08:00:00,588.876879945391,-1.4417917105495235,4.00203629207233,2.4828754730861187
2024-10-26 09:00:00,588.849988713346,-0.8023615764589067,3.15661096558841,1.9657618975245108
2024-10-26 10:00:00,588.8221696141841,-1.351393255910125,0.7258493485893531,2.4833742931367033
2024-10-26 11:00:00,588.7934462822398,-0.595900335285819,-1.5080268343894137,1.2304808874353905
2024-10-26 12:00:00,588.763841411978,-1.662096844420148,-7.2266625364345325,-1.2450820311232826
2024-10-26 13:00:00,588.7333767235131,-2.554674653374036,-8.706331614092264,-1.0323704560466942
2024-10-26 14:00:00,588.7020730925824,-1.1450465004967327,-3.982319953264614,0.2352933611789845
2024-10-26 15:00:00,588.6699507117002,-2.679753173105496,-4.035099208802565,1.1449016702078538
2024-10-26 16:00:00,588.6370296002889,-0.9295739474800939,1.3855117992534014,1.0370325479378082
2024-10-26 17:00:00,588.6033301016736,0.4319862416924707,1.005249206344303,-7.550565549710363
2024-10-26 18:00:00,588.5688732265627,0.012094401882563943,-0.8772197327347001,-6.013747895710474
2024-10-26 19:00:00,588.533680218795,-0.16377855619748516,-0.7542077894201069,-6.375693873177426
2024-10-26 20:00:00,588.4977727600226,-0.3635853116323915,0.7160510746002454,-6.370238522990413
2024-10-26 21:00:00,588.4611730529836,-0.06690280190298381,0.9167539774806479,-5.851024228561138
2024-10-26 22:00:00,588.4239040926279,0.9165171244088697,3.2721414539823575,-8.242562671019174
2024-10-26 23:00:00,588.3859889572216,2.2322343175670767,6.334365091274364,-9.002588366062872
2024-10-27 00:00:00,588.347450471986,-0.7485780489457738,0.6451189602363533,-8.963991383276651
2024-10-27 01:00:00,588.3083109127642,0.21633906970032513,-0.7734283208003796,-6.931221661664122
2024-10-27 02:00:00,588.2685919155305,-0.8882053272643589,-0.941950054177486,-5.018436534088614
2024-10-27 03:00:00,588.2283146215,-0.8393090261331508,-1.1341983373776678,-3.5548072579891103
2024-10-27 04:00:00,588.1874998366653,1.714362234124792,2.0294825420587377,-3.0613446128488655
2024-10-27 05:00:00,588.146168045259,2.0912852689747297,2.19408280934685,-2.6415361235805426
2024-10-27 06:00:00,588.1043395732759,3.1301712243816837,1.1925452310165183,-1.427056028674141
2024-10-27 07:00:00,588.0620342712989,5.079428635815361,0.6732318785147736,-0.9546947856290506
2024-10-27 08:00:00,588.0192708117496,2.843450803331166,4.073682895944585,-3.4264045110252823
2024-10-27 09:00:00,587.9760667325593,1.193102665530546,3.11626530594944,-2.3854347040392914
2024-10-27 10:00:00,587.9324387044783,1.6722246850773672,0.5633238924767755,-3.3179872820323344
2024-10-27 11:00:00,587.88840250345,2.4233604595135603,-1.341215592112466,-2.0605473708511965
2024-10-27 12:00:00,587.8439732586726,0.9185993318466217,-7.039536275001426,-3.563036315517802
2024-10-27 13:00:00,587.7991649332479,0.6445811317165635,-8.48468992748804,-2.7790561374764775
2024-10-27 14:00:00,587.753990024298,-1.8079836103596563,-3.5595314715298922,-3.1064749424084024
2024-10-27 15:00:00,587.7084603004694,-1.0709322593627348,-3.544503721173469,-2.773024319933098
2024-10-27 16:00:00,587.6625862748081,-0.26142785584829653,1.8674075389997116,-3.7585659579595228
2024-10-27 17:00:00,587.6163771329807,2.450278635632003,2.0170832468099493,-8.253739015422655
2024-10-27 18:00:00,587.5698404106646,3.2588543214194488,-0.6091681445786711,-5.45952658750542
2024-10-27 19:00:00,587.5229823634128,3.412662262495587,-0.5199757197431301,-5.135668906165335
2024-10-27 20:00:00,587.4758087599089,3.075639501290425,0.9801745100783662,-5.141622771277619
2024-10-27 21:00:00,587.4283250358943,3.84821564031904,0.7327070913832795,-3.539247767596606
2024-10-27 22:00:00,587.3805363155825,4.250020024098944,3.391397860540943,-4.091954200222395
2024-10-27 23:00:00,587.3324474068066,3.6998757108111704,6.546025017019875,-4.068348134637779
2024-10-28 00:00:00,587.2840628140223,5.993080223595598,0.5253920670600264,-2.16253510467788
2024-10-28 01:00:00,587.235387263581,5.372959486646323,-0.9598545417617986,-1.8784922084654676
2024-10-28 02:00:00,587.1864260256018,5.287826137618822,-1.480993917497415,-1.9732582457231929
2024-10-28 03:00:00,587.1371850863143,6.595349415418696,-1.3622278239002026,-1.790306677832767
2024-10-28 04:00:00,587.0876710909464,10.327798607489399,1.3867809208247737,-2.8722506192606447
2024-10-28 05:00:00,587.0378908562992,9.001737534408448,1.2890646679302338,-1.6086930586378516
2024-10-28 06:00:00,586.9878508679457,5.754132296001444,0.7527887924840276,0.31522804356883977
2024-10-28 07:00:00,586.9375576916234,6.072525907700879,-0.01106226214774264,0.46097866282355426
2024-10-28 08:00:00,586.8870184928979,4.333646315651663,3.920093714282093,0.1692414771682466
2024-10-28 09:00:00,586.836241110842,4.728378242880012,2.7571697437100817,-0.3917890974321364
2024-10-28 10:00:00,586.7852336143021,3.9351358375319023,0.09213223030269883,-0.7025016821366509
2024-10-28 11:00:00,586.734004295687,4.355321591732491,-1.5283746086843826,-1.4909512787349826
2024-10-28 12:00:00,586.6825618478758,3.129786331938135,-6.846849484752661,0.7845013049387013
2024-10-28 13:00:00,586.6309158173723,2.5027269625722965,-8.15332562011384,0.6996828401691675
2024-10-28 14:00:00,586.5790767675975,2.8132128559064995,-3.0749304474857615,-1.1473591760182882
2024-10-28 15:00:00,586.5270553548759,3.1053343476680766,-3.05086905964589,-1.9215206428981224
2024-10-28 16:00:00,586.4748621714515,1.9199106104655357,2.4667050392322007,-1.891477821149245
2024-10-28 17:00:00,586.4225077491493,-3.307277760001739,2.9442749907278962,-1.9495049798754316
2024-10-28 18:00:00,586.3700039334959,-2.1911688007245402,-0.014605868774086907,-2.3442292639972506
2024-10-28 19:00:00,586.3173647097335,-2.0043615270792543,0.035047759722743085,-2.2680509423769113
2024-10-28 20:00:00,586.2646052356125,-1.8384289926742667,1.5356005018611576,-2.6717767447994243
2024-10-28 21:00:00,586.2117408014742,-1.644230860068319,0.7757168288251114,-2.483226770230988
2024-10-28 22:00:00,586.1587864533517,-1.0209118113499471,3.5201888868666464,-2.068063528868337
2024-10-28 23:00:00,586.1057580502468,-0.563810444615342,6.832929075593837,-1.5948766812253343
2024-10-29 00:00:00,586.0526724375328,-0.0962365357828503,0.726490240611783,-2.582926142361727
2024-10-29 01:00:00,585.999547320367,-1.111749288740839,-0.8509982155972794,-3.1767998160288746
2024-10-29 02:00:00,585.9464010354922,0.8083599354597482,-2.0099052871650964,-2.0348556837867733
2024-10-29 03:00:00,585.8932521755938,1.3582301984755532,-1.5070646465334518,-1.8844177275359224
2024-10-29 04:00:00,585.8401185846787,0.5599342225099235,0.6812979622594187,-1.4613507694481698
2024-10-29 05:00:00,585.7870169638112,3.129218058145625,0.3116848904869835,-2.2779199124437537
2024-10-29 06:00:00,585.7339626999772,0.008302361055257279,0.17660018810187855,-3.0088652491343346
2024-10-29 07:00:00,585.6809695723435,-0.3397205654598565,-0.6958399483014545,-2.715409058582303
2024-10-29 08:00:00,585.6280498867817,-0.5897567378325448,3.490746065236972,-2.8190392141861156
2024-10-29 09:00:00,585.5752145035291,0.0864678088405526,2.056610529513224,-2.758292841882828
2024-10-29 10:00:00,585.522472643462,-1.6912386595735143,-0.8707442329665857,-2.660489750921975
2024-10-29 11:00:00,585.4698318634764,-0.40032125826269294,-2.1348517720499207,-3.0546588331638285
2024-10-29 12:00:00,585.4172982427431,-3.1089726368212496,-6.502656886291258,-2.025668719630652
2024-10-29 13:00:00,585.3648761831458,-2.7675456347080853,-7.579260560463821,-1.5180699879739612
2024-10-29 14:00:00,585.3125685314461,-3.416102588242552,-2.5225705828590144,-2.2238953603445766
2024-10-29 15:00:00,585.260378394181,-2.4440523303206874,-2.4036008955003023,-2.4127251683599695
2024-10-29 16:00:00,585.2083095546834,-3.462526271219076,3.206588871897793,-2.162372155362152
2024-10-29 17:00:00,585.1563660321239,-1.721925925741516,3.3607801965082853,0.8247796971094083
2024-10-29 18:00:00,585.104552230018,-4.035643209400519,0.8299172827841611,1.1111736965982726
2024-10-29 19:00:00,585.052872915476,-3.918347150588943,0.8516870895761476,0.8537871455369288
2024-10-29 20:00:00,585.001332899921,-1.0609833815419734,2.180216069275722,0.209434412345305
2024-10-29 21:00:00,584.9499366874635,-2.499726202758552,0.9930335228793733,-0.45324400758428485
2024-10-29 22:00:00,584.8986880939918,-2.0660939819638315,3.551110400527962,0.686295487444057
2024-10-29 23:00:00,584.847589879638,-2.3226920075024964,6.786713743699439,0.8683883841649377
2024-10-30 00:00:00,584.7966434837768,-6.217368365302946,1.1313481022972547,0.4093767792288111
2024-10-30 01:00:00,584.745849168176,-6.633822557299709,-0.6271021862120976,0.41507557533575395
2024-10-30 02:00:00,584.695206347804,-5.671318973627535,-2.455668834259986,0.2517814600836832
2024-10-30 03:00:00,584.644713727797,-4.264530371238493,-1.4982698925424476,-0.3119134640160467
2024-10-30 04:00:00,584.5943692559247,-3.1986171036641053,0.12289622829128984,-1.0086483805519453
2024-10-30 05:00:00,584.5441700494504,-2.4139043919610685,-0.5924373262340025,-1.3878283312553368
2024-10-30 06:00:00,584.4941123870622,-3.6907452105198217,-0.4221236159818249,-1.131243560560453
2024-10-30 07:00:00,584.444191779884,-3.4005910519701956,-1.3266817256037895,-0.696919002310102
2024-10-30 08:00:00,584.394403364965,-3.3181935561141245,2.8450377502015702,-1.2212475590523801
2024-10-30 09:00:00,584.344741650508,-2.144877557187783,1.1056778555210467,-0.6055419488412627
2024-10-30 10:00:00,584.2952009175167,-0.3580023962707628,-2.1233101009670308,0.08611157972108399
2024-10-30 11:00:00,584.2457751964905,-3.1784879522970186,-2.993427219486742,0.046139975293219705
2024-10-30 12:00:00,584.1964580193311,-2.02499657494252,-6.1612795512034495,0.17981810681504246
2024-10-30 13:00:00,584.1472428563436,-2.0992291428729004,-6.892719560692412,0.5247058472215859
2024-10-30 14:00:00,584.0981233125527,-0.44582542563000516,-1.904019210218742,0.3417213232960459
2024-10-30 15:00:00,584.049092971731,0.4864007228712808,-1.60110965920165,1.0256159645993208
2024-10-30 16:00:00,584.0001452203264,0.6401629259589754,4.063212143364197,1.0364797103503294
2024-10-30 17:00:00,583.9512730791832,1.9202614288444693,3.7041448417033083,2.094320650269023
2024-10-30 18:00:00,583.9024689931701,-0.9078640590416853,1.8002380211668558,3.1551570447047745
2024-10-30 19:00:00,583.8537246203796,-0.8823241749296358,1.8083576712560483,2.8902418832939687
2024-10-30 20:00:00,583.805031406781,-1.4828366368549268,2.9743015709250997,2.4635036591486967
2024-10-30 21:00:00,583.7563811260106,-1.7931186276935023,1.3825767035097127,2.7041607981731266
2024-10-30 22:00:00,583.7077665457931,-1.9031290782907035,3.648547147129694,1.3468153853679063
2024-10-30 23:00:00,583.6591810974436,-0.31527501967514127,6.4492661781479,1.5068277440835736
2024-10-31 00:00:00,583.6106190820641,-1.3220248487223216,1.414649408757792,1.346756357900403
2024-10-31 01:00:00,583.5620757551329,-1.509799525530184,-0.4737645983976793,0.7814883687949808
2024-10-31 02:00:00,583.5135472613831,-2.5963285127870677,-2.796904444161436,0.5396856955654179
2024-10-31 03:00:00,583.465030992467,-4.947754939052857,-1.575066145079619,0.4077900916655669
2024-10-31 04:00:00,583.4165260466015,-1.799237966748251,-0.38045129462075794,0.8731632147675789
2024-10-31 05:00:00,583.3680335307511,-2.2294872313262886,-1.6040427358555132,0.14549643643063656
2024-10-31 06:00:00,583.3195561748909,-2.0213981527482474,-1.0178513673923597,0.7296933452497121
2024-10-31 07:00:00,583.2710982437864,-2.616115301712057,-1.9884005161596472,0.5834175740853416
2024-10-31 08:00:00,583.2226659066334,0.8252802537514299,2.0944578867207007,1.6175959528944241
2024-10-31 09:00:00,583.174267100134,0.47493086285658137,0.17024885606383283,1.4105531809456522
2024-10-31 10:00:00,583.1259116725441,3.771282536239937,-3.3206398307267246,2.0734456219425432
2024-10-31 11:00:00,583.0776114921255,2.4846077861150206,-4.059776179003518,1.0975569007630162
2024-10-31 12:00:00,583.0293802782742,3.0031008678859052,-5.818663071143801,2.5461819249836437
2024-10-31 13:00:00,582.9812334401162,1.6551297417126989,-6.249471961791289,1.803108779962455
2024-10-31 14:00:00,582.933188035143,0.21462265166053385,-1.388670277601312,1.4608595907979456
2024-10-31 15:00:00,582.8852615969214,-0.6637801936767573,-1.057407712562227,0.9559263093176982
2024-10-31 16:00:00,582.837471926243,-0.019261018192310075,4.8019150605566185,1.0198740313926145
2024-10-31 17:00:00,582.7898373216902,6.834520395162031,4.091447368133695,4.814194915014033
2024-10-31 18:00:00,582.7423760667878,6.706979780663346,2.853826228660353,5.436817923888454
2024-10-31 19:00:00,582.6951061460074,6.736570725055913,2.855794071362381,5.86252905757423
2024-10-31 20:00:00,582.6480449424677,5.468659695603151,3.8083534206180927,6.024941941311093
2024-10-31 21:00:00,582.6012092156992,6.366533731346522,1.9105960535393443,6.711660999414856
2024-10-31 22:00:00,582.5546151771352,6.172160543196242,3.785232530420355,6.677991749248288
2024-10-31 23:00:00,582.5082786552698,3.1042716454071524,6.089979787597134,4.747469911725911
2024-11-01 00:00:00,582.4622152689242,2.969125497060986,1.5942202672021428,4.414438966812818
2024-11-01 01:00:00,582.4164398789528,2.308014559150479,-0.3184247587176941,4.843970320614406
2024-11-01 02:00:00,582.3709667110219,1.1379183795364725,-2.9609940921941624,2.7021090016358453
2024-11-01 03:00:00,582.3258092866865,0.07948587139344454,-1.8005556060504224,3.185260447970497
2024-11-01 04:00:00,582.2809801058929,-1.7216609812450088,-0.6307937427736978,2.7214746181256944
2024-11-01 05:00:00,582.2364905690952,-1.1753119854366787,-2.311479580264706,2.4803009966063074
2024-11-01 06:00:00,582.1923514700322,-2.2517544860787666,-1.508806366509278,3.7682093825558187
2024-11-01 07:00:00,582.1485732562887,-1.7013269761616812,-2.4648230783279996,3.7275767982009977
2024-11-01 08:00:00,582.1051658994035,-2.3232053776965813,1.416252028848483,4.8917874494446725
2024-11-01 09:00:00,582.0621388994098,-2.7379750720292577,-0.6116430470412658,3.557479219660792
2024-11-01 10:00:00,582.019500810401,-2.625367095064007,-4.322149317396746,3.188015602059714
2024-11-01 11:00:00,581.977259025902,-1.6267577030960183,-5.1350877222608835,4.1945863994548835
2024-11-01 12:00:00,581.9354199873558,0.2557280046073629,-5.531067891739468,4.999919899776226
2024-11-01 13:00:00,581.8939887611331,0.2211619574420638,-5.764317401223016,4.8891666826478914
2024-11-01 14:00:00,581.852969308463,1.6978538542598471,-1.1723942481432466,4.49157108542043
2024-11-01 15:00:00,581.812364731596,0.6037295228551329,-0.8428145624882984,4.436720308037218
2024-11-01 16:00:00,581.7721769644238,1.5236857307381797,5.270053976819823,5.054083328018195
2024-11-01 17:00:00,581.7324066248085,-0.9289011120080204,4.136057282805819,4.660437204393672
2024-11-01 18:00:00,581.6930528607887,-0.4339001904961606,3.764927222252827,4.775920107454614
2024-11-01 19:00:00,581.6541136498637,-0.5810438102482749,3.7999217059733534,4.997008454411282
2024-11-01 20:00:00,581.6155861913568,-1.0935893381563346,4.377146488795066,5.61085665800443
2024-11-01 21:00:00,581.5774671553085,-0.5682098194073433,2.421573249729632,4.4991694143693035
2024-11-01 22:00:00,581.539751936115,-0.9385661213320873,3.9308994056636557,3.627914779553378
2024-11-01 23:00:00,581.5024342042623,-1.8465019308561068,5.692660242544258,2.7914074840495955
2024-11-02 00:00:00,581.46550550884,0.8787369793727748,1.894765689342062,2.680991822445145
2024-11-02 01:00:00,581.4289553834096,0.7522482243082322,-0.05126935300360138,4.34006574528572
2024-11-02 02:00:00,581.3927718615591,-1.4321869679785095,-2.7641196523598635,5.083534758779205
2024-11-02 03:00:00,581.356942153025,-0.025689114297847482,-1.8847550491910001,6.623502010463884
2024-11-02 04:00:00,581.3214533073144,-0.00447921373393001,-0.638079787336142,6.211105693755653
2024-11-02 05:00:00,581.2862924451049,-1.3051650685358709,-2.527225445288346,5.666098068719237
2024-11-02 06:00:00,581.251447140852,2.127439667137878,-1.771708106180481,3.72282129819063
2024-11-02 07:00:00,581.2169052560583,1.0607392741140984,-2.683947168779886,2.936302638607475
2024-11-02 08:00:00,581.1826545484838,-0.7453460824976901,0.9594574315462782,2.4832341024675615
2024-11-02 09:00:00,581.1486829243956,-2.547071278658109,-1.1938439336464641,2.032232287909005
2024-11-02 10:00:00,581.1149784530076,-1.9103201490952415,-5.25041344956342,2.485755145651238
2024-11-02 11:00:00,581.0815287907845,-0.3319221415580387,-5.9986626984173155,1.1090560491908128
2024-11-02 12:00:00,581.0483201177402,-1.6580763881480607,-5.423061734290649,-1.617181995301543
2024-11-02 13:00:00,581.0153370275806,-1.0255368818047828,-5.6216007013173375,-1.4581994444585018
2024-11-02 14:00:00,580.9825626913082,-0.2581941386382596,-1.2190010741339143,-0.3253674785361279
2024-11-02 15:00:00,580.949979791168,0.8255967945702878,-0.8265891196361737,0.6010125338979204
2024-11-02 16:00:00,580.9175708618208,0.042756008041465066,5.5047562960817125,0.5349168340560104
2024-11-02 17:00:00,580.8853183682521,-0.8826236449041289,3.8535642938986205,-7.776259017246665
2024-11-02 18:00:00,580.8532044751547,0.5714848318223176,4.314548068402357,-6.379237375379329
2024-11-02 19:00:00,580.8212111547641,0.10887388387618557,4.41713165360416,-6.77721669224443
2024-11-02 20:00:00,580.7893200385947,0.45562944470293587,4.607090940588892,-6.802040423886621
2024-11-02 21:00:00,580.7575124350778,-0.8906516463754315,2.7973532508482912,-6.044214039550711
2024-11-02 22:00:00,580.725769541158,-0.3861410510863834,4.0617573041837725,-8.521385794255405
2024-11-02 23:00:00,580.6940727997761,-1.676147249864016,5.281936745259132,-8.979862295171213
2024-11-03 00:00:00,580.6624039632992,-3.745497369548616,2.275894250230247,-8.752800843980879
2024-11-03 01:00:00,580.6307450010601,-3.9254521491373,0.20413231038733537,-6.869425162310096
2024-11-03 02:00:00,580.5990776164225,-2.6031265045699,-2.217933857368023,-4.808017254484559
2024-11-03 03:00:00,580.5673835805173,-2.262636610563277,-1.691495186035159,-3.4232517839188588
2024-11-03 04:00:00,580.5356452188488,-1.4483248493830843,-0.3705496125132479,-3.1967707569524406
2024-11-03 05:00:00,580.5038457359682,-1.4943710912604047,-2.3762511081966675,-2.8932235365111274
2024-11-03 06:00:00,580.4719692855026,-1.2524318867998545,-1.6504232731734172,-1.6391141255294077
2024-11-03 07:00:00,580.4400010423251,-1.12526325349927,-2.549179534046705,-1.3155582547790543
2024-11-03 08:00:00,580.4079272559569,-1.3859045245598054,0.8401368271026881,-3.482159558499832
2024-11-03 09:00:00,580.3757354136706,-1.0079080844295731,-1.561728417767134,-2.786098911473866
2024-11-03 10:00:00,580.3434144476735,-2.2869608993677275,-6.036379403647809,-3.5400741446578854
2024-11-03 11:00:00,580.310954800548,-3.9633779474338553,-6.5611627184003565,-2.4064141347137022
2024-11-03 12:00:00,580.2783482508684,0.6193096152234148,-5.648835352929846,-3.698822513161942
2024-11-03 13:00:00,580.2455880377424,0.7854876245662581,-5.8782674761354485,-2.9328081861732365
2024-11-03 14:00:00,580.2126685537199,0.7680268965990535,-1.6466580760996192,-3.2440373742193875
2024-11-03 15:00:00,580.1795839141843,-1.2196391749703253,-1.0192285909399135,-3.0107161482741724
2024-11-03 16:00:00,580.1463280424445,-2.184891898038586,5.40359795981303,-3.9450341042189874
2024-11-03 17:00:00,580.1128951198444,2.117611575441856,3.3733351847368565,-8.153841880023126
2024-11-03 18:00:00,580.0792798776007,2.9593168280464397,4.417180322406129,-5.385777028053164
2024-11-03 19:00:00,580.0454776535071,2.8598961359195982,4.601383497443555,-5.116757286870228
2024-11-03 20:00:00,580.0114850176424,3.2514577329951635,4.763733086259768,-5.266675836897323
2024-11-03 21:00:00,579.9772999726679,2.814496867698381,3.108825794108957,-3.42062263447523
2024-11-03 22:00:00,579.942922166135,1.4390570345960896,4.27476603544182,-3.966745236172903
2024-11-03 23:00:00,579.9083529866459,1.6467369254943378,4.9566040643304525,-3.9016939764706646
2024-11-04 00:00:00,579.8735959037348,1.7895499498736172,2.551048545423366,-2.4441943990317303
2024-11-04 01:00:00,579.838656626669,2.3910321610504752,0.38368085487301173,-2.243369642592491
2024-11-04 02:00:00,579.8035431188806,3.4143151714750957,-1.6412608346602737,-2.1665974556953724
2024-11-04 03:00:00,579.7682659095648,2.3917912026837485,-1.3696553787079369,-1.80040173354055
2024-11-04 04:00:00,579.7328373723102,1.790092387608297,0.1271603311127968,-2.840090091031367
2024-11-04 05:00:00,579.6972717763705,2.338406588261705,-1.8871997963552982,-1.6184785682769325
2024-11-04 06:00:00,579.6615850008586,0.9872123413352938,-1.3248309883695704,0.15603364617571916
2024-11-04 07:00:00,579.6257946308787,1.0835529401497297,-2.205464328096294,0.23611675706788807
2024-11-04 08:00:00,579.5899199051066,0.2351627124018023,0.9744885472055221,0.06042883528604484
2024-11-04 09:00:00,579.5539817676954,2.0555727789288767,-1.62652860133546,-0.46302594528881197
2024-11-04 10:00:00,579.5180019009722,2.6990445199503483,-6.232027562053571,-0.9850188588689663
2024-11-04 11:00:00,579.4820025550455,0.25730696013351917,-6.868703768393992,-1.5206057467850616
2024-11-04 12:00:00,579.4460067128849,2.2759957264156583,-6.096293779752975,0.7142913404524187
2024-11-04 13:00:00,579.4100382563803,2.6350032151082132,-6.327206098712505,0.5921646272239047
2024-11-04 14:00:00,579.3741216244531,0.5414397818682346,-2.299012854527071,-1.346548551794329
2024-11-04 15:00:00,579.3382820008412,1.7387133906871668,-1.345378817768877,-1.9516165737595688
2024-11-04 16:00:00,579.3025449566863,1.7169985802278234,5.072911084567356,-1.9724546214815957
2024-11-04 17:00:00,579.2669360870794,0.9938444209429917,2.9218673805754976,-1.8926478885979776
2024-11-04 18:00:00,579.2314806618034,-0.19871670430109134,4.019161829416732,-2.2919257869190783
2024-11-04 19:00:00,579.1962034294155,0.07779974857635352,4.300766452960216,-2.2447696309520366
2024-11-04 20:00:00,579.1611289706867,-0.683416283806082,4.734262159173143,-2.771974846053742
2024-11-04 21:00:00,579.1262814369569,-0.19943404601337988,3.21965418313979,-2.5665015740832553
2024-11-04 22:00:00,579.0916839302714,-0.7664651812817738,4.396191290033318,-2.1314100390229873
2024-11-04 23:00:00,579.057358510364,-1.8732478123782812,4.810327293788141,-1.6644379917739218
2024-11-05 00:00:00,579.023326456549,-1.1109421093433411,2.798914861110366,-2.5412992083160337
2024-11-05 01:00:00,578.9896084511387,-1.6361626931949331,0.58117024884812,-3.0546160067918673
2024-11-05 02:00:00,578.9562247064354,-0.34542874391797795,-1.1198765313947232,-1.9509194311226377
2024-11-05 03:00:00,578.9231948638165,-2.0206455920858843,-0.9797008174601518,-1.7928484542704983
2024-11-05 04:00:00,578.890537595528,-1.1935537002427736,0.720998620688336,-1.4179825159735646
2024-11-05 05:00:00,578.858270428672,-1.4632916219115941,-1.2283937013954518,-2.3665851053649436
2024-11-05 06:00:00,578.8264099814892,-1.8985265234142616,-1.0774999304924804,-2.8903835275823835
2024-11-05 07:00:00,578.7949721766428,-1.3571693018614042,-1.8835422874836525,-2.5342605872977426
2024-11-05 08:00:00,578.7639724538215,-0.7713204408266847,1.1854803864291332,-2.7681323994239766
2024-11-05 09:00:00,578.7334251484565,0.1622916786548103,-1.396701599955302,-2.759015227155959
2024-11-05 10:00:00,578.7033435665792,-0.6759356058914818,-6.00571492224185,-2.6216930384458164
2024-11-05 11:00:00,578.6737400456736,-1.1300627023849756,-6.892525792482106,-3.081151550806503
2024-11-05 12:00:00,578.6446262848498,-0.92106722857352,-6.505575892663596,-2.0179831636125978
2024-11-05 13:00:00,578.61601364146,-1.6137853694275464,-6.758523173466644,-1.543705098565732
2024-11-05 14:00:00,578.587913408253,0.8292602469589383,-3.0084658040812915,-2.28870785113064
2024-11-05 15:00:00,578.5603368877905,0.0740569737495207,-1.799298432304614,-2.3550954292354698
2024-11-05 16:00:00,578.5332950266715,1.207821335534959,4.59883024224772,-2.1699466044541857
2024-11-05 17:00:00,578.5067982278551,-0.8006991882746206,2.619688740440322,1.0742122199791853
2024-11-05 18:00:00,578.4808562622029,-0.7074656190814039,3.533150943722749,1.3034584131558118
2024-11-05 19:00:00,578.4554782286084,-0.5859658321493271,3.901028485851923,1.029459117688886
2024-11-05 20:00:00,578.4306725588906,-1.7693174432847627,4.627421598541691,0.4112232858525785
2024-11-05 21:00:00,578.4064472653016,-0.8858315289544407,3.193017427231381,-0.23363316357843478
2024-11-05 22:00:00,578.3828097348472,0.5800063055430655,4.277050582414196,0.9701333771955223
2024-11-05 23:00:00,578.3597665180905,1.572889046160526,4.850907646180631,1.1064367895683174
2024-11-06 00:00:00,578.3373228317236,1.0134273136335423,3.0900433651833326,0.5392064894596663
2024-11-06 01:00:00,578.3154821075857,-0.23732416425923475,0.8443224936437682,0.6175195630297778
2024-11-06 02:00:00,578.2942463565262,0.6553829636609407,-0.6673741131764577,0.3677447929893025
2024-11-06 03:00:00,578.273616179874,-0.22778404915447936,-0.5926576667849623,-0.02317446393465676
2024-11-06 04:00:00,578.2535906675168,0.48051053253391274,1.1991271027715276,-0.7932283028222943
2024-11-06 05:00:00,578.2341673224015,0.9020532517806714,-0.611118446720864,-1.3151021274612351
2024-11-06 06:00:00,578.2153423470807,1.3920254541973236,-0.9842576040894215,-1.1131101971885342
2024-11-06 07:00:00,578.1971110139674,0.4378501538524233,-1.619296570706762,-0.6256645971130308
2024-11-06 08:00:00,578.1794686898947,1.976721754502364,1.3616925095222738,-1.0378829539194439
2024-11-06 09:00:00,578.1624110009271,-0.539941053243524,-1.200076220783695,-0.4123937268999228
2024-11-06 10:00:00,578.1459338281198,-0.5496381034226943,-5.685580063045491,-0.040715661651679086
2024-11-06 11:00:00,578.1300331598411,1.0695752601461663,-6.7068211483445594,0.03721272835729103
2024-11-06 12:00:00,578.1147046937784,-0.7989843137775097,-6.903328786037781,0.2576084060368698
2024-11-06 13:00:00,578.0999435312779,-1.2731939637558298,-7.21296124840972,0.5862116808876549
2024-11-06 14:00:00,578.0857445558959,-2.2575975573181495,-3.5253564267541972,0.3572094281764329
2024-11-06 15:00:00,578.0721033119239,-0.14518155560949708,-2.2211568628631055,0.9642351065487119
2024-11-06 16:00:00,578.0590162652065,-0.3768508424830088,4.1759499861302425,0.9518845911461365
2024-11-06 17:00:00,578.0464806948069,-0.891463850504806,2.438220163275745,2.116762992422205
2024-11-06 18:00:00,578.0344947584354,-0.9973435540273385,3.1347275387757816,3.128121256816165
2024-11-06 19:00:00,578.0230574977293,-1.046639018067026,3.5508711811627687,2.8827103391749493
2024-11-06 20:00:00,578.0121685801463,0.8469562415837117,4.5113982647494995,2.499476913520518
2024-11-06 21:00:00,578.0018286379403,1.1169967424303877,3.1007179873584683,2.78045663227083
2024-11-06 22:00:00,577.992039362345,0.7635361931471607,4.033198128096363,1.5212263164113267
2024-11-06 23:00:00,577.98280298936,0.03783944994916055,4.992137317041744,1.6272202436490246
2024-11-07 00:00:00,577.9741208251464,-0.023360675502885897,3.3308631643748003,1.5883766859816422
2024-11-07 01:00:00,577.9659926215654,0.35247243712501586,1.0850796203786448,1.0564553209309007
2024-11-07 02:00:00,577.958415909444,0.013524175184556952,-0.43053369653028595,0.8685936119016283
2024-11-07 03:00:00,577.951386080067,0.1502165542797229,-0.21062962234828878,0.6790269880016508
2024-11-07 04:00:00,577.9448969154497,-0.5458341908386046,1.5148333659387505,1.186103909450124
2024-11-07 05:00:00,577.9389411322061,-0.22168472832515818,-0.14307099277458132,0.5158145888937055
2024-11-07 06:00:00,577.9335102758891,0.22328635624637627,-0.8372687093518242,1.150472077216383
2024-11-07 07:00:00,577.9285945335678,-0.16800969994346815,-1.3170836902248448,1.0764988566005171
2024-11-07 08:00:00,577.9241827262433,0.1322363049781643,1.5116515443325336,1.971929424445986
2024-11-07 09:00:00,577.9202626082247,-0.3411424553753477,-1.1016494024412677,1.5425292495919034
2024-11-07 10:00:00,577.9168212632859,-1.0599068898627593,-5.277588845280988,2.2906744718578254
2024-11-07 11:00:00,577.9138453642095,-1.0674706684011426,-6.296306673735211,1.3299319779268715
2024-11-07 12:00:00,577.9113213161133,-1.5721249632780427,-7.310605631449334,2.8814092786139676
2024-11-07 13:00:00,577.9092352537158,-1.1977638517383866,-7.66913888941345,2.1676674874361628
2024-11-07 14:00:00,577.9075728226436,-1.2997344417784689,-3.885918451306531,1.73808007044145
2024-11-07 15:00:00,577.9063191065296,-1.1035217492454876,-2.5621977544362453,1.2094003971521714
2024-11-07 16:00:00,577.9054587612723,-1.4014224820738264,3.7355071957019206,1.2604565250997077
2024-11-07 17:00:00,577.9049760664539,-3.3230037299578044,2.3318880252005876,4.98613963830332
2024-11-07 18:00:00,577.9048547733383,-4.161634561711935,2.8883088063180034,5.47847098205561
2024-11-07 19:00:00,577.9050781955144,-3.8423628710127105,3.3008430109149027,5.886441664583371
2024-11-07 20:00:00,577.9056290782903,-5.941153043140162,4.447857038881219,5.997666925968533
2024-11-07 21:00:00,577.9064892512255,-3.242522068536914,2.939885238912796,6.64614757839866
2024-11-07 22:00:00,577.9076402498757,-2.18649556071432,3.80775965974943,6.711095651089232
2024-11-07 23:00:00,577.9090628196963,-2.931801616879511,5.111766638367442,4.660972158815857
2024-11-08 00:00:00,577.910736665356,-0.258911898425481,3.4628011488099566,4.445374084259487
2024-11-08 01:00:00,577.9126407909826,0.3068917575182013,1.253850089706045,4.8766173617932385
2024-11-08 02:00:00,577.9147534093415,-1.160502772772361,-0.4564503581531897,2.692199721584111
2024-11-08 03:00:00,577.9170519590562,-0.589858263012502,0.0316311580826928,3.251175145873605
2024-11-08 04:00:00,577.9195139911582,0.5174889666034233,1.707022432380513,2.855974609857861
2024-11-08 05:00:00,577.922117093452,-0.7823796725061811,0.14273873990871694,2.6275238391453772
2024-11-08 06:00:00,577.9248384139976,-2.012391811138741,-0.7320893054253261,4.009642702566622
2024-11-08 07:00:00,577.9276543879216,-1.4693401293799297,-1.1727341285859199,3.9444198700442485
2024-11-08 08:00:00,577.9305410693432,-3.3221754748294643,1.6266590258698166,4.964975379616465
2024-11-08 09:00:00,577.9334746065922,-1.775356441891745,-1.0843620348168355,3.5362438701164773
2024-11-08 10:00:00,577.936431225008,-1.9884103272992206,-4.830773082786891,3.4827521850781236
2024-11-08 11:00:00,577.9393875217402,-1.2954889428297065,-5.984986835082934,4.1810882561725595
2024-11-08 12:00:00,577.9423210972867,-2.9517884904574885,-7.418363252786697,4.92783064595746
2024-11-08 13:00:00,577.9452107320183,-2.7251253667749324,-7.8058863954280335,4.715801030184737
2024-11-08 14:00:00,577.948036172455,-4.088877060162304,-4.095322354186336,4.366163241893716
2024-11-08 15:00:00,577.9507779929289,-4.13424953524725,-2.8402029796767496,4.233674521995127
2024-11-08 16:00:00,577.9534179664068,-4.127389780847352,3.2415196214107547,4.902452193029844
2024-11-08 17:00:00,577.9559391829887,-3.1500811734429135,2.3888797449106045,4.5352622455436435
2024-11-08 18:00:00,577.958326277638,-3.6237303104920784,2.787721493467784,4.797682539386286
2024-11-08 19:00:00,577.9605652976134,-3.713521754527733,3.1676455855754444,4.995310871338884
2024-11-08 20:00:00,577.9626435179523,-3.3641685330489963,4.446905904241486,5.324619110855252
2024-11-08 21:00:00,577.9645488695936,-3.250743360624142,2.7021045142045677,4.304089976825896
2024-11-08 22:00:00,577.9662692785485,-4.591896157553833,3.565242575037979,3.4603843039674747
2024-11-08 23:00:00,577.9677924878885,-3.440674349207029,5.166500323571094,2.546381537747486
2024-11-09 00:00:00,577.9691062902423,-3.7521314718367194,3.485825754195297,2.657199427399209
2024-11-09 01:00:00,577.9701986196392,-4.085142238641765,1.3945606308731855,4.240382988129333
2024-11-09 02:00:00,577.9710577225221,-4.292519627494926,-0.6192107572046729,4.970672662177412
2024-11-09 03:00:00,577.9716724506346,-4.397034293984007,0.1355400709043761,6.639821772444925
2024-11-09 04:00:00,577.9720328909194,-3.3198368281969124,1.7967678548404378,6.481036082436983
2024-11-09 05:00:00,577.972129589264,-2.6241656065344614,0.2613787883637014,5.760657228906747
2024-11-09 06:00:00,577.97195318816,-5.5398862339361585,-0.7680522641732885,3.8659853099494073
2024-11-09 07:00:00,577.9714943804835,-6.513913734679022,-1.1329385119649045,2.9953578661605036
2024-11-09 08:00:00,577.9707435465025,-3.2583810374864015,1.707783443057262,2.6598540479267023
2024-11-09 09:00:00,577.9696905472312,-4.746789312947044,-1.0198641493050806,2.3669629150210434
2024-11-09 10:00:00,577.9683257619099,-3.7175827577590326,-4.378889861454188,2.9181468573033835
2024-11-09 11:00:00,577.9666405591693,-3.0240552888346883,-5.8317678804635555,1.2991826101288972
2024-11-09 12:00:00,577.9646270109932,-2.1367538764786786,-7.109611594505949,-1.8182615400085773
2024-11-09 13:00:00,577.9622775580594,-2.040623173210861,-7.5217651638740115,-1.6898892209746108
2024-11-09 14:00:00,577.9595853315858,0.39668659714413934,-4.091999267917029,-0.8342726608129286
2024-11-09 15:00:00,577.9565445936206,-0.05404929147232451,-2.9399105994616224,0.16741529731336896
2024-11-09 16:00:00,577.9531505477541,0.5624708467007622,3.0022916781267512,0.19208692741840855
2024-11-09 17:00:00,577.9493991996876,1.8249677073339399,2.58364596861937,-7.928012875641025
2024-11-09 18:00:00,577.9452871969454,0.8299835155464734,2.719982978663536,-6.615253691155383
2024-11-09 19:00:00,577.9408116790828,0.7977911714228867,3.0682223602400533,-7.046825210745699
2024-11-09 20:00:00,577.9359700994495,1.0232141901601608,4.358846968492683,-7.098031258102318
2024-11-09 21:00:00,577.930760306603,1.2927359094686608,2.405398008218588,-6.158894224290266
2024-11-09 22:00:00,577.9251808862676,0.1853076941076779,3.2790432426289775,-8.639531823004324
2024-11-09 23:00:00,577.919232567875,2.594080974076178,5.14113680826889,-8.904450350220188
2024-11-10 00:00:00,577.9129181598815,0.63168157906739,3.255220718051012,-8.409820456999862
2024-11-10 01:00:00,577.9062423541108,1.172243842560647,1.3067264748241465,-6.665212671495459
2024-11-10 02:00:00,577.8992120069385,2.3016653846379995,-0.8596183584795287,-4.511259033096893
2024-11-10 03:00:00,577.8918360678474,3.0220594511836225,0.08638140460490486,-3.2302769236359286
2024-11-10 04:00:00,577.8841253081298,0.6349479577213515,1.7902695512565814,-3.17934281710773
2024-11-10 05:00:00,577.8760922157434,1.3808842723587986,0.2642011288755323,-2.9011776169777255
2024-11-10 06:00:00,577.867750826935,3.3139714429961487,-0.9763744968984742,-1.7653477730325728
2024-11-10 07:00:00,577.8591172129768,3.8148776731055705,-1.1687611131422861,-1.5752337729401387
2024-11-10 08:00:00,577.8502090774622,6.872090230943741,1.7880797607314345,-3.590379069137369
2024-11-10 09:00:00,577.8410459969863,4.08967967690694,-0.8436916746198819,-3.0670339992734
2024-11-10 10:00:00,577.8316498445948,4.54325740110221,-3.9483445926768774,-3.6165626530202006
2024-11-10 11:00:00,577.8220445795631,3.5570870773736942,-5.713313516290644,-2.6058181406462126
2024-11-10 12:00:00,577.8122553961207,-0.5863930521135217,-6.668915763946729,-3.6769465800604197
2024-11-10 13:00:00,577.8023090453298,-0.46178010825099136,-7.1525693558935775,-2.937959581185272
2024-11-10 14:00:00,577.7922341589741,0.9282443026505689,-3.9871984618991356,-3.173279999725691
2024-11-10 15:00:00,577.7820610213702,0.35156498351545906,-2.8878910986235797,-3.0057349062621084
2024-11-10 16:00:00,577.77182116811,-0.12107324862995483,3.1231086982520915,-3.893856617732123
2024-11-10 17:00:00,577.7615471063464,0.6378218846219852,2.7571201842240276,-8.226489175192429
2024-11-10 18:00:00,577.7512722275322,1.8222665319858606,2.700847687394522,-5.54438644691265
2024-11-10 19:00:00,577.7410307381901,1.910071966918963,3.011811345790812,-5.322914050899845
2024-11-10 20:00:00,577.7308572746366,2.3049634869254305,4.064024871979226,-5.6098456335412825
2024-11-10 21:00:00,577.7207860276033,1.449698819984178,2.2804079891151514,-3.550892836702611
2024-11-10 22:00:00,577.710850521081,1.554877255192764,3.182290756183952,-4.0380185324578175
2024-11-10 23:00:00,577.7010829620194,0.5498643366469196,5.180363268135102,-3.9113105668014394
2024-11-11 00:00:00,577.6915142943358,2.264734533607566,2.8404410517391345,-2.826689879682478
2024-11-11 01:00:00,577.6821739418394,1.593143664603872,0.9540094821533176,-2.649327088596582
2024-11-11 02:00:00,577.6730895516613,1.5161804956284186,-1.1109076327820704,-2.4383624145075955
2024-11-11 03:00:00,577.6642871332883,1.063381587382196,-0.10215912856530969,-1.9055095921052299
2024-11-11 04:00:00,577.6557908709331,1.8000030453363252,1.7221432622566981,-2.9079371785261516
2024-11-11 05:00:00,577.6476235296177,1.9757984878781372,0.2319799828917578,-1.8754020003876142
2024-11-11 06:00:00,577.6398072925688,1.5476720366616519,-1.1971405181358337,-0.07033881109467158
2024-11-11 07:00:00,577.6323639515156,1.1649890893417023,-1.266250238907452,-0.09110280194982645
2024-11-11 08:00:00,577.6253138593171,2.0475243841616475,2.1032999011815567,-0.1161381446603523
2024-11-11 09:00:00,577.6186747329618,0.9521442319324933,-0.6118339517095311,-0.5889850131847768
2024-11-11 10:00:00,577.612461175074,3.30656030481191,-3.626378761169904,-1.352642718715982
2024-11-11 11:00:00,577.6066842082763,2.6183651940131085,-5.612149352146662,-1.712900050142864
2024-11-11 12:00:00,577.6013520299031,4.762631714673489,-6.391608064513961,0.4976243199375239
2024-11-11 13:00:00,577.5964703288194,4.777446064873629,-6.973087531985479,0.31917113829247346
2024-11-11 14:00:00,577.5920424821821,4.918910702942526,-4.131616668419763,-1.6893365167049161
2024-11-11 15:00:00,577.5880694831633,4.468496093185649,-2.8052743707581707,-2.161291205590708
2024-11-11 16:00:00,577.5845501227656,3.3150596916531185,3.3146132610773806,-2.2342230754961094
2024-11-11 17:00:00,577.5814812467663,5.2579758637766645,2.8266246068233998,-2.106081717366429
2024-11-11 18:00:00,577.5788574324941,5.434245626011943,2.687009945938414,-2.3801130044444223
2024-11-11 19:00:00,577.5766711494625,5.630529288806201,2.9537939134926385,-2.3509943517614524
2024-11-11 20:00:00,577.5749134636372,4.689980349796883,3.7593512515445573,-2.9042450649786495
2024-11-11 21:00:00,577.5735746639621,3.8709516637937895,2.403843657628137,-2.7583699853839914
2024-11-11 22:00:00,577.5726437197688,5.518883880495196,3.359615552286049,-2.3511431525500393
2024-11-11 23:00:00,577.5721077970929,5.7194422198259645,5.270406731389489,-1.8619567483083772
2024-11-12 00:00:00,577.571952544773,8.364595411358664,2.415857718980763,-2.642405675112366
2024-11-12 01:00:00,577.5721622303413,8.118993169891382,0.5272753671111848,-3.0384307673439137
2024-11-12 02:00:00,577.5727203139216,4.943081053713172,-1.3879151227966577,-2.067886244838196
2024-11-12 03:00:00,577.5736098972161,4.4947087025042265,-0.2944653185354368,-1.9038532811848714
2024-11-12 04:00:00,577.5748140193643,4.866910775263136,1.7068478399919365,-1.6285726346194975
2024-11-12 05:00:00,577.576315369614,4.400939048181613,0.3036408244533707,-2.7208952422490458
2024-11-12 06:00:00,577.5780959355467,5.402398547829307,-1.2938749069669975,-3.006619576409119
2024-11-12 07:00:00,577.5801363993846,4.824303499448661,-1.3551436087089033,-2.6092962901243792
2024-11-12 08:00:00,577.582416264863,4.861630890671222,2.680193270895862,-2.89424042643005
2024-11-12 09:00:00,577.5849140403716,4.614069708816146,-0.32997513358660613,-2.96900861560117
2024-11-12 10:00:00,577.5876072805409,4.653617831418387,-3.4470593448760933,-2.874165767083266
2024-11-12 11:00:00,577.5904731682817,3.6017610186778484,-5.619557795822908,-3.3426763911366812
2024-11-12 12:00:00,577.5934884454635,6.784165589551094,-6.231541789317042,-2.106112245697715
2024-11-12 13:00:00,577.5966297445575,6.706576852103126,-6.882856355158284,-1.6703502415022702
2024-11-12 14:00:00,577.5998736743081,9.138466609985926,-4.450112151454963,-2.438228132839019
2024-11-12 15:00:00,577.6031965823934,7.052069050591058,-2.74790902837701,-2.407356604607502
2024-11-12 16:00:00,577.6065741009604,6.35858773837424,3.475408027254262,-2.3005698665889924
2024-11-12 17:00:00,577.6099813971274,3.1432019549674806,2.8064050838699557,1.1104115640351206
2024-11-12 18:00:00,577.6133929419705,-2.01522280935626,2.5182050399734277,1.3336248274124867
2024-11-12 19:00:00,577.6167829595935,-2.026469400581391,2.787589225382667,1.0520972156052033
2024-11-12 20:00:00,577.6201262808147,-3.395994727844254,3.464005023367049,0.44186342366251513
2024-11-12 21:00:00,577.6233978717003,-3.556984608800576,2.543749570782287,-0.13016283368204848
2024-11-12 22:00:00,577.626573488521,-1.343957386402849,3.5998982311417635,1.097485666740131
2024-11-12 23:00:00,577.6296312153875,0.09939882972332725,5.341482440243375,1.169487514645881
2024-11-13 00:00:00,577.6325516473189,-0.1541792115174303,2.1415445342302912,0.4700830299682742
2024-11-13 01:00:00,577.6353176604431,-0.09343079069640225,0.2969509578152866,0.6211621724380761
2024-11-13 02:00:00,577.6379143112023,-0.04602192961772289,-1.6082210686252048,0.39632868704061014
2024-11-13 03:00:00,577.6403286651648,0.04334333574513494,-0.36235693405966624,0.23868493314962597
2024-11-13 04:00:00,577.6425497751569,-0.43543483157452556,1.8558958605803693,-0.553010804162818
2024-11-13 05:00:00,577.6445687286125,0.0039464661564352355,0.5222484547144121,-1.2807636494833077
2024-11-13 06:00:00,577.6463784395479,-1.0608475128824466,-1.28239071806261,-1.0431402086028574
2024-11-13 07:00:00,577.6479732027151,-0.32192281226355135,-1.3612570831495774,-0.5447933073020846
2024-11-13 08:00:00,577.6493486833155,-2.1332684645807376,3.334364782219216,-0.9504450009540514
2024-11-13 09:00:00,577.6505022123318,-0.42991977407029935,-0.012258575998372424,-0.29832386226324253
2024-11-13 10:00:00,577.6514325873812,-0.43947958872411164,-3.4168516378897085,-0.4051013607673512
2024-11-13 11:00:00,577.6521396078366,-0.10017014448999362,-5.6239398132199145,-0.17802965012674232
2024-11-13 12:00:00,577.6526243060786,-0.4872223649847456,-6.214284249795785,0.2088823087019435
2024-11-13 13:00:00,577.6528886715062,-0.8051746796601265,-6.918575558826489,0.5308615669804256
2024-11-13 14:00:00,577.6529349322326,-0.7761219619549138,-4.736434594327339,0.11962162404962529
2024-11-13 15:00:00,577.6527649436549,-2.2102799217575466,-2.803394349748563,0.700909327851241
2024-11-13 16:00:00,577.6523806187986,-1.3657742843403184,3.464551613137019,0.6288420524047619
2024-11-13 17:00:00,577.6517837659663,-6.171250669893652,2.640878119876752,2.2085887840505753
2024-11-13 18:00:00,577.6509761148621,-3.4772280853286475,2.206258718391097,3.2299932520754524
2024-11-13 19:00:00,577.6499596711361,-3.6169540351271507,2.5387014816274136,2.9782928823636214
2024-11-13 20:00:00,577.6487368146254,-4.634539873890162,3.147953561791876,2.5778494974729163
2024-11-13 21:00:00,577.647310504646,-4.253695988730215,2.7313656772075494,2.8850198068765662
2024-11-13 22:00:00,577.6456854967827,-3.70785077732387,3.7965821050234796,1.7755831755176488
2024-11-13 23:00:00,577.6438695295944,-5.041600044987831,5.49598203605294,1.711748479340348
2024-11-14 00:00:00,577.641873161021,-6.0693589199821645,2.054452958118098,1.9230328008431132
2024-11-14 01:00:00,577.6397097928266,-6.070675092935744,0.2251517121221403,1.4758135879869785
2024-11-14 02:00:00,577.6373957685081,-5.006364078164438,-1.5750205192144036,1.1739888288707296
2024-11-14 03:00:00,577.6349498920854,-6.575874967079699,-0.36901529175790326,1.0199403667523368
2024-11-14 04:00:00,577.6323927162503,-5.920409830082235,2.0042158338631424,1.4038012799688606
2024-11-14 05:00:00,577.6297463278023,-6.793272792077005,0.8325487163138219,0.7609777479608189
2024-11-14 06:00:00,577.6270342199799,-8.560705849441433,-1.17516074230624,1.3588323717677877
2024-11-14 07:00:00,577.6242815510276,-7.543464443933317,-1.2999773109123147,1.4091602038181739
2024-11-14 08:00:00,577.62151493785,-4.9316169431593835,3.815188636086439,2.1449133692229965
2024-11-14 09:00:00,577.6187625783589,-5.621583392005618,0.19426389347961323,1.548556920167117
2024-11-14 10:00:00,577.6160537205642,-5.959350824105286,-3.613581345827439,2.3568784493685313
2024-11-14 11:00:00,577.6134182091257,-5.495891807339717,-5.5729328041592465,1.6154064023732493
2024-11-14 12:00:00,577.610886232264,-7.393804809715448,-6.426416075671833,3.0893346531232733
2024-11-14 13:00:00,577.6084885131171,-7.997232610506444,-7.171090484287247,2.449834581676608
2024-11-14 14:00:00,577.6062566838899,-7.039297402238276,-5.045826379717287,2.1088670980655864
2024-11-14 15:00:00,577.6042235542021,-5.20708591316577,-2.90584076111676,1.7287031200804712
2024-11-14 16:00:00,577.6024230300156,-4.98200102796045,3.29600980686019,1.663568191084688
2024-11-14 17:00:00,577.600889917091,-5.64777112849481,2.4160378774991678,5.080843333904686
2024-11-14 18:00:00,577.5996598544775,-4.707955823521161,1.901123158762668,5.527172810281016
2024-11-14 19:00:00,577.5987693160153,-5.092257803869643,2.3142738908392655,5.909214597015195
2024-11-14 20:00:00,577.5982552644932,-5.077911094544106,2.9300473448435413,5.979608485207326
2024-11-14 21:00:00,577.5981549625839,-3.9392192266640222,3.076638363561038,6.504425900519056
2024-11-14 22:00:00,577.598505493032,-0.07343070372951388,4.032592361425334,6.482332849272137
2024-11-14 23:00:00,577.5993416113367,-4.425373484394186,5.802070841783755,4.493961031273616
2024-11-15 00:00:00,577.600696131671,-4.949272360615623,2.099724655708602,4.438851573236028
2024-11-15 01:00:00,577.6026005984922,-5.885488671581129,0.18559985799913764,4.807288215089823
2024-11-15 02:00:00,577.6050854857684,-5.506050269898992,-1.2617728136520419,2.7827375977825626
2024-11-15 03:00:00,577.6081804595194,-4.140722151393788,-0.27334087152377906,3.3158825633981825
2024-11-15 04:00:00,577.6119136517547,-3.115050611638935,2.08554504148417,2.8975919184001744
2024-11-15 05:00:00,577.6163121955999,-2.1093546485139996,1.1743601955993461,2.8186822573147934
2024-11-15 06:00:00,577.6214025415543,-3.246250597509288,-0.7597179000336687,4.274565955988636
2024-11-15 07:00:00,577.6272101111541,-2.4194111701901875,-1.0844889479054323,4.166690006941494
2024-11-15 08:00:00,577.6337605472112,0.001963841518772824,4.118016720732791,4.956258890537206
2024-11-15 09:00:00,577.6410803340068,-1.4091655124778981,0.3258655844648654,3.5522195940062256
2024-11-15 10:00:00,577.649196573048,-2.5430494108701396,-3.932634905545176,3.786487743367337
2024-11-15 11:00:00,577.658136511587,-2.931823794382467,-5.479451429461345,4.223138712256904
2024-11-15 12:00:00,577.6679276329047,-6.196218668143501,-7.070555813370242,4.9488468486090875
2024-11-15 13:00:00,577.6785975546069,-6.438398366960087,-7.845147989031109,4.65494880138426
2024-11-15 14:00:00,577.690174208996,-5.026402976137888,-5.572762331488782,4.408991098630607
2024-11-15 15:00:00,577.7026860862293,-6.775007073897086,-3.2650107085577216,4.2973316962255925
2024-11-15 16:00:00,577.7161618663448,-5.635092735442527,2.821958912013785,4.926971957083986
2024-11-15 17:00:00,577.7306301161047,1.4287783913821386,2.2287879491959837,4.78180354331709
2024-11-15 18:00:00,577.7461198984987,-0.26492908288014405,1.725069078896166,4.963740105485234
2024-11-15 19:00:00,577.762660556103,-0.044590201604364665,2.2267009307362478,5.175228714765097
2024-11-15 20:00:00,577.7802811306409,1.1173564398063718,2.9460956568181698,5.33626677273444
2024-11-15 21:00:00,577.7990102169883,0.7783311448177983,3.510698915755638,4.561959722438203
2024-11-15 22:00:00,577.818875700436,1.0339713954939498,4.266237302700264,3.7109156013698055
2024-11-15 23:00:00,577.8399061724068,1.439580898850295,6.1228042211591465,2.8477087075837475
2024-11-16 00:00:00,577.862131349535,0.6383418379469958,2.4114146240226924,3.0281121884953706
2024-11-16 01:00:00,577.8855819940861,2.2208333044559367,0.2534636001327569,4.430121101325173
2024-11-16 02:00:00,577.9102894188018,0.170804885366465,-0.7561730663932853,5.335078762225097
2024-11-16 03:00:00,577.936285465598,2.948579199820415,0.02619529204244095,7.088940042539207
2024-11-16 04:00:00,577.9636027869733,3.3777520118791244,2.221679931004211,7.026965270143363
2024-11-16 05:00:00,577.9922743129653,3.118273885064923,1.4431611158639575,6.176290686105894
2024-11-16 06:00:00,578.0223323667592,1.361045014185379,-0.10358012693441779,4.3902027459897415
2024-11-16 07:00:00,578.053808574722,2.275748396237759,-0.8046463002477762,3.425089329288133
2024-11-16 08:00:00,578.0867333020406,2.5988867175568657,4.267804443858083,3.156575536544591
2024-11-16 09:00:00,578.1211354943595,2.5855610313158195,0.24934362846534164,3.033959845859402
2024-11-16 10:00:00,578.157041833723,3.1766240385867377,-4.2827584434868164,3.7390925711770233
2024-11-16 11:00:00,578.1944764133265,2.354822428813918,-5.496871839288459,1.937572997148072
2024-11-16 12:00:00,578.2334615167755,3.1805572231287442,-7.833322391477317,-1.5606963484269902
2024-11-16 13:00:00,578.2740176697645,3.2604256926236985,-8.65982694151335,-1.404616420874799
2024-11-16 14:00:00,578.3161635632547,4.122046970077008,-6.202906747219875,-1.0753037861118115
2024-11-16 15:00:00,578.3599160592954,1.8309767125848566,-3.9086303021783415,0.09773753029808589
2024-11-16 16:00:00,578.4052905280076,2.259206578765088,2.029512432041096,0.2659904611862406
2024-11-16 17:00:00,578.4523009057314,0.1265944480850294,2.168044813810076,-7.876940167626403
2024-11-16 18:00:00,578.5009595701173,0.2065834209275863,1.682314062104887,-6.589857053149807
2024-11-16 19:00:00,578.5512771498104,0.431885545489763,2.2845397629270288,-7.017702458227185
2024-11-16 20:00:00,578.6032622046231,-0.5648188771128844,3.152937844371536,-7.11138117188171
2024-11-16 21:00:00,578.6569212030014,0.4159039751424416,3.779304047392989,-5.9321292255368245
2024-11-16 22:00:00,578.7122587490168,-0.2446663315903379,4.396941247846486,-8.404533665272929
2024-11-16 23:00:00,578.7692770019939,0.3222772177708748,6.366667643317334,-8.718221863082178
2024-11-17 00:00:00,578.8279755607174,2.652625059467141,2.9530712239917345,-7.7436718441762
2024-11-17 01:00:00,578.8883512894517,3.1711681510780636,0.5416661994149775,-6.0811856399448
2024-11-17 02:00:00,578.9503982694185,0.7147724863477833,-0.12415165373057101,-3.9010191020357565
2024-11-17 03:00:00,579.0141075669727,-2.0235636255673626,0.4368332916249925,-2.577377233030382
2024-11-17 04:00:00,579.0794674953733,-2.4213717143524036,2.33732164411079,-2.5354174251316386
2024-11-17 05:00:00,579.1464635952107,-5.249914208808605,1.5988684662511534,-2.335417852653259
2024-11-17 06:00:00,579.2150787118973,-3.4450757023682854,0.714975017255901,-1.6649780267848615
2024-11-17 07:00:00,579.2852929330099,-3.169314186474139,-0.4956668384195761,-1.6803119081161884
2024-11-17 08:00:00,579.3570839774217,-3.4375366635865703,4.271445900314279,-3.7909932141493545
2024-11-17 09:00:00,579.4304270691703,-2.682332232837439,0.07871139571027373,-3.016806232043055
2024-11-17 10:00:00,579.5052947348422,-2.4787539134675853,-4.521787928137233,-3.4147528932374
2024-11-17 11:00:00,579.5816568461644,-1.7300461544443806,-5.512490948716931,-2.4991197430030305
2024-11-17 12:00:00,579.6594808256634,-2.4653930620211213,-8.323844627624137,-3.5702431360182287
2024-11-17 13:00:00,579.7387314400412,-2.591447860014341,-9.2243749313766,-2.8029086486502726
2024-11-17 14:00:00,579.8193705902007,-2.3163622862639386,-6.657657036851526,-2.9253512670852886
2024-11-17 15:00:00,579.9013565099324,-1.2932147400834992,-4.494470089802296,-2.683671680046632
2024-11-17 16:00:00,579.9846438329872,-2.9830869623338003,1.3081554110943094,-3.459712281747715
2024-11-17 17:00:00,580.0691838312969,-3.832764459335749,2.0740264723189736,-8.54044584428019
2024-11-17 18:00:00,580.154924990329,-3.3330714677355218,1.4457253399886536,-6.067578862582077
2024-11-17 19:00:00,580.2418129430094,-3.2239933901074664,2.134572631681809,-5.882392184583893
2024-11-17 20:00:00,580.3297901455762,-2.4332491215440086,3.1335591545306336,-6.280100178562838
2024-11-17 21:00:00,580.4187961351198,-2.2187564091401555,3.6606579007636033,-4.040697626743136
2024-11-17 22:00:00,580.508766646774,-1.7464521001123785,4.221459597640883,-4.353774144302466
2024-11-17 23:00:00,580.5996337602359,-2.2251305525097678,6.435529784677378,-4.160032992403404
2024-11-18 00:00:00,580.6913269141496,-4.059879218053652,3.6186179400527316,-3.4400656361487454
2024-11-18 01:00:00,580.783773500586,-4.589197654362238,0.9651886169076832,-3.2397644631314146
2024-11-18 02:00:00,580.8768991482643,-3.886772393765682,0.7386132245176498,-3.1787399790162754
2024-11-18 03:00:00,580.9706278848199,-5.2860200404848,0.8725049372552496,-2.467112781590394
2024-11-18 04:00:00,581.0648823706872,-4.541414552294327,2.4102775746700336,-3.4037453930630006
2024-11-18 05:00:00,581.1595847568102,-2.0558034940078187,1.796272567821802,-2.7400538306241775
2024-11-18 06:00:00,581.2546572503229,-2.3737130392397603,1.741483051595044,-0.46242726267823875
2024-11-18 07:00:00,581.3500224569044,-2.717942304320786,-0.03961084976329285,-0.562469302820339
2024-11-18 08:00:00,581.4456041204173,-2.4987505395442895,4.14199081908777,-0.3088443999609202
2024-11-18 09:00:00,581.5413276321475,-2.412216101953959,-0.020518191002158535,-0.9585933391914858
2024-11-18 10:00:00,581.6371197166931,-4.338976716783691,-4.564471824659526,-2.033671175249718
2024-11-18 11:00:00,581.7329085916266,-2.629972526593633,-5.285551431073618,-2.3073846339593236
2024-11-18 12:00:00,581.8286236925883,-5.973156303886867,-8.42806682471324,-0.18740056398816396
2024-11-18 13:00:00,581.9241961707233,-5.884029774878968,-9.439831167498086,-0.4503352283463007
2024-11-18 14:00:00,582.0195596712202,-3.4888301088013804,-6.757388506821719,-2.4433410555970494
2024-11-18 15:00:00,582.1146507316477,-6.117597789476463,-4.744330775086452,-2.8827221670847436
2024-11-18 16:00:00,582.2094088094826,-4.742039717179068,0.9372480922624309,-2.8046171845659673
2024-11-18 17:00:00,582.3037761928712,-0.8763327315230072,1.6096919203711768,-2.7671353817193682
2024-11-18 18:00:00,582.3976985623792,-0.48299988024791674,0.6898570325989167,-2.784555714730143
2024-11-18 19:00:00,582.4911246732496,-0.7907676921549864,1.4168507388271963,-2.757207719921836
2024-11-18 20:00:00,582.5840063279536,-0.12481043050297558,2.5264173487194124,-3.175613246170064
2024-11-18 21:00:00,582.676298221597,-0.7333621348885799,2.8346586255158157,-3.137594712224148
2024-11-18 22:00:00,582.767958108509,-1.0413108255330599,3.612836145292001,-2.6594834282679893
2024-11-18 23:00:00,582.858946919165,-0.39560006952308413,6.130852068730064,-2.1941989183720048
2024-11-19 00:00:00,582.9492285192762,-1.0564107829474096,4.150251278605416,-2.9730690149340866
2024-11-19 01:00:00,583.0387696776392,-1.8415179082652458,1.2594230865710165,-3.2166748559449556
2024-11-19 02:00:00,583.1275401952685,-1.482603176345151,1.8491569380537487,-2.3840939569770647
2024-11-19 03:00:00,583.2155132894196,-0.2649181086281942,1.422555012772301,-2.1431501935636303
2024-11-19 04:00:00,583.3026652155753,-0.5143510359364427,2.666007292482531,-1.9643214721214053
2024-11-19 05:00:00,583.3889751561184,-2.0248796904827486,2.1907305162208472,-3.2248259818563714
2024-11-19 06:00:00,583.4744248781928,-0.7022075499761513,2.9291413417661336,-3.3813586699827507
2024-11-19 07:00:00,583.5589991576259,-1.518833844251617,0.5569529220270613,-2.9871182354013035
2024-11-19 08:00:00,583.6426860984855,-2.8369333101011307,4.029568156860807,-3.205320945245132
2024-11-19 09:00:00,583.7254774533307,-3.818746812858876,-0.09985468062953283,-3.4368759598422214
2024-11-19 10:00:00,583.8073697737534,-1.6198735255089787,-4.565460607144139,-3.4720356411003035
2024-11-19 11:00:00,583.8883642575281,-2.8136488575844396,-5.001397635746391,-3.7733177641973255
2024-11-19 12:00:00,583.9684651804231,-2.4017844551623284,-8.28484134184465,-2.2218393834161643
2024-11-19 13:00:00,584.0476794011812,-2.1988901798625875,-9.496547634507765,-1.7822415868107941
2024-11-19 14:00:00,584.126016096248,-2.535247360397193,-6.6477039072476805,-2.6030648286031726
2024-11-19 15:00:00,584.2034858257771,-2.2165545235997115,-4.669382682467913,-2.547548619709486
2024-11-19 16:00:00,584.2801010636304,-1.4292654792074018,1.04748516341062,-2.5783207478335877
2024-11-19 17:00:00,584.355876426689,2.220146023680627,0.9878231046148831,0.7461544450154362
2024-11-19 18:00:00,584.4308280737973,2.945802443017101,-0.15099509456421267,1.1743645777497813
2024-11-19 19:00:00,584.5049734002413,2.591093962175023,0.5701905553200743,0.8937420822635669
2024-11-19 20:00:00,584.5783314434627,1.4774113980943184,1.7204789305707056,0.24377822787223652
2024-11-19 21:00:00,584.6509231686318,1.6361334822119034,1.6611520040762882,-0.19820865492001993
2024-11-19 22:00:00,584.7227711978794,0.45637917624048896,2.7313875269111545,0.6994620989690097
2024-11-19 23:00:00,584.7938999740009,-0.05053322732101151,5.626373744307726,0.7902595090124324
2024-11-20 00:00:00,584.8643360539401,0.7565507452873135,4.409318261527483,0.3197949392451414
2024-11-20 01:00:00,584.9341075351858,1.4523570867597755,1.310202249550981,0.5533331285033222
2024-11-20 02:00:00,585.0032430386672,0.1732372546662191,2.832213019796393,0.33130668687021547
2024-11-20 03:00:00,585.0717713324362,0.7216813512475255,2.0630679516188466,0.41347936469747026
2024-11-20 04:00:00,585.1397210012228,0.05627836426106114,3.1425893186338723,-0.3585886841178014
2024-11-20 05:00:00,585.2071206450131,-1.0340894290724236,2.85159544810291,-1.2846266640435862
2024-11-20 06:00:00,585.2739993370651,-1.0928757402004976,4.173000297906845,-1.0641238947714398
2024-11-20 07:00:00,585.3403865600028,-0.4123068220986852,1.217325837610004,-0.5454055755140779
2024-11-20 08:00:00,585.406311534704,0.919219401250075,4.064667415000464,-1.0301983509544417
2024-11-20 09:00:00,585.471802566029,1.6698162093870224,-0.2665673619933394,-0.2850514134226658
2024-11-20 10:00:00,585.5368866395233,1.805461028600007,-4.550578790728639,-0.851768877394681
2024-11-20 11:00:00,585.6015892978469,1.2779759336359575,-4.848925206294535,-0.5406400251882914
2024-11-20 12:00:00,585.665935197129,0.9660111841875505,-8.04074804811679,0.018801666800346013
2024-11-20 13:00:00,585.7299485931327,1.5455008914007067,-9.50708188550437,0.3616324009709221
2024-11-20 14:00:00,585.793653183804,1.3625578513184564,-6.536670083213884,-0.27954095190868783
2024-11-20 15:00:00,585.8570723476316,0.08811340601334905,-4.608222376025637,0.31303662238062024
2024-11-20 16:00:00,585.9202290741181,1.435929937202559,1.2369756455501513,0.1868653431291188
2024-11-20 17:00:00,585.9831456208752,12.621147036971365,0.5432095499118057,2.3024977922415903
2024-11-20 18:00:00,586.0458429098047,9.973154003702916,-0.8828457358620554,3.4038488223543952
2024-11-20 19:00:00,586.1083410102161,9.561866025149243,-0.21951127118861471,3.1493042358232004
2024-11-20 20:00:00,586.1706598600604,10.509127979775371,0.9074235683152169,2.692788591848938
2024-11-20 21:00:00,586.2328182653338,9.97941330712979,0.5635981129226765,3.034170314613719
2024-11-20 22:00:00,586.2948336865859,11.731825267828981,1.7766869667050673,2.0166540788801632
2024-11-20 23:00:00,586.3567228546747,9.570950205830059,5.0731094823430425,1.7992174571522077
2024-11-21 00:00:00,586.4185019648901,9.49375516562452,4.416001457134062,2.3517414123513647
2024-11-21 01:00:00,586.480186776257,10.524734870253042,1.2584573384018967,1.9666210150880687
2024-11-21 02:00:00,586.5417931074932,7.085526586870515,3.5228747696952416,1.529805535941018
2024-11-21 03:00:00,586.6033371371446,4.605944513987993,2.722934900472583,1.4777834483946768
2024-11-21 04:00:00,586.664835425258,4.718137319960988,3.786777954558718,1.6902493002222658
2024-11-21 05:00:00,586.7263048108262,6.860708090758067,3.761914943454472,1.0910721549613638
2024-11-21 06:00:00,586.7877623594029,8.458042208031884,5.182749369149195,1.6514460634161243
2024-11-21 07:00:00,586.84922466577,8.651185372694385,1.795637009674614,1.7839529518611152
2024-11-21 08:00:00,586.9107073198827,8.904336758336285,4.160331003113224,2.3446249186678356
2024-11-21 09:00:00,586.9722246061161,9.156696488222678,-0.47234141497971005,1.5534203206409742
2024-11-21 10:00:00,587.0337887045454,9.344392310223611,-4.394245522851205,2.5060645080822095
2024-11-21 11:00:00,587.0954090831414,10.620743257022923,-4.719965336076859,1.9438129959125527
2024-11-21 12:00:00,587.1570924469634,8.619854133454055,-7.613412946137427,3.506466365719918
2024-11-21 13:00:00,587.2188427340429,8.531441074342524,-9.343314625434065,2.933030817048733
2024-11-21 14:00:00,587.2806615752935,9.386313147389615,-6.336474785653607,2.5995000629705425
2024-11-21 15:00:00,587.3425494820004,10.787588088524217,-4.550365667690777,2.3402280971660874
2024-11-21 16:00:00,587.4045049908038,11.519003270054327,1.4932708331308497,2.1032209060109626
2024-11-21 17:00:00,587.4665243835192,6.566947387516734,0.21382702481108026,5.302701204152943
2024-11-21 18:00:00,587.5286017414593,7.029600192792941,-1.6496554680525144,5.6714535338003635
2024-11-21 19:00:00,587.5907289143005,6.755182333948937,-1.0540853595628847,6.038174111313503
2024-11-21 20:00:00,587.6528958426343,5.982964900001775,0.002730714474766957,6.0814085428891405
2024-11-21 21:00:00,587.7150903427594,5.593222363080713,-0.36114118785587535,6.482828482015728
2024-11-21 22:00:00,587.7772977240187,3.935976199746392,0.9287841543018271,6.397941921933062
2024-11-21 23:00:00,587.839501868549,6.303158050453021,4.564401584899763,4.442938496098218
2024-11-22 00:00:00,587.9016851198472,8.052824629528573,4.367638215880444,4.537852034743756
2024-11-22 01:00:00,587.9638291050697,7.738459829037197,1.2797709870718128,4.857940078821259
2024-11-22 02:00:00,588.0259153950082,10.337928659452473,3.967242307754966,3.038913637784378
2024-11-22 03:00:00,588.0879254067329,9.40538920683548,3.187674490498934,3.4990108959326767
2024-11-22 04:00:00,588.149840114325,8.74834621418529,4.467714312951014,3.0540993585387266
2024-11-22 05:00:00,588.2116401072226,9.911477403380104,4.781527425617665,3.055355063779693
2024-11-22 06:00:00,588.2733055186173,7.852331737994632,5.775727108163068,4.618635635224866
2024-11-22 07:00:00,588.3348162737227,7.695393884241412,2.2265995482849608,4.49319029375086
2024-11-22 08:00:00,588.396152221052,5.75507877899156,4.194466828839941,5.094302171116557
2024-11-22 09:00:00,588.4572929513647,7.181334313852517,-0.6432867955793448,3.7446595303621555
2024-11-22 10:00:00,588.5182179685702,5.438281146241138,-4.2336295794000005,4.237130464588773
2024-11-22 11:00:00,588.5789071882353,5.683760883442915,-4.523258593843235,4.4405905221649595
2024-11-22 12:00:00,588.6393410830641,6.399219940804755,-7.271838470063397,5.103277446194513
2024-11-22 13:00:00,588.6995002545332,6.355679256718986,-9.203229591237935,4.738050079985801
2024-11-22 14:00:00,588.7593655363858,8.042305726980999,-6.056383651011036,4.624712387644265
2024-11-22 15:00:00,588.8189174295111,6.806482337890657,-4.186521529938345,4.521121762536648
2024-11-22 16:00:00,588.8781360448235,6.523823875552694,1.923232841779277,5.114807237844661
2024-11-22 17:00:00,588.937001152831,1.2012408868288276,-0.21072382677519766,5.13248178711529
2024-11-22 18:00:00,588.9954919354465,2.0227896972979806,-2.471586661690643,5.173305028946225
2024-11-22 19:00:00,589.0535873608856,1.9463166820764854,-1.8567867029637208,5.3968826600017215
2024-11-22 20:00:00,589.1112661895095,2.667022521061199,-0.8436051577368708,5.4453164471662365
2024-11-22 21:00:00,589.1685074262449,1.3093316910064914,-1.2085622555682662,4.9707231383168775
2024-11-22 22:00:00,589.2252913987305,2.963819345720708,0.2852784478985615,4.15561080765014
2024-11-22 23:00:00,589.2815998789914,1.9111823794542033,4.238003243923948,3.3792144976304224
2024-11-23 00:00:00,589.3374148734117,1.9763373408461575,4.348987977168836,3.4872598085733237
2024-11-23 01:00:00,589.3927177375376,1.4984670663183124,1.3675111518073797,4.71130404433664
2024-11-23 02:00:00,589.4474892522188,2.49107298291824,4.155427275927398,5.846010488935524
2024-11-23 03:00:00,589.5017097021961,1.7783729132547705,3.4159375259415192,7.573979858607583
2024-11-23 04:00:00,589.5553589218755,1.305367240567307,5.020063855893824,7.679209981663301
2024-11-23 05:00:00,589.6084162039998,1.4714807449436194,5.679278193700496,6.680824857356178
2024-11-23 06:00:00,589.6608595170368,2.56938601578986,6.094935487527939,4.9948189796455
2024-11-23 07:00:00,589.712665897084,1.3556044895532295,2.560890602211947,3.9608390111507723
2024-11-23 08:00:00,589.763812638291,1.1810587666979018,4.207394031619333,3.747734563391756
2024-11-23 09:00:00,589.8142777516262,-1.4277109533106795,-0.6228773348881548,3.746310536572654
2024-11-23 10:00:00,589.8640400573108,-0.567793493285194,-4.248435892742035,4.642189328716426
2024-11-23 11:00:00,589.9130792565606,-0.4342174870242843,-4.4300479924454494,2.7211862229090293
2024-11-23 12:00:00,589.9613758823338,0.351556740844444,-7.354326563641175,-1.1786060595370451
2024-11-23 13:00:00,590.0089114051528,-0.6435129571245852,-9.378242059889418,-1.0271563881388264
2024-11-23 14:00:00,590.055668041497,-1.9545086769257978,-5.956117493038732,-1.2450418715324851
2024-11-23 15:00:00,590.1016288412668,-0.1907975105011701,-4.004341637516568,0.10351030675087966
2024-11-23 16:00:00,590.1467779141067,-1.2617466745992942,2.13953943055804,0.41542932993467596
2024-11-23 17:00:00,590.1911004184948,-1.240666946946476,-0.4368237474973386,-7.7236097240509975
2024-11-23 18:00:00,590.2345826439463,-1.6805361035191027,-2.6235308628709264,-6.440515677556234
2024-11-23 19:00:00,590.2772120972413,-1.6396515672246323,-2.0930850688882616,-6.844475461128402
2024-11-23 20:00:00,590.318977616292,-2.0344459306553517,-1.1985699290183731,-7.005961756618277
2024-11-23 21:00:00,590.3598691761695,-3.026205466572719,-1.6366850450085826,-5.566978664588161
2024-11-23 22:00:00,590.3998776367255,-3.9508040897869705,-0.07501246514034784,-8.104061081798163
2024-11-23 23:00:00,590.4389943224082,-2.0017106668562974,4.271430462330101,-8.43871411788202
2024-11-24 00:00:00,590.4772118736178,-1.6407685012111415,4.306134002279322,-6.932577374685986
2024-11-24 01:00:00,590.5145244735966,-1.9539577743701102,1.4358785154925644,-5.346445214719073
2024-11-24 02:00:00,590.5509275483143,-0.9339853473762787,4.15983563187599,-3.19677783281403
2024-11-24 03:00:00,590.5864177845946,-0.48236183507265196,3.563419705241428,-1.6974756547633276
2024-11-24 04:00:00,590.6209928126731,-1.2942808990109143,5.436301400796196,-1.6930133144583
2024-11-24 05:00:00,590.6546512690428,-0.7350962307426698,6.0620058447492955,-1.711560883049355
2024-11-24 06:00:00,590.6873929232876,-0.6195140907370842,6.104258815288986,-1.442137647839468
2024-11-24 07:00:00,590.7192186210794,-1.5840006101939252,2.638003882025912,-1.643221892911467
2024-11-24 08:00:00,590.750129625152,-1.1571387317650306,4.186064470398927,-3.9090553637859244
2024-11-24 09:00:00,590.7801277137564,-2.3759621074754023,-0.5067895478319756,-2.7473760584490408
2024-11-24 10:00:00,590.8092155604999,-0.026598718238574293,-4.473512963109236,-3.049103879152031
2024-11-24 11:00:00,590.837396728943,-1.3250638439370732,-4.624728934858964,-2.2676039501469956
2024-11-24 12:00:00,590.8646752840775,1.3528998879648952,-7.762007453026033,-3.4655677190163234
2024-11-24 13:00:00,590.8910559291281,0.6019532455716217,-9.785526221627322,-2.6774829530725675
2024-11-24 14:00:00,590.9165438043531,-0.3535076963855772,-6.139492894541456,-2.693543213425949
2024-11-24 15:00:00,590.9411454834249,-2.541123813168383,-4.282754926144876,-2.4172667441115276
2024-11-24 16:00:00,590.9648693415257,-1.7236383408887832,1.8718254276096202,-3.0830564282464983
2024-11-24 17:00:00,590.987724782461,-1.6082419300056472,-0.2679045693956346,-8.961578283059685
2024-11-24 18:00:00,591.0097219522513,-3.7064093276802623,-2.2311694714193266,-6.6521431531518145
2024-11-24 19:00:00,591.0308714782631,-4.483115631606438,-1.7984017164098096,-6.519354130246852
2024-11-24 20:00:00,591.0511842104136,-3.856282374169723,-0.8236871898706631,-6.991214646373187
2024-11-24 21:00:00,591.0706714405288,-1.6523825262257787,-1.2627153260758408,-4.58557358822709
2024-11-24 22:00:00,591.0893450287655,-3.074886481647013,0.41462095270704125,-4.769079499825582
2024-11-24 23:00:00,591.1072167003094,-2.7126905238771997,4.663337859791569,-4.477864036223754
2024-11-25 00:00:00,591.1242977571857,-3.5066180849778448,4.2673008156303105,-4.134980487838131
2024-11-25 01:00:00,591.1405992436308,-3.463380559118491,1.6211122697837757,-3.92833095429614
2024-11-25 02:00:00,591.1561318494414,-6.104368082053384,3.8783192088493172,-4.120082976237429
2024-11-25 03:00:00,591.1709053829488,-2.3529547888607567,3.5157133077656164,-3.233663901853697
2024-11-25 04:00:00,591.1849288437745,1.0473272233367652,5.59400263136821,-4.05625869847945
2024-11-25 05:00:00,591.1982099529765,1.2392829027471635,6.154985920973746,-3.7324787766974903
2024-11-25 06:00:00,591.2107545144668,-2.8119369023685294,5.672493636403398,-1.0613112485016363
2024-11-25 07:00:00,591.2225658741461,-2.1396684893967404,2.3247426412726475,-1.2376400260220735
2024-11-25 08:00:00,591.2336449036465,-3.058033901196495,4.113317828389769,-0.6289288308397835
2024-11-25 09:00:00,591.2439897667069,-4.109632036771359,-0.3513570079325944,-1.5630007220029056
2024-11-25 10:00:00,591.2535959658771,-1.962142678750979,-4.6952160602112,-2.946237226914958
2024-11-25 11:00:00,591.2624565745944,-1.0601089632466483,-4.8481493637684885,-3.1341982475791808
2024-11-25 12:00:00,591.2705624959304,-1.97407756419193,-8.130453357704319,-1.09603157403412
2024-11-25 13:00:00,591.2779027995163,-2.327514281572121,-10.079624773279404,-1.4407637446647308
2024-11-25 14:00:00,591.2844656894594,-1.0709448758381086,-6.333238601161424,-3.3802822124598833
2024-11-25 15:00:00,591.2902392008194,0.5789007742914691,-4.649543172774861,-3.729596802336052
2024-11-25 16:00:00,591.2952113803514,0.2287992991474539,1.5838172330901525,-3.517827912588969
2024-11-25 17:00:00,591.2993705139128,0.9592460612240075,-0.037106453063740545,-3.6015101220730656
2024-11-25 18:00:00,591.3027058306318,1.5415209446503013,-1.8132462265806137,-3.350980548701524
2024-11-25 19:00:00,591.3052079208475,1.4113877886701403,-1.4664029888056584,-3.330192720711996
2024-11-25 20:00:00,591.3068687760883,-0.5583461350793186,-0.2904917459985359,-3.6180308950104116
2024-11-25 21:00:00,591.3076820153364,-0.12968379040671607,-0.7541749506230683,-3.6838232743065378
2024-11-25 22:00:00,591.307643161317,-0.9599031936222673,1.0618781478629233,-2.9896181155576746
2024-11-25 23:00:00,591.3067493977318,-0.2325176934529054,5.018984872008695,-2.663216576287593
2024-11-26 00:00:00,591.3049995021711,0.11859320825772102,4.339499642357071,-3.463092352785931
2024-11-26 01:00:00,591.3023938376942,0.35982640918848574,1.9284128705718737,-3.5606331174545356
2024-11-26 02:00:00,591.2989334266412,-0.823802149350854,3.3623208876450055,-2.7174521649353887
2024-11-26 03:00:00,591.2946196492451,-2.7680652113465385,3.2031505999243093,-2.3797050378228324
2024-11-26 04:00:00,591.2894544461387,-2.5081114319359585,5.550088745250784,-2.2914317594536215
2024-11-26 05:00:00,591.2834404403827,-4.082472112579467,6.011362876029626,-3.722331203832841
2024-11-26 06:00:00,591.2765814644665,-0.9236063752908876,4.96349671809145,-3.766471807267128
2024-11-26 07:00:00,591.2688833943675,-0.05712784148590799,1.8080909067613387,-3.3798464596430167
2024-11-26 08:00:00,591.260355066215,-1.1785001673604256,4.004521085518961,-3.5463759843734843
2024-11-26 09:00:00,591.2510078987829,0.48949525821365114,-0.04467437419674099,-3.9358287827997382
2024-11-26 10:00:00,591.2408549164037,0.003413602918840297,-4.78978317062116,-4.114485348701302
2024-11-26 11:00:00,591.2299098877395,-0.2519063712526304,-4.920062829449062,-4.21794068703771
2024-11-26 12:00:00,591.2181867304537,-2.2587032352250844,-8.456886876455785,-2.4025966187728125
2024-11-26 13:00:00,591.2056989614131,-1.5558783553884723,-10.247465432359489,-1.9323551736650444
2024-11-26 14:00:00,591.1924599842935,-1.570701049579725,-6.401657266472354,-2.8001016682413806
2024-11-26 15:00:00,591.1784841725994,-2.1225063041539443,-4.893136937664644,-2.72284093078076
2024-11-26 16:00:00,591.1637869837427,-2.1149889385108054,1.4630776141092308,-2.881875659341228
2024-11-26 17:00:00,591.1483854593129,0.726418719406297,0.24795533417998392,0.417240487100816
2024-11-26 18:00:00,591.1322982102463,0.8990124706963343,-1.2280291565338675,1.1067184755912889
2024-11-26 19:00:00,591.1155453200339,0.9571068997624934,-0.9872830617000614,0.8246308419036011
2024-11-26 20:00:00,591.0981480969277,2.0250370904404917,0.32630142702922943,0.11051338560249144
2024-11-26 21:00:00,591.0801288184637,2.114436667990276,-0.31572797958333093,-0.1788375068705406
2024-11-26 22:00:00,591.0615101949045,3.9474779434326592,1.5762564280713458,0.16475543359149547
2024-11-26 23:00:00,591.0423147125051,3.7471761830483956,5.207616806793727,0.3628922976528404
2024-11-27 00:00:00,591.0225647155295,2.6726108162102946,4.434299311260401,0.1705251569997711
2024-11-27 01:00:00,591.0022821440089,2.368447526965838,2.129074790049848,0.4901955389755434
2024-11-27 02:00:00,590.9814885071864,2.51436545261663,2.744240975937767,0.26990506425917066
2024-11-27 03:00:00,590.9602046451256,3.194362892022923,2.7172513657988016,0.59818109705267
2024-11-27 04:00:00,590.9384501154564,3.070486806198801,5.301529049267448,-0.15046597092256087
2024-11-27 05:00:00,590.916243131131,2.1965465664593466,5.623233897064663,-1.2860235946549148
2024-11-27 06:00:00,590.8936008453346,2.725300011194122,4.204371929386021,-1.08327278591479
2024-11-27 07:00:00,590.8705396134284,2.975769854275768,1.312307324234991,-0.5386167919391952
2024-11-27 08:00:00,590.8470746713801,4.406778897498725,3.864848888261039,-1.1087024571398318
2024-11-27 09:00:00,590.8232198567558,4.515637294991961,0.407215049544078,-0.25607220129186453
2024-11-27 10:00:00,590.7989876925855,2.3816066694118945,-4.894901511650661,-1.2956928503467062
2024-11-27 11:00:00,590.7743897354255,2.1477321326741503,-5.0677394442052615,-0.9143824238943508
2024-11-27 12:00:00,590.7494368190763,1.1980810942467315,-8.735428294498254,-0.17208961882485585
2024-11-27 13:00:00,590.7241392429682,1.6204461941829322,-10.197942278145927,0.20335684099473
2024-11-27 14:00:00,590.6985066576068,2.670287559726148,-6.301405466057408,-0.6773887512755998
2024-11-27 15:00:00,590.6725475109205,1.9056760675209716,-4.927832741226022,-0.08039083721537073
2024-11-27 16:00:00,590.6462693507435,0.4211432740108876,1.543445585022278,-0.2608582097766424
2024-11-27 17:00:00,590.6196787491856,3.3715681911614865,0.6680218286909945,2.390731230961899
2024-11-27 18:00:00,590.5927811868013,3.5309478429886667,-0.3487631887859267,3.5950341589960195
2024-11-27 19:00:00,590.5655806104033,3.8017524686154047,-0.20865007185534354,3.341316992836622
2024-11-27 20:00:00,590.538079265502,5.18329597460945,1.022263484454455,2.8163612754340757
2024-11-27 21:00:00,590.5102779635288,4.916715727790574,-0.03962264742029401,3.1926289561009233
2024-11-27 22:00:00,590.482176155033,6.152695381698891,1.889358133783915,2.255770329484135
2024-11-27 23:00:00,590.4537723598968,6.3033792771981325,5.096852749067139,1.8959956138379976
2024-11-28 00:00:00,590.4250643817961,4.794592596153734,4.130973384195028,2.7993696378551305
2024-11-28 01:00:00,590.396049432872,5.883946357577656,1.8006300275656804,2.4693741819845103
2024-11-28 02:00:00,590.366724305268,5.83772872571933,2.0875630063051824,1.907983962707439
2024-11-28 03:00:00,590.3370854612363,5.784476315681559,2.192737887645368,1.975700335436678
2024-11-28 04:00:00,590.3071293676728,4.529405192652348,4.863418314058198,2.0100471256166483
2024-11-28 05:00:00,590.2768516106331,6.061783472176899,5.033582133160622,1.4577827840293756
2024-11-28 06:00:00,590.2462463199245,4.506796193436912,3.633885868677027,1.9730716179616175
2024-11-28 07:00:00,590.2153062245803,4.6650426841155195,0.9374992074028284,2.192151883901298
2024-11-28 08:00:00,590.1840228718945,5.495125929685173,3.819250470548741,2.5516007278715627
2024-11-28 09:00:00,590.1523868261797,6.030150335631561,0.6057046141478495,1.5617582240409378
2024-11-28 10:00:00,590.1203878037295,6.1949121465638655,-5.395994173049903,2.660694222756591
2024-11-28 11:00:00,590.0880153421791,6.913213981087779,-5.376162244248729,2.264932920981778
2024-11-28 12:00:00,590.0552596968342,6.416476529054194,-8.655288578813261,3.9435523529248058
2024-11-28 13:00:00,590.022112037009,5.976313829984747,-9.646359501997843,3.437933635004009
2024-11-28 14:00:00,589.9885641494702,6.891106217321408,-5.8930895661691425,3.103419199377504
2024-11-28 15:00:00,589.9546069218216,7.371127032616641,-4.539150908625947,2.963416954187768
2024-11-28 16:00:00,589.9202302724619,6.263077013139309,1.948857728592124,2.5578349858066676
2024-11-28 17:00:00,589.8854239069957,3.4918724274137958,1.0601290546414424,5.552574610949057
2024-11-28 18:00:00,589.8501779648655,2.4566319887325108,0.605956604492835,5.8372334419092
2024-11-28 19:00:00,589.8144828082749,2.698420836232799,0.6760886506486108,6.19100770484377
2024-11-28 20:00:00,589.7783293939899,3.97098695776981,1.5745076988425315,6.216175949397675
2024-11-28 21:00:00,589.7417091822615,3.959603105863607,0.027632016663616518,6.491055695211334
2024-11-28 22:00:00,589.7046138119285,4.27519232960276,1.8998137541088314,6.340380104359964
2024-11-28 23:00:00,589.6670338231204,4.506314424321658,4.671723271422395,4.4249284811355185
2024-11-29 00:00:00,589.6289586225377,-0.2687593031778306,3.5707970448286734,4.649003635811632
2024-11-29 01:00:00,589.5903765730086,0.2380221866122838,1.4154577762912266,4.926143464087871
2024-11-29 02:00:00,589.5512753340447,5.563222177017906,1.5828221104992413,3.3226803784381786
2024-11-29 03:00:00,589.5116422450576,5.119162069350978,1.8855275949892008,3.7136680906022854
2024-11-29 04:00:00,589.4714648095483,7.844425572448472,4.44200047707716,3.2421091409261344
2024-11-29 05:00:00,589.4307305294483,8.934132691223226,4.417512166387008,3.3076246129414475
2024-11-29 06:00:00,589.3894266529082,5.23086145264233,3.252643260475623,5.017068633973687
2024-11-29 07:00:00,589.3475394785773,4.462232546655969,0.6744492579932795,4.865778716773385
2024-11-29 08:00:00,589.3050544012963,5.2348823304877214,3.763012291818523,5.2970509763974825
2024-11-29 09:00:00,589.2619562376902,5.73646592800867,0.39375993285342753,3.9978179014476383
2024-11-29 10:00:00,589.2182297624921,7.414358433920256,-6.205062235393416,4.742474038980963
2024-11-29 11:00:00,589.173859406516,7.291192736687208,-5.679248765292536,4.704196622089259
2024-11-29 12:00:00,589.1288290488804,5.523290864935575,-8.201305180842866,5.299185267026828
2024-11-29 13:00:00,589.083122487313,4.876184496679912,-8.825441864208095,4.866134880215186
2024-11-29 14:00:00,589.0367230213674,4.583106328498047,-5.183898384852017,4.884069034986584
2024-11-29 15:00:00,588.9896133897397,3.391462300271769,-3.95962016276676,4.788544472755318
2024-11-29 16:00:00,588.9417758096989,3.6324043237226533,2.4497254923829277,5.346094374195422
2024-11-29 17:00:00,588.8931921678914,-8.055481114429426,1.342714698595337,5.479574247942652
2024-11-29 18:00:00,588.8438439465905,-12.571418714442075,1.4451454015398464,5.392429366311686
2024-11-29 19:00:00,588.7937124569285,-12.218377077420428,1.4568182721398553,5.627846348352185
2024-11-29 20:00:00,588.7427788657633,-10.544190673584808,2.0219301494513577,5.559481658370091
2024-11-29 21:00:00,588.6910245086748,-10.290427679491586,-0.006450469411141704,5.37585364022789
2024-11-29 22:00:00,588.6384313952525,-8.687456746428552,1.6458594272298457,4.623165923946183
2024-11-29 23:00:00,588.5849822338398,-9.404862172164144,3.994515694654031,3.9453642436702596
2024-11-30 00:00:00,588.5306606346485,-9.014768804454093,2.8831376379260636,3.950970531879549
2024-11-30 01:00:00,588.4754512447698,-9.383295966793298,0.9113174355064092,4.996527286517064
2024-11-30 02:00:00,588.419339649966,-3.7641817239268676,1.1821571857680016,6.382684888192886
2024-11-30 03:00:00,588.3623124429388,-5.252825771287689,1.647359312626829,8.053154015722015
2024-11-30 04:00:00,588.3043571662994,-2.1977275603097723,4.152079994091986,8.351290399918366
2024-11-30 05:00:00,588.2454625613922,-2.3800109043446582,3.9635490503074307,7.210999292645029
2024-11-30 06:00:00,588.1856187907853,-2.9941131861268104,3.0445345138349236,5.613959881506616
2024-11-30 07:00:00,588.1248172906501,-2.4487180634893093,0.6259885196445417,4.517912253194653
2024-11-30 08:00:00,588.0630508979785,-2.8206636031095513,3.662381067403006,4.355231637727993
2024-11-30 09:00:00,588.0003139533136,0.860799770938911,-0.19396081860776818,4.482847094355245
2024-11-30 10:00:00,587.936603183069,1.8773437413212832,-6.924373875600227,5.570426951210062
2024-11-30 11:00:00,587.8719174634036,-2.175201759011429,-5.941450037460363,3.524734333068183
2024-11-30 12:00:00,587.8062576086633,-4.526583575416794,-7.606134627525181,-0.7835394057212363
2024-11-30 13:00:00,587.7396258046347,-6.344299883699705,-8.048067831724579,-0.6472580892103357
2024-11-30 14:00:00,587.6720257165821,-4.882687671381177,-4.4456708853885605,-1.4336671598123125
2024-11-30 15:00:00,587.6034622548156,-6.075973805063313,-3.309710513601046,0.09222206384885044
2024-11-30 16:00:00,587.5339412744513,-8.941410227420079,3.0985453325758785,0.5389236203928665
2024-11-30 17:00:00,587.4634690997415,0.13182927281070533,1.6802370862358438,-7.565535458787953
2024-11-30 18:00:00,587.3920523712982,-0.677531894948288,2.2768143165778647,-6.291334792927685
2024-11-30 19:00:00,587.3196980499506,-0.80526238414609,2.223234082786268,-6.667669748590719
2024-11-30 20:00:00,587.2464132761702,0.060580699253591774,2.401147448291104,-6.898141423714964
2024-11-30 21:00:00,587.1722054465542,-0.18423931350889688,-0.05461191512524756,-5.213354217919979
2024-11-30 22:00:00,587.0970822516879,0.005827750175512847,1.2994023558677354,-7.812312357731126
2024-11-30 23:00:00,587.021052120973,-0.06030562978651233,3.2768404293944893,-8.16758692058087
2024-12-01 00:00:00,586.9441252598212,0.6242296979619368,2.1391951610733653,-6.107550118856535
2024-12-01 01:00:00,586.866313672119,-0.6126795762565962,0.2642153577327605,-4.617849453595148
2024-12-01 02:00:00,586.7876315650038,-2.9357965803575325,0.7429738518653256,-2.5048088365116628
2024-12-01 03:00:00,586.7080952780778,-2.989074201104586,1.3483476880109677,-0.7873687649843091
2024-12-01 04:00:00,586.6277224124249,-3.9457007188241278,3.888953526239723,-0.8309752198404264
2024-12-01 05:00:00,586.5465319041684,-4.977329544656641,3.5597553036806895,-1.1089576631925717
2024-12-01 06:00:00,586.4645447235575,-0.6588319630888009,2.9871827009333116,-1.212895461401997
2024-12-01 07:00:00,586.3817838447421,-0.5669222791892707,0.8302911332433108,-1.5951526987962394
2024-12-01 08:00:00,586.2982738020686,1.335953684125343,3.5314894708421036,-4.015716957035985
2024-12-01 09:00:00,586.214040573631,-1.4408297423226486,-0.9222587635890751,-2.460952067719272
2024-12-01 10:00:00,586.129111471235,-3.248320366501048,-7.60984152130612,-2.6809495834277994
2024-12-01 11:00:00,586.0435153376282,-1.7880255083789507,-6.214343541940961,-2.031146287308228
2024-12-01 12:00:00,585.9572826338198,1.3085636291962146,-7.097023338933306,-3.3588229240827343
2024-12-01 13:00:00,585.8704459826769,1.8115879673889594,-7.3882855160795575,-2.5537484339861907
2024-12-01 14:00:00,585.7830401446188,2.4103863081452346,-3.8458112161249494,-2.4676152366390083
2024-12-01 15:00:00,585.6951025333385,3.0100167488064926,-2.7492099181241008,-2.1559093640209763
2024-12-01 16:00:00,585.6066731212501,2.7269244654864906,3.7028909429343035,-2.70648852967087
2024-12-01 17:00:00,585.5177942608626,1.25137585440757,2.106197042067213,-9.39536715733738
2024-12-01 18:00:00,585.4285103892537,1.757523530919343,3.129937600240724,-7.255971520413796
2024-12-01 19:00:00,585.3388680838501,2.0274883250395987,3.0018541773207987,-7.178210586210369
2024-12-01 20:00:00,585.2489155274708,-0.21973134548943563,2.746112081874965,-7.725296263856342
2024-12-01 21:00:00,585.1587021249867,0.12934940307218312,-0.07419242387591657,-5.143859104182914
2024-12-01 22:00:00,585.0682785753536,0.6057455003734731,1.0525393781342236,-5.206563453861315
2024-12-01 23:00:00,584.9776970121738,-0.33139439517719893,2.7722784922083443,-4.808581109204998
2024-12-02 00:00:00,584.8870102847186,-0.04953606181675241,1.4286515579757952,-4.856125780877649
2024-12-02 01:00:00,584.7962712332039,0.6882678161446165,-0.42165530045994076,-4.642883748888645
2024-12-02 02:00:00,584.7055325146023,3.3248470501833935,0.37145029471782126,-5.091829859503586
2024-12-02 03:00:00,584.6148463395897,3.0554020892149083,1.1278068290178243,-4.028055257822439
2024-12-02 04:00:00,584.5242648577272,1.656823969142124,3.797570736907693,-4.7286595637770334
2024-12-02 05:00:00,584.4338400260955,0.2942944051641234,3.1865183416439535,-4.754652772903535
2024-12-02 06:00:00,584.3436230234325,-0.3433184479712281,3.0246120956374543,-1.7249166710988262
2024-12-02 07:00:00,584.2536644364906,-0.7124865426424094,1.218424393976246,-1.979602287824409
2024-12-02 08:00:00,584.1640146727798,-1.4321263687419332,3.419177985531478,-1.0010662895694045
2024-12-02 09:00:00,584.074723556822,0.7771501201806359,-1.6379218852444144,-2.223951791758251
2024-12-02 10:00:00,583.9858391582417,-0.6580569464485961,-8.41242958036325,-3.915352631429914
2024-12-02 11:00:00,583.8974076723352,1.0451994159045626,-6.576713164993673,-4.005893923246159
2024-12-02 12:00:00,583.8094735196169,1.0611104043332489,-6.883791490036504,-2.046792433913563
2024-12-02 13:00:00,583.7220788879758,1.5858595158814524,-7.051372465620236,-2.466565938237072
2024-12-02 14:00:00,583.6352635486221,1.7534663905837533,-3.479659873511417,-4.339070065694336
2024-12-02 15:00:00,583.5490653104947,1.2770477531556708,-2.458892872757887,-4.587220190892494
2024-12-02 16:00:00,583.4635200816929,0.7952065486252877,4.113358037562074,-4.252084667880217
2024-12-02 17:00:00,583.3786619954644,-0.6209771661515333,2.476648414166557,-4.474333243479424
2024-12-02 18:00:00,583.2945239268145,0.28947170218066276,3.804280398097739,-3.948276027092815
2024-12-02 19:00:00,583.2111377067602,0.16643185781947523,3.6291594993431033,-3.936729063922706
2024-12-02 20:00:00,583.1285345554867,0.5458378317838424,3.0546127411742288,-4.098985128444671
2024-12-02 21:00:00,583.0467453080066,-0.12576207658321437,-0.08964590952552182,-4.271337321897932
2024-12-02 22:00:00,582.9658000221665,-2.2833216465503483,0.8529250522397855,-3.335403427855896
2024-12-02 23:00:00,582.8857278193061,-1.8597652473484914,2.551001667524958,-3.176964239482524
2024-12-03 00:00:00,582.806557056692,-1.0017669604285402,0.9659238425072474,-4.0007139387707085
2024-12-03 01:00:00,582.7283154152425,-0.10383016165383196,-0.7613477026695945,-3.943137550919093
2024-12-03 02:00:00,582.6510295430949,-0.97269905302187,0.2910885095569197,-3.069418999629985
2024-12-03 03:00:00,582.5747244004565,-1.3490179468161614,1.2152911322896272,-2.630997585930048
2024-12-03 04:00:00,582.4994232393994,-1.4553623551323653,3.9489778483833993,-2.6330387326504496
2024-12-03 05:00:00,582.4251481292847,-0.4226916813574917,3.1100509376755334,-4.2325073856027835
2024-12-03 06:00:00,582.3519202339742,-0.14494220103472344,3.136085687054044,-4.163063719993492
2024-12-03 07:00:00,582.2797595025608,0.5632756978343423,1.5570556251302792,-3.78009082552539
2024-12-03 08:00:00,582.2086839550597,0.7199982961838032,3.326286442828824,-3.894968694072257
2024-12-03 09:00:00,582.1387090938177,-1.8002385749506402,-2.2270231842453763,-4.451447334621785
2024-12-03 10:00:00,582.0698469223406,0.0848111364974784,-9.056982383937463,-4.767675674900583
2024-12-03 11:00:00,582.0021069648498,-0.5628862172650315,-6.905914255796488,-4.663306491788231
2024-12-03 12:00:00,581.9354974882255,-0.4196830557547173,-6.87421934451057,-2.5915950879601857
2024-12-03 13:00:00,581.870025376489,-0.9802712812856953,-7.064812165344363,-2.0849419298589407
2024-12-03 14:00:00,581.8056958635701,-0.26374207214439593,-3.320921418297543,-3.0010323731282234
2024-12-03 15:00:00,581.7425129258561,-0.1389857259530345,-2.452785576595193,-2.9107416233078856
2024-12-03 16:00:00,581.6804786028482,-0.7195317090959179,4.1858426142569725,-3.206789508009215
2024-12-03 17:00:00,581.6195932094608,0.5696132018513254,2.5700085629091984,0.10078502577866631
2024-12-03 18:00:00,581.559855874849,1.0764937550862896,4.067661073389118,1.0959892966756033
2024-12-03 19:00:00,581.5012642891011,1.0556635621397845,3.8605984792244485,0.8124736695346586
2024-12-03 20:00:00,581.4438139309216,1.459511058924818,3.1404590207691014,0.03621598938462502
2024-12-03 21:00:00,581.3874981957615,1.2551077536141975,-0.3029818935430632,-0.09962405583262993
2024-12-03 22:00:00,581.3323084958415,2.757084669029382,0.5688962535824853,-0.3582894184533655
2024-12-03 23:00:00,581.2782356469222,0.15230494617605927,2.5189056589667635,-0.049446252065119906
2024-12-04 00:00:00,581.2252707075845,-0.7295693643752656,0.9760161038262078,0.028282552964568046
2024-12-04 01:00:00,581.1734050914979,-1.3619389505951176,-0.6581882268438256,0.43672208594097667
2024-12-04 02:00:00,581.1226302586894,-0.5745604018185304,0.540088399824154,0.22184174330494252
2024-12-04 03:00:00,581.0729376374597,-0.4718723558844431,1.5909227113315414,0.7980120070931156
2024-12-04 04:00:00,581.0243187276361,-1.4509257768379484,4.3030128812672706,0.07359416793464557
2024-12-04 05:00:00,580.9767651530163,-0.36369544293791023,3.445201160623768,-1.2782708707022878
2024-12-04 06:00:00,580.9302690673754,0.9804792008196728,3.221900531222125,-1.0826487994172742
2024-12-04 07:00:00,580.8848230709118,0.6343160797864584,1.7438453788654296,-0.5129845295637196
2024-12-04 08:00:00,580.840420164738,0.4388610079513455,3.181421732145541,-1.1707029048349293
2024-12-04 09:00:00,580.7970536282515,-0.7223466157960274,-2.515013435133902,-0.2096935773215127
2024-12-04 10:00:00,580.7547168748439,-1.1324869793816106,-8.968866619708166,-1.7333632757541855
2024-12-04 11:00:00,580.7134034627642,0.5232862384970076,-7.061944348272116,-1.2847453529890327
2024-12-04 12:00:00,580.6731070331517,1.783563185335197,-6.870232213599183,-0.3464380048877748
2024-12-04 13:00:00,580.6338210606724,1.400835534359544,-7.320732264990107,0.06607566995806236
2024-12-04 14:00:00,580.5955387765723,1.3251544810448195,-3.50106641611767,-1.0596268414995451
2024-12-04 15:00:00,580.5582529275126,1.461415495414144,-3.0079094950792475,-0.4617589278475776
2024-12-04 16:00:00,580.5219554590575,1.8116502867407007,3.6604615014584896,-0.704067247256711
2024-12-04 17:00:00,580.4866376484359,-3.0206958654496248,2.5989186677080323,2.4851395493055684
2024-12-04 18:00:00,580.4522906787334,-4.924580548920176,4.086961548247899,3.7953283219387326
2024-12-04 19:00:00,580.4189060991998,-4.765949608037545,3.8543628666873744,3.5426806421503607
2024-12-04 20:00:00,580.3864760118394,-3.706134801301687,3.1659077558281035,2.943751033634178
2024-12-04 21:00:00,580.3549928921108,-3.6581630314485665,-0.5079707194125682,3.3511408587503246
2024-12-04 22:00:00,580.3244487490923,-2.48347477205391,0.47015998995921127,2.498866033002247
2024-12-04 23:00:00,580.2948350681226,-2.8656903662056266,2.654453320011056,1.9964019780721225
2024-12-05 00:00:00,580.2661436498254,-7.1492557487622435,1.0078132218827258,3.255298877054098
2024-12-05 01:00:00,580.2383668384448,-6.263030029766355,-0.536832430103261,2.981495621424761
2024-12-05 02:00:00,580.2114971968342,-4.450741482473973,0.8462760431784623,2.2929682424612556
2024-12-05 03:00:00,580.1855272440836,-4.756854535923367,2.0014093199845817,2.4899179718552036
2024-12-05 04:00:00,580.1604500668022,-2.6176323439545968,4.6365184143945495,2.3406638627577574
2024-12-05 05:00:00,580.1362595756481,-3.7055070375229207,3.934604402470241,1.83464305940472
2024-12-05 06:00:00,580.112950496309,-7.010259601138387,3.240132102050783,2.2971770027785037
2024-12-05 07:00:00,580.0905184335437,-8.82628370019654,1.822051763054715,2.613713503598194
2024-12-05 08:00:00,580.0689597563463,-5.367238678680906,2.9168438691364567,2.7514350531981506
2024-12-05 09:00:00,580.0482716656686,-4.914946107729065,-2.551423403703965,1.5680978457644597
2024-12-05 10:00:00,580.028452575325,-5.279220505938838,-8.413297112150612,2.8040650427644898
2024-12-05 11:00:00,580.009502135,-3.649083177535772,-7.070473889229906,2.5800549317656243
2024-12-05 12:00:00,579.9914213381808,-6.555644689677592,-6.8938054210648305,4.368028772561624
2024-12-05 13:00:00,579.9742127383006,-6.800645214385781,-7.5658200873712484,3.932252563456349
2024-12-05 14:00:00,579.9578805011579,-4.2859184191542,-3.9212227407466553,3.609260658742989
2024-12-05 15:00:00,579.942428559105,-4.082158072799416,-3.628333671333057,3.5980631850275118
2024-12-05 16:00:00,579.9278602186724,-2.297315225059833,3.040621043350803,3.028833963036606
2024-12-05 17:00:00,579.9141780275065,-2.811054184691443,2.684390938384193,5.802485218800711
2024-12-05 18:00:00,579.9013834820225,-3.4126302387149963,3.855515277408872,6.005731479283509
2024-12-05 19:00:00,579.8894767817243,-3.4797464368572264,3.6241364272034375,6.346133227929506
2024-12-05 20:00:00,579.8784566580482,-3.4541105062065753,3.1773786385820015,6.3582752095763695
2024-12-05 21:00:00,579.868320135099,-3.463312021239176,-0.5735042055042887,6.498496091644509
2024-12-05 22:00:00,579.8590620742102,-5.682717879193433,0.5934622759012234,6.2601935290820565
2024-12-05 23:00:00,579.8506743496348,-2.7505139170425537,3.001074659896575,4.408764907511066
2024-12-06 00:00:00,579.843145928059,-1.657159269346721,1.0636493141874914,4.750364027100163
2024-12-06 01:00:00,579.8364626783736,-1.6841256315183273,-0.3764228073711104,4.984085760515937
2024-12-06 02:00:00,579.8306078090159,-3.383469782122802,1.139850418558119,3.6130115545488426
2024-12-06 03:00:00,579.8255619104629,-2.628279548574824,2.37943857360765,3.9332790645042364
2024-12-06 04:00:00,579.82130304552,-2.1350960561102283,4.883390096616204,3.430402913974085
2024-12-06 05:00:00,579.817807127394,-2.5841303688262087,4.393364218751379,3.5629590226809214
2024-12-06 06:00:00,579.8150484186891,-0.6440646645867218,3.0597648715342394,5.43925137436338
2024-12-06 07:00:00,579.813000769999,-2.3588038751548766,1.655552785467885,5.250250319687955
2024-12-06 08:00:00,579.8116375863964,-1.78437814295944,2.519744640765892,5.512995915797045
2024-12-06 09:00:00,579.8109310839786,-3.263829924178822,-2.481672116141058,4.264570956341293
2024-12-06 10:00:00,579.8108517702009,-2.7444284672318418,-7.631843469337866,5.2654201663688855
2024-12-06 11:00:00,579.8113685124225,-5.733111800719371,-6.92468933272622,4.976432621023054
2024-12-06 12:00:00,579.8124491419233,-5.52572658781105,-6.8968221089869255,5.510099554874775
2024-12-06 13:00:00,579.81406023029,-5.3973408003533905,-7.716793068315801,5.010073638379285
2024-12-06 14:00:00,579.8161666466498,-5.937707684258953,-4.277777105934053,5.159318143543251
2024-12-06 15:00:00,579.8187330680759,-5.248034985044455,-4.065992025047727,5.075293942016398
2024-12-06 16:00:00,579.8217240233458,-4.926490925049848,2.5617636135273374,5.59300328817663
2024-12-06 17:00:00,579.8251036215839,-3.98576470596106,2.7133373012255695,5.827323783151501
2024-12-06 18:00:00,579.8288358518872,-1.0073123566742197,3.427819079896688,5.6206574248902905
2024-12-06 19:00:00,579.8328848759521,-1.167560730199284,3.24634792376099,5.868327930486236
2024-12-06 20:00:00,579.8372153605688,-3.3130154561325753,3.071829634089304,5.67397046147438
2024-12-06 21:00:00,579.84179311692,-4.496704612584608,-0.6132243202998354,5.778135815964411
2024-12-06 22:00:00,579.846585629235,-4.124706945283606,0.7127609764922546,5.095360339556291
2024-12-06 23:00:00,579.8515615010335,-3.9235653177108816,3.419443962900505,4.522559853776954
2024-12-07 00:00:00,579.8566899129257,-0.4772331786215318,1.1224888654772127,4.418054400218593
2024-12-07 01:00:00,579.8619403333329,-0.6301982140948894,-0.1509228378435997,5.279180718605622
2024-12-07 02:00:00,579.8672818816441,-2.008591960824674,1.4675458852263643,6.933764193954142
2024-12-07 03:00:00,579.8726831715024,-2.6016404231958177,2.7378520867534935,8.531105164939797
2024-12-07 04:00:00,579.878113661143,-1.8432294006383927,5.050744410904963,9.024371328590478
2024-12-07 05:00:00,579.8835441408327,-0.8105293102947826,4.668088202709304,7.748896966752794
2024-12-07 06:00:00,579.8889470070476,-2.7178914184510177,2.7510374837133464,6.237906927689975
2024-12-07 07:00:00,579.8942955569507,-1.947113485875434,1.2197619270582067,5.083056001866492
2024-12-07 08:00:00,579.8995633904965,-2.0500109022966626,2.2031479013421955,4.96729961045796
2024-12-07 09:00:00,579.904724781428,-0.20977853873910135,-2.166969216928747,5.242022974239807
2024-12-07 10:00:00,579.9097555757022,-2.125725067933331,-6.643412082234315,6.509381574465458
2024-12-07 11:00:00,579.914633640307,-1.989282459095989,-6.589386519945307,4.334035338734183
2024-12-07 12:00:00,579.919338790066,-0.25172051912682036,-6.803019911357967,-0.38459835958118344
2024-12-07 13:00:00,579.9238527581833,0.46561465460263207,-7.7571733227839506,-0.26229409000205695
2024-12-07 14:00:00,579.9281591436976,-0.1827483479979719,-4.498410221675568,-1.6370005740239466
2024-12-07 15:00:00,579.932243032166,-1.802807091235195,-4.3876653074390255,0.06822936650829171
2024-12-07 16:00:00,579.9360910119736,-2.3237897069475366,2.1422530333052245,0.6454456616686913
2024-12-07 17:00:00,579.9396911971479,-1.2032736469366228,2.4670281464181407,-7.413445696629382
2024-12-07 18:00:00,579.9430329017741,-1.668465947610457,2.924910951674982,-6.1494779058387
2024-12-07 19:00:00,579.9461065004914,-1.9705308324771522,2.8315921769387526,-6.497167844953093
2024-12-07 20:00:00,579.9489033659569,-1.1439773349871984,2.8472229234894857,-6.792148954459258
2024-12-07 21:00:00,579.9514155724328,-1.411356359042884,-0.7829417465343023,-4.86711746685557
2024-12-07 22:00:00,579.9536360686533,0.02061904511629109,0.6314683010045029,-7.515723414774068
2024-12-07 23:00:00,579.955559638509,-1.05578217813445,3.7099277822565844,-7.90970524263113
2024-12-08 00:00:00,579.9571824928399,-1.813059140397172,1.0802733828924187,-5.284396735335169
2024-12-08 01:00:00,579.9585022100425,-2.8244466599865063,0.07799100590660513,-3.9020465559626496
2024-12-08 02:00:00,579.9595176610154,-0.2975024481751234,1.7982009426742684,-1.8202161555146268
2024-12-08 03:00:00,579.9602285347673,-0.2965170358522755,3.0135763922469203,0.1327121088379748
2024-12-08 04:00:00,579.9606348426471,-2.195037076211179,5.196627513135806,0.04777472042821858
2024-12-08 05:00:00,579.9607364485054,-1.1972548279092052,4.763763967396992,-0.49724558799323215
2024-12-08 06:00:00,579.960532927765,-0.08594560535925666,2.5291364158740213,-0.9837237382798762
2024-12-08 07:00:00,579.9600239540955,-0.22438515003295834,0.7917599662186265,-1.5473987702811574
2024-12-08 08:00:00,579.9592094369017,-0.254295791628806,2.2285736998891315,-4.123487345162072
2024-12-08 09:00:00,579.9580905257843,-0.8096515222238168,-1.6737656574950128,-2.1746733460655485
2024-12-08 10:00:00,579.9566692169842,-0.8715287208289055,-5.624066410206531,-2.3210740859488403
2024-12-08 11:00:00,579.9549484994578,-0.5655076784678386,-6.17714508646463,-1.792295734525361
2024-12-08 12:00:00,579.9529326037327,0.3464111860726007,-6.510220102228139,-3.249123687577282
2024-12-08 13:00:00,579.9506266123918,0.2064065761318261,-7.641401043308635,-2.4256321452149483
2024-12-08 14:00:00,579.9480362670992,-0.06788913388220408,-4.660619118825702,-2.239528014391263
2024-12-08 15:00:00,579.9451672327309,1.8506642870561336,-4.508903108744283,-1.8769284110427225
2024-12-08 16:00:00,579.9420248890682,1.8621187154960808,1.898555142487671,-2.3026987470519367
2024-12-08 17:00:00,579.9386143151883,4.77753805884754,2.004847572631411,-9.820999946667294
2024-12-08 18:00:00,579.9349402088579,3.5360982754297083,2.380334098154998,-7.861372582442659
2024-12-08 19:00:00,579.9310065508417,3.866426451806774,2.3908210376373265,-7.838254040285796
2024-12-08 20:00:00,579.926816105623,5.023773663643169,2.5255443696996274,-8.466134138965785
2024-12-08 21:00:00,579.9223706690155,6.358700349811215,-1.023985119382649,-5.7070858994441025
2024-12-08 22:00:00,579.9176712347264,7.075507839494662,0.45143813369778296,-5.644617207918982
2024-12-08 23:00:00,579.9127178090215,5.47441776919834,3.8047939225430367,-5.1319295007629595
2024-12-09 00:00:00,579.907509105167,6.034474226784823,0.7648418707063913,-5.57682520265822
2024-12-09 01:00:00,579.9020423388213,6.705978609312751,0.05708694766750793,-5.355107895801504
2024-12-09 02:00:00,579.8963134596135,7.160249174674618,1.9751433637336275,-6.061705998021718
2024-12-09 03:00:00,579.8903180948306,7.2830343790409415,3.1654014187590787,-4.818753892630592
2024-12-09 04:00:00,579.8840509521506,9.945471396732955,5.260769909694163,-5.410292258577782
2024-12-09 05:00:00,579.8775061057115,8.184686894367019,4.921260399781308,-5.803453399859872
2024-12-09 06:00:00,579.8706780210415,2.230502215102433,2.576928215474473,-2.398108451618439
2024-12-09 07:00:00,579.863561696685,1.6917631230247707,0.6158239737248491,-2.7311487934346554
2024-12-09 08:00:00,579.8561528584594,2.6947997498389213,2.48537812934841,-1.3763307376467855
2024-12-09 09:00:00,579.8484459959028,4.911942591218462,-1.1429812882641228,-2.8874072988571644
2024-12-09 10:00:00,579.8404340198135,8.546591412219641,-4.771168678457531,-4.89585675357561
2024-12-09 11:00:00,579.8321086105243,8.08230549578218,-5.759616318945472,-4.884797787360977
2024-12-09 12:00:00,579.8234599003172,7.460459462437484,-6.218031604097244,-3.005887758657374
2024-12-09 13:00:00,579.8144763607146,7.820595260008417,-7.467513260809469,-3.4975583599135684
2024-12-09 14:00:00,579.8051449601771,10.318731463775407,-4.811743997984208,-5.302132425968395
2024-12-09 15:00:00,579.7954516346226,9.598255301088784,-4.409048784969678,-5.454658150741841
2024-12-09 16:00:00,579.7853818897617,10.61623636622403,1.9206737042894346,-4.992291960275166
2024-12-09 17:00:00,579.7749211499548,7.582400643593246,1.482577141360567,-5.369898934908594
2024-12-09 18:00:00,579.7640548566089,5.194754404780156,1.8286965639470245,-4.567505825336051
2024-12-09 19:00:00,579.7527685419204,5.348288363359302,1.9440281513333986,-4.565085056613199
2024-12-09 20:00:00,579.7410482047728,6.7376191274123585,2.1765645449742106,-4.595231877159496
2024-12-09 21:00:00,579.7288798845748,7.247192505287558,-1.192950228959886,-4.873122160902571
2024-12-09 22:00:00,579.7162495750091,6.446989821882539,0.21541312000650112,-3.6886525168980935
2024-12-09 23:00:00,579.7031437233778,6.9411697161476695,3.782783450448674,-3.7070968899741312
2024-12-10 00:00:00,579.689549328314,4.939252499501663,0.3361980657553356,-4.554999893570994
2024-12-10 01:00:00,579.6754539925503,5.732328046328803,-0.25365351036570993,-4.334128528513414
2024-12-10 02:00:00,579.6608457476964,3.4219018211613275,2.011787357783746,-3.4345349266415055
2024-12-10 03:00:00,579.6457134300157,3.748488375998477,3.2640423811473434,-2.8882441871615168
2024-12-10 04:00:00,579.630047535757,2.265329512268522,5.36641121478845,-2.9817882628138634
2024-12-10 05:00:00,579.6138405279589,2.3486424851059837,5.197382755119511,-4.739865768184429
2024-12-10 06:00:00,579.5970865840522,3.315292335474055,2.817094876936228,-4.569473796462587
2024-12-10 07:00:00,579.5797812296698,3.0017161957164262,0.6475556714873267,-4.189053096873638
2024-12-10 08:00:00,579.5619216119311,3.8495556558016233,2.7794775853255285,-4.240954853058143
2024-12-10 09:00:00,579.5435069816664,5.6466644572814175,-0.6955845155187323,-4.974586923429062
2024-12-10 10:00:00,579.5245387549609,6.66665724306813,-4.154314269347383,-5.426881728681479
2024-12-10 11:00:00,579.5050201669695,6.763457191487305,-5.335608382859888,-5.102868975596933
2024-12-10 12:00:00,579.4849573697935,5.112140687187093,-6.201657830336105,-2.7654402266444467
2024-12-10 13:00:00,579.4643596241357,4.77522989453189,-7.4959530096040625,-2.223636509063624
2024-12-10 14:00:00,579.44323857094,4.704869488942791,-4.98720170645717,-3.1909063534256368
2024-12-10 15:00:00,579.4216069838988,3.2605136754896193,-4.236786290986092,-3.09533436840231
2024-12-10 16:00:00,579.399478158153,3.0316279598422398,2.1193611168012763,-3.540467234796601
2024-12-10 17:00:00,579.3768655720409,1.8156384288714662,1.0610344943777676,-0.23353849529005832
2024-12-10 18:00:00,579.3537829380953,3.530444218741536,1.385040696596675,1.1007321465665738
2024-12-10 19:00:00,579.3302442057868,3.729448965479264,1.6036313435547516,0.8166754851791599
2024-12-10 20:00:00,579.3062632683539,3.6957342972242486,1.8527361631961596,-0.014733728774240812
2024-12-10 21:00:00,579.2818534321433,2.973299637078867,-1.2754501823899422,0.00029711316774885116
2024-12-10 22:00:00,579.2570274164578,4.624799299089432,-0.08998412743633724,-0.8818425881110459
2024-12-10 23:00:00,579.2317968690265,4.774840259508892,3.7021074702869936,-0.46874459882247643
2024-12-11 00:00:00,579.2061718817048,3.4027913256841202,-0.013588508236254335,-0.11537469915269513
2024-12-11 01:00:00,579.1801609721093,3.8729096126800187,-0.6276446812911416,0.3845740965018022
2024-12-11 02:00:00,579.153771178406,5.300848347463102,1.9861790176580314,0.17920145647286204
2024-12-11 03:00:00,579.1270080176081,3.838324414616409,3.3432870897020734,1.0013804780734519
2024-12-11 04:00:00,579.099875881226,4.524564970266624,5.601834471610812,0.3037246768965916
2024-12-11 05:00:00,579.0723790944191,2.3684250377972376,5.504897917159748,-1.2657020493761122
2024-12-11 06:00:00,579.0445213369458,2.3583694316072297,3.174486376141671,-1.0673771446946838
2024-12-11 07:00:00,579.0163052346552,2.2728436145334854,0.7277419488059186,-0.47689079799469747
2024-12-11 08:00:00,578.9877317661235,4.6044695816337935,3.24633766731276,-1.2285390150700886
2024-12-11 09:00:00,578.9588001542363,3.4553606317024332,-0.23243084639882844,-0.16172993953985884
2024-12-11 10:00:00,578.9295084956633,3.5069821000390675,-3.6828589852942137,-2.1736316104081137
2024-12-11 11:00:00,578.8998537986264,3.630162061774058,-4.961111146058148,-1.6589047143423694
2024-12-11 12:00:00,578.8698314138035,4.304603388593705,-6.434226616841616,-0.5102081855554358
2024-12-11 13:00:00,578.8394348993855,3.6893233193620745,-7.708561817771683,-0.060196400975861195
2024-12-11 14:00:00,578.8086567537716,4.007590901159574,-5.249257194411862,-1.4369904605193504
2024-12-11 15:00:00,578.7774886751421,3.5479535704515683,-4.160231526841751,-0.8352107187518621
2024-12-11 16:00:00,578.745921554802,3.240845253685279,2.3099595989646464,-1.146726407451867
2024-12-11 17:00:00,578.7139455194916,0.522035707903683,0.7377179920277872,2.5863007805768023
2024-12-11 18:00:00,578.6815512435525,-0.3328090890963722,1.0744773295932455,3.9967805159506518
2024-12-11 19:00:00,578.6487301070711,-0.4897031333537143,1.3774802732772882,3.7434927530053157
2024-12-11 20:00:00,578.6154740704545,-0.9244666733569602,1.4521652635786968,3.066827339323819
2024-12-11 21:00:00,578.5817758588715,-1.5261198902477418,-1.416127747072578,3.5004717784487145
2024-12-11 22:00:00,578.5476289762994,-1.5605857529330933,-0.46776967793399166,2.7407264545677186
2024-12-11 23:00:00,578.5130271600974,-1.1936934173207874,3.5702441897814374,2.090422067441933
2024-12-12 00:00:00,578.477963871172,-0.8548747779583437,-0.16239436798281953,3.7093052747691
2024-12-12 01:00:00,578.4424324325427,-0.23094202169977507,-0.9467736752201578,3.4952832643772376
2024-12-12 02:00:00,578.4064264590784,-1.7047427281838736,2.0074948919038307,2.670821377201756
2024-12-12 03:00:00,578.3699400771991,-1.7926869809468826,3.2996044262036817,3.0031424775440345
2024-12-12 04:00:00,578.332968975621,-1.268573152805061,5.9100438916934745,2.665560285490521
2024-12-12 05:00:00,578.2955099933115,-0.3511178174892393,5.782005555055167,2.20360226912246
2024-12-12 06:00:00,578.2575612601062,0.8079202248597994,3.545884888655313,2.608633626378682
2024-12-12 07:00:00,578.2191220920374,0.9187873650307665,0.919438873132149,3.032651669799715
2024-12-12 08:00:00,578.1801927135124,-0.11087828808092581,3.8263542521024787,2.934331322466066
2024-12-12 09:00:00,578.1407743878476,-0.5069415844624245,0.28174861656417144,1.5644185800506025
2024-12-12 10:00:00,578.1008694514411,-1.5327562758371869,-3.355871302609773,2.9277581270058066
2024-12-12 11:00:00,578.0604821623712,-3.336328222516727,-4.680080226090192,2.8859262862357435
2024-12-12 12:00:00,578.0196193630724,-4.626334185021733,-6.790507303643014,4.767222125592463
2024-12-12 13:00:00,577.9782903686342,-4.688943114063704,-8.001843816896173,4.402496562325775
2024-12-12 14:00:00,577.9365066329008,-3.6434843451608003,-5.58120651487855,4.108184227138668
2024-12-12 15:00:00,577.8942817141403,-1.992094819927388,-4.300354071184652,4.238167176971711
2024-12-12 16:00:00,577.8516317539011,-1.2726969298465747,2.3324324194725015,3.5086327564729425
2024-12-12 17:00:00,577.8085754400273,-4.765656922779954,0.6081571005020415,6.038924382250725
2024-12-12 18:00:00,577.7651329907894,-2.5860604416409387,0.8429375744705896,6.167989876380989
2024-12-12 19:00:00,577.7213255092422,-2.9235990113522803,1.1889249205304302,6.493348581579632
2024-12-12 20:00:00,577.6771746809873,-3.446905543445382,1.0465409004033062,6.4931899620548075
2024-12-12 21:00:00,577.6327028540569,-4.077216817604153,-1.405508383181104,6.490022346728309
2024-12-12 22:00:00,577.5879341451188,-5.6834349360441365,-0.7732746814110696,6.1387754723364685
2024-12-12 23:00:00,577.5428961106626,-4.328258561534653,3.5575843165728225,4.377778134299201
2024-12-13 00:00:00,577.4976196258265,-3.467982125327694,0.030407870708100103,4.839954628793043
2024-12-13 01:00:00,577.4521385237025,-4.768415145514041,-1.0302358551092985,5.026512476920758
2024-12-13 02:00:00,577.4064898069444,-4.724689701425518,2.2602679910530132,3.8979319034281037
2024-12-13 03:00:00,577.3607138085783,-3.6533771567260374,3.190431290294298,4.142232057853302
2024-12-13 04:00:00,577.3148537265317,-3.4336808121817057,6.066589625479689,3.602237460170295
2024-12-13 05:00:00,577.2689551599128,-1.2840776915393235,5.702956166593103,3.8121663650333626
2024-12-13 06:00:00,577.2230654317505,-2.720985767732145,3.8367975146185174,5.861122821363216
2024-12-13 07:00:00,577.1772335743186,-2.927499351317806,1.184807320050326,5.625458456948734
2024-12-13 08:00:00,577.131510130805,-5.969211650825969,4.274745638602737,5.712955881418107
2024-12-13 09:00:00,577.0859465854866,-4.820688931296559,0.7155723336119691,4.519170012198042
2024-12-13 10:00:00,577.0405953532078,-4.8157028437897225,-3.1884151104451255,5.783522601027087
2024-12-13 11:00:00,576.9955097167375,-3.4515281201627204,-4.62178540320328,5.237803806628401
2024-12-13 12:00:00,576.9507433928615,-2.2936577111019005,-7.156084678184579,5.718998996425104
2024-12-13 13:00:00,576.906349968407,-2.3711621830459535,-8.267416893259371,5.152229107898346
2024-12-13 14:00:00,576.8623830699169,-2.8611301866036456,-5.965976556906045,5.434723673592913
2024-12-13 15:00:00,576.818896606401,-3.1473622970479482,-4.578962513998988,5.367428204645887
2024-12-13 16:00:00,576.7759443680652,-3.3816164598151772,2.194856881275631,5.840815210474292
2024-12-13 17:00:00,576.7335798290867,1.0817795104139805,0.6845718843117025,6.190068776187669
2024-12-13 18:00:00,576.691855785403,-1.8148006802611008,0.6948300591089381,5.8581148357489505
2024-12-13 19:00:00,576.6508240328179,-1.5270186468510474,1.0571530465520684,6.119041567480957
2024-12-13 20:00:00,576.6105356531625,-1.0954963919253942,0.8117374209029438,5.793223317859934
2024-12-13 21:00:00,576.571040316562,-1.7180566781352127,-1.1515461954583395,6.188562557031574
2024-12-13 22:00:00,576.5323856297312,-1.4708101050287041,-0.7296644272505106,5.57808890254806
2024-12-13 23:00:00,576.4946169543027,-2.562179229154708,3.783505178463649,5.114057096388319
2024-12-14 00:00:00,576.4577778622086,-2.702508835684739,0.48894100623609416,4.89578996724007
2024-12-14 01:00:00,576.4219100461208,-2.7312760873080606,-0.8755555334615432,5.564921574648806
2024-12-14 02:00:00,576.3870526807407,-1.7010328201101856,2.568435407621009,7.505544731748514
2024-12-14 03:00:00,576.3532425096058,1.3390381923500172,3.0474014920451347,9.020317805999085
2024-12-14 04:00:00,576.3205140258328,-0.895998472102292,6.0662741748746845,9.699210271394767
2024-12-14 05:00:00,576.2888991788701,-0.44079843494716897,5.268842001955681,8.29305725412138
2024-12-14 06:00:00,576.2584273630144,0.48352487708268654,3.6867479378178967,6.871299822084927
2024-12-14 07:00:00,576.2291251617339,-0.767755937194579,1.0494923684526378,5.659138407007925
2024-12-14 08:00:00,576.2010161047322,0.19481375884913632,4.3459238976708034,5.588246238747924
2024-12-14 09:00:00,576.1741207697321,-1.066382061934064,0.891211095394232,6.021050196807618
2024-12-14 10:00:00,576.1484571241045,-2.6560065926738616,-3.094728321627512,7.452277790196875
2024-12-14 11:00:00,576.1240406133801,-1.8437465559388784,-4.705162854280441,5.154868796839201
2024-12-14 12:00:00,576.1008836986622,-2.9708499930618473,-7.376636355907408,0.0266026503069997
2024-12-14 13:00:00,576.0789965641669,-2.3573884884433483,-8.381858397650063,0.14025032192646222
2024-12-14 14:00:00,576.0583875415657,-1.8215837693018102,-6.2485621816281105,-1.8382415906358254
2024-12-14 15:00:00,576.0390638508197,-0.6203288008724712,-4.837609838002605,0.048874788055252257
2024-12-14 16:00:00,576.0210319014017,-0.921615088440376,1.9879686791053395,0.7526145079333237
2024-12-14 17:00:00,576.0042973607169,-3.8620628564473236,0.9923292451520209,-7.2645637494216135
2024-12-14 18:00:00,575.988865298486,-3.6928727410232796,0.6106415514429456,-6.006634108905739
2024-12-14 19:00:00,575.9747403019808,-3.850226167713231,0.970362891731205,-6.324877025998667
2024-12-14 20:00:00,575.9619265299949,-4.519850494601201,0.8090700630501901,-6.681146098443832
2024-12-14 21:00:00,575.9504281359456,-8.698423837348969,-0.6766922459971393,-4.515312052599528
2024-12-14 22:00:00,575.9402494332069,-3.3261610834281328,-0.27187136663298106,-7.202216983145718
2024-12-14 23:00:00,575.9313950578791,-4.941595356552057,4.267683076469059,-7.657482777796079
2024-12-15 00:00:00,575.9238701127048,-8.771647180516993,0.9911732378174063,-4.463396170005185
2024-12-15 01:00:00,575.9176800150636,-10.632878675352913,-0.6349890536010495,-3.189812286109584
2024-12-15 02:00:00,575.9128297560433,-12.389085590500713,2.8650398740188043,-1.1287840395613606
2024-12-15 03:00:00,575.9093240279636,-6.544298677357347,2.9045955021311505,1.0703791472625086
2024-12-15 04:00:00,575.9071673939104,-1.9531275766570388,5.7960046790427535,0.9599555037039375
2024-12-15 05:00:00,575.9063647277042,0.31366196901910826,4.639085044117929,0.1508882591587711
2024-12-15 06:00:00,575.9069216789389,-6.144224062346552,3.2942245758032986,-0.7469221923957832
2024-12-15 07:00:00,575.9088447642724,-4.447552558471102,0.5804157293306607,-1.4917079351320548
2024-12-15 08:00:00,575.9121409505303,-2.560786363807324,4.101565157789441,-4.23291974451237
2024-12-15 09:00:00,575.9168175938029,-4.066931156162582,0.9258643013005129,-1.8757507389408794
2024-12-15 10:00:00,575.9228822109325,-3.16439037884993,-3.0035733228050665,-1.9549185092774377
2024-12-15 11:00:00,575.9303420026831,-2.3972117880610995,-4.714348848929218,-1.5387813656927456
2024-12-15 12:00:00,575.9392030417943,-4.8290141036202385,-7.560683239206549,-3.1395056989674535
2024-12-15 13:00:00,575.9494699604406,-4.723352399128771,-8.50132456642074,-2.29479299489112
2024-12-15 14:00:00,575.9611455439479,-4.0985228621343595,-6.451953310759496,-2.0106693710540826
2024-12-15 15:00:00,575.974231713776,-3.9283744068753776,-5.184907311537893,-1.5809499953627426
2024-12-15 16:00:00,575.9887304879373,-3.145729350506258,1.6182027196879876,-1.8712038571190863
2024-12-15 17:00:00,576.0046440111422,-0.20270444069080895,1.3745175468240736,-10.236457117275506
2024-12-15 18:00:00,576.0219742131785,-1.3706438550395887,0.6521592802447808,-8.46348963838367
2024-12-15 19:00:00,576.0407224491568,-1.1550842150966218,0.9787373251930102,-8.49437555925318
2024-12-15 20:00:00,576.0608895735377,-1.2211136856246867,0.9843202675105236,-9.204096155423455
2024-12-15 21:00:00,576.0824758421353,-1.4588427290004802,-0.011226390651897462,-6.272406722482904
2024-12-15 22:00:00,576.1054811760758,-0.5088726159916632,0.5408221770044689,-6.077430737088669
2024-12-15 23:00:00,576.1299050732493,0.42100843069465554,4.999825202124673,-5.440738706068699
2024-12-16 00:00:00,576.1557467147385,-0.3359945489648908,1.4662992075787367,-6.286051373352233
2024-12-16 01:00:00,576.1830049593862,-0.4655554408016087,-0.321722673185486,-6.055726845399044
2024-12-16 02:00:00,576.2116783084952,1.3218258500847924,3.2823345302305813,-7.025838688810661
2024-12-16 03:00:00,576.2417649180145,1.1258337259191649,2.7765183390000145,-5.604116982933724
2024-12-16 04:00:00,576.2732625530357,0.40453978348386954,5.366124980312991,-6.103927316832435
2024-12-16 05:00:00,576.3061687145942,-1.78981435214655,3.8528978238958294,-6.879252186343364
2024-12-16 06:00:00,576.340480586017,3.4885912072571728,2.580685083565209,-3.059756876839276
2024-12-16 07:00:00,576.3761947061428,3.9030224003064404,-0.10005895504640822,-3.469158151402797
2024-12-16 08:00:00,576.4133060647133,1.2134127198745546,3.7131343463379736,-1.7298531309257814
2024-12-16 09:00:00,576.4518080383968,2.470212720933887,0.9559185991273885,-3.537939358458067
2024-12-16 10:00:00,576.4916929632963,2.473219405939858,-2.8238538431368094,-5.871058526099368
2024-12-16 11:00:00,576.5329520559216,1.292388029783524,-4.5906739890749755,-5.76466609663012
2024-12-16 12:00:00,576.5755751687607,1.9986557822642226,-7.747935340047035,-3.966295610977961
2024-12-16 13:00:00,576.6195503999201,2.3246275761398465,-8.7348550728925,-4.529322903167402
2024-12-16 14:00:00,576.6648635748431,1.8081964388549068,-6.613338121794501,-6.269721891903512
2024-12-16 15:00:00,576.7114991757278,0.2548717671064651,-5.650041003975672,-6.33632993885858
2024-12-16 16:00:00,576.7594410629057,0.3607590286960658,1.1166630339821388,-5.736863125583889
2024-12-16 17:00:00,576.8086727597274,-0.8999204133344847,1.7575886940304786,-6.286341040423418
2024-12-16 18:00:00,576.8591777720916,-1.4934892414971728,0.8377853526753951,-5.213473883269784
2024-12-16 19:00:00,576.9109399774089,-1.3122046259907165,1.099813275579602,-5.218548626997699
2024-12-16 20:00:00,576.9639436149895,-1.4685966923153728,1.2307791886911423,-5.106126111365226
2024-12-16 21:00:00,577.0181732988926,-1.211571664337498,0.6485703799715418,-5.485172014526591
2024-12-16 22:00:00,577.0736138668176,-2.1947363458616564,1.3523485432674862,-4.041226064223375
2024-12-16 23:00:00,577.1302493406367,-0.8094805068459436,5.752130298488646,-4.242899132279428
2024-12-17 00:00:00,577.1880625417044,-0.7694742764731473,1.9483631534999555,-5.1169514187312695
2024-12-17 01:00:00,577.2470351486629,-1.1126635872934685,0.134847228911914,-4.729218790281432
2024-12-17 02:00:00,577.3071475508465,-3.3801298224939273,3.690824187331472,-3.8078419156840795
2024-12-17 03:00:00,577.3683789805419,-3.9032948644421595,2.656721274473335,-3.141805390573089
2024-12-17 04:00:00,577.4307078666202,-2.7057514433057577,4.912146575760011,-3.3271029990745236
2024-12-17 05:00:00,577.4941116421764,-3.6653268854590806,3.07261374716322,-5.231398503880678
2024-12-17 06:00:00,577.5585669167118,-4.515149757803215,1.8226402071500907,-4.986057366058731
2024-12-17 07:00:00,577.624049791237,-5.812059284719226,-0.7200553864627821,-4.611935120054931
2024-12-17 08:00:00,577.6905359295697,-3.4316803045365987,3.206111431324955,-4.5849670563581055
2024-12-17 09:00:00,577.7580006999552,-3.2907053296788717,0.9415042207487992,-5.498799591025238
2024-12-17 10:00:00,577.8264194092218,-3.0627158922841318,-2.557511745444872,-6.096191771492712
2024-12-17 11:00:00,577.8957676253299,-4.576997126512197,-4.5627209139038944,-5.536049584913684
2024-12-17 12:00:00,577.9660215323785,0.2384953801821439,-7.896420249132305,-2.918096663428294
2024-12-17 13:00:00,578.0371581858957,-0.8633492456059457,-9.020529659746645,-2.343279280543099
2024-12-17 14:00:00,578.1091553176021,-2.3313449647982907,-6.821610725401068,-3.366199627402713
2024-12-17 15:00:00,578.1819906957119,-1.4451424820224474,-6.105907165629968,-3.2709410480593677
2024-12-17 16:00:00,578.2556419448275,-1.937339629385633,0.6566801676351834,-3.8749824830770296
2024-12-17 17:00:00,578.3300863593781,-3.7370299799561053,2.0461986836929373,-0.5992550631149828
2024-12-17 18:00:00,578.4053004394644,-4.798496134322136,1.1767624860173902,1.0964332088402404
2024-12-17 19:00:00,578.4812596512929,-4.840150991741211,1.3659805120827861,0.8129108283654325
2024-12-17 20:00:00,578.5579387260044,-3.7856416552467635,1.565264787393023,-0.06756185815070692
2024-12-17 21:00:00,578.6353119902733,-4.461260488939843,1.2699634117863536,0.0959850868801937
2024-12-17 22:00:00,578.7133541150604,-2.1457320366343993,1.9805852578403664,-1.42820733626637
2024-12-17 23:00:00,578.7920405472454,-3.7897348018841512,6.398444558399534,-0.9107503037608108
2024-12-18 00:00:00,578.8713469709294,-3.05964266358842,2.3684370491355233,-0.2701413564765737
2024-12-18 01:00:00,578.9512493224295,-2.8175981793614255,0.5911110645158781,0.3252377924160463
2024-12-18 02:00:00,579.0317242963758,-3.870705570782775,3.857981413700864,0.13099986070610387
2024-12-18 03:00:00,579.1127498336386,-3.8189882808192124,2.661071991041344,1.1951664561391544
2024-12-18 04:00:00,579.1943054076615,-4.965550500765403,4.530535069009773,0.5307100240939621
2024-12-18 05:00:00,579.2763725387449,-2.774512516018831,2.5031054258765355,-1.2549654486026596
2024-12-18 06:00:00,579.3589348289388,-1.815773357021726,1.236811580888243,-1.0499730528053142
2024-12-18 07:00:00,579.441977701811,-2.195882338778688,-1.2424346650985836,-0.4436606979337937
2024-12-18 08:00:00,579.5254877247562,-2.993075920748879,2.527739737277658,-1.3001515412849542
2024-12-18 09:00:00,579.6094520070507,-3.033810148944326,0.7621014956980483,-0.1277433538043526
2024-12-18 10:00:00,579.6938577010436,-2.7283046620806317,-2.3500132248158923,-2.625539814146977
2024-12-18 11:00:00,579.778692019116,-2.1220596776277034,-4.686376324142529,-2.050256017345716
2024-12-18 12:00:00,579.863942215158,-3.701337439752365,-7.913380740224871,-0.6792240351807238
2024-12-18 13:00:00,579.9495961960266,-5.305969067169713,-9.221222033160101,-0.19240509569676872
2024-12-18 14:00:00,580.0356427080277,-5.722074981823766,-6.985943241956316,-1.8276244842475862
2024-12-18 15:00:00,580.1220703811827,-5.95517426040567,-6.453063091432441,-1.2138330293444985
2024-12-18 16:00:00,580.2088680079763,-5.715306100318003,0.30729706688094666,-1.6008589745391795
2024-12-18 17:00:00,580.2960248590122,-0.5856477987496191,2.1917846723154835,2.697838267421934
2024-12-18 18:00:00,580.3835299034808,-0.5080303516012918,1.5525191616583833,4.201981286461964
2024-12-18 19:00:00,580.4713713965609,-0.5890420247418433,1.682346541562218,3.945324086618739
2024-12-18 20:00:00,580.5595365753419,0.6748071700162654,1.8989372616692115,3.186718992972686
2024-12-18 21:00:00,580.6480120182456,1.1790982553774256,1.790948587307002,3.6419411390699747
2024-12-18 22:00:00,580.7367838488615,2.4289449764365827,2.4727393286313215,2.9815318460706814
2024-12-18 23:00:00,580.8258366964237,1.6155921695476536,6.822141493234535,2.1764296407941957
2024-12-19 00:00:00,580.9151531587517,-0.6160191344670238,2.457797800456928,4.163068175258449
2024-12-19 01:00:00,581.0047142533928,-0.8328490861633782,0.8549639304255908,4.013170902345018
2024-12-19 02:00:00,581.0945000313982,1.3922361997996404,3.662685028436875,3.0405787403653677
2024-12-19 03:00:00,581.1844905341922,-0.5553624340959686,2.8673874130703862,3.5134844868335158
2024-12-19 04:00:00,581.2746660653829,-1.4079539391427716,4.403216950267782,2.9800709234921707
2024-12-19 05:00:00,581.3650069715296,-1.8561473221645883,2.6006570372923496,2.560483313342581
2024-12-19 06:00:00,581.4554926681549,-1.810809120186832,1.0790881885809005,2.906228263451009
2024-12-19 07:00:00,581.5461016934081,-1.6161185166542964,-1.4737004555645439,3.443717278810731
2024-12-19 08:00:00,581.636811842079,0.4544570746840009,2.006458028190646,3.1022730550462967
2024-12-19 09:00:00,581.7276006908392,1.9068776182106149,0.5328548263164274,1.552666864633752
2024-12-19 10:00:00,581.8184462307192,0.6202103075228251,-2.225646121537692,3.0369895832955853
2024-12-19 11:00:00,581.9093267432901,3.569026720798547,-4.847159038089231,3.1888055740006545
2024-12-19 12:00:00,582.0002202538225,0.26460671921915946,-8.083259671959237,5.1484326989176585
2024-12-19 13:00:00,582.091104167844,0.6393406884425303,-9.60524746667733,4.854802610390882
2024-12-19 14:00:00,582.1819554155371,1.3496038661029388,-7.216349736175626,4.604790454535486
2024-12-19 15:00:00,582.2727517649363,-0.006142703429190988,-6.774262563468108,4.887653501961088
2024-12-19 16:00:00,582.3634715455445,-0.24331711320667182,0.05421607759879048,3.9956294900633806
2024-12-19 17:00:00,582.4540934657534,0.2770606858814517,2.1752096360273643,6.263636212337707
2024-12-19 18:00:00,582.5445969639669,0.42460232637790796,1.7932866207221416,6.3275140889330705
2024-12-19 19:00:00,582.6349622826996,0.33159626458893854,1.8674184265931701,6.6360230261183455
2024-12-19 20:00:00,582.7251704055514,0.07260388659824457,2.030568098288923,6.621657609561568
2024-12-19 21:00:00,582.8152029441385,0.3177370440114373,2.010072395119189,6.466987616730929
2024-12-19 22:00:00,582.9050421609393,0.4935215885582238,2.660855222527341,5.980581027975126
2024-12-19 23:00:00,582.9946714954997,0.05107479636501466,6.8532636327984235,4.330990075336918
2024-12-20 00:00:00,583.0840762626449,0.3228358586743525,2.317307047611942,4.925780831068802
2024-12-20 01:00:00,583.1732442921879,0.3113426448582004,0.9448225543429832,5.060590508611026
2024-12-20 02:00:00,583.2621652020537,-0.02327949618893399,3.370188684157609,4.1809256099776615
2024-12-20 03:00:00,583.3508302364403,-0.20369727889840306,3.0832658993273014,4.339601143130862
2024-12-20 04:00:00,583.4392322450093,0.05282634774448525,4.542817059995017,3.7551243472511193
2024-12-20 05:00:00,583.5273657038488,0.7844574415048555,3.3632138788308126,4.054962975815518
2024-12-20 06:00:00,583.6152276041611,-1.8893362376994673,1.5739072826137233,6.270201350924662
2024-12-20 07:00:00,583.7028170837385,-0.9136824189636172,-1.0049281724659138,5.985793507691007
2024-12-20 08:00:00,583.7901345925993,-1.2761782335754788,2.168739612792999,5.88730402818318
2024-12-20 09:00:00,583.8771823263329,-0.7252340799288959,0.5011851137209274,4.756866639875083
2024-12-20 10:00:00,583.9639639107552,0.009653072004539354,-2.1456080074698414,6.291991024710113
2024-12-20 11:00:00,584.0504843004715,-0.18160647152319598,-4.957580179120775,5.488702350172486
2024-12-20 12:00:00,584.1367497510032,-0.4543486928771472,-8.58811762654168,5.925716568415666
2024-12-20 13:00:00,584.2227679304442,-0.676995544615238,-10.30821672994372,5.292444344114914
2024-12-20 14:00:00,584.3085474790413,-0.7769685587935555,-7.614072170236597,5.712493249988874
2024-12-20 15:00:00,584.3940970907283,0.051899555331488045,-7.283443231356288,5.667446585296523
2024-12-20 16:00:00,584.4794256721317,-0.09322082950279764,-0.18810505385755194,6.09190021122859
2024-12-20 17:00:00,584.5645422380303,0.7127299628762103,2.0791982471278345,6.583529551965686
2024-12-20 18:00:00,584.6494562747262,1.6020387778526128,1.86177381741357,6.106731130007681
2024-12-20 19:00:00,584.7341772131729,1.6283040214560742,1.89512154066686,6.382397224704197
2024-12-20 20:00:00,584.8187145304028,1.8313798394021887,1.9725690798580422,5.92733655033697
2024-12-20 21:00:00,584.9030774629439,2.114212825120262,1.9387006035483902,6.624009108387561
2024-12-20 22:00:00,584.9872742609302,0.7999945701930073,2.535659350311423,6.08707181856529
2024-12-20 23:00:00,585.071312348203,1.413264801905143,6.640026374261224,5.735396475630673
2024-12-21 00:00:00,585.1551984092569,2.715047266817237,2.128228527530765,5.391525796395153
2024-12-21 01:00:00,585.238938258126,2.5606638228714473,0.9492690297150583,5.861128889287416
2024-12-21 02:00:00,585.322537666584,2.0220132278428764,3.2269934640797198,8.10845564149333
2024-12-21 03:00:00,585.4060026951149,2.5166857548052803,3.425067239505646,9.53224431057415
2024-12-21 04:00:00,585.4893383433974,0.76075004265806,5.02763997185085,10.382271642093711
2024-12-21 05:00:00,585.5725485308423,-0.030719247837737385,4.3427155629698255,8.845455154025725
2024-12-21 06:00:00,585.6556367557262,1.0754661503359557,2.3363095552473516,7.522587538690602
2024-12-21 07:00:00,585.738605994828,1.1523875707862317,-0.21436378547046125,6.253370219856167
2024-12-21 08:00:00,585.8214587209111,0.5568103058985798,2.596046414432467,6.225684558757839
2024-12-21 09:00:00,585.9041964452902,0.8158562905895224,0.633144569620045,6.816802694500222
2024-12-21 10:00:00,585.9868187734954,2.6561408810342755,-2.113093717584986,8.40013406305528
2024-12-21 11:00:00,586.0693229856473,1.9410588461551015,-5.018448197709566,5.998066365907075
2024-12-21 12:00:00,586.1517044189935,4.555917524960705,-9.116620764683915,0.45899882072970205
2024-12-21 13:00:00,586.2339566597135,4.354943154722491,-10.897656404273368,0.5687565898373124
2024-12-21 14:00:00,586.3160718754881,4.090548915127329,-7.952540106258451,-2.0240806843570507
2024-12-21 15:00:00,586.3980415748273,4.477205948364144,-7.74557678522692,0.0503292620354415
2024-12-21 16:00:00,586.4798563497039,3.844581583604736,-0.3621143574355356,0.8776764241269434
2024-12-21 17:00:00,586.5615058887142,2.5300655337533726,1.8894301824611182,-7.111001604928729
2024-12-21 18:00:00,586.6429789495588,3.5530872787355747,1.6740455687159703,-5.8501117970104115
2024-12-21 19:00:00,586.7242635149498,3.60313315834901,1.709779290431279,-6.137175963730131
2024-12-21 20:00:00,586.8053472854957,3.5749025994177828,1.6747220116380928,-6.55497189655155
2024-12-21 21:00:00,586.8862177742764,4.388964828534881,1.4789805890920367,-4.1441631919033295
2024-12-21 22:00:00,586.966861995114,5.732636069417936,2.114177332534044,-6.863675397065931
2024-12-21 23:00:00,587.0472659906766,4.462069589828957,6.280455607984495,-7.399791188490141
2024-12-22 00:00:00,587.127414719222,2.0987950368310067,1.9712732791496377,-3.6374830352025946
2024-12-22 01:00:00,587.2072921591936,2.442568827805758,0.9369884063401213,-2.466849393339456
2024-12-22 02:00:00,587.2868815011802,1.1200406934995044,3.1735506800214948,-0.4204728747012712
2024-12-22 03:00:00,587.3661654969626,2.090429834206134,3.8555118692100803,2.0378927996211846
2024-12-22 04:00:00,587.4451282733739,3.5993551660228604,5.811026681405988,1.9244898791970968
2024-12-22 05:00:00,587.5237555962406,6.464089245679702,5.278937352783391,0.853217805296339
2024-12-22 06:00:00,587.6020332501164,7.49209809034744,3.0988094592040714,-0.49294079966780846
2024-12-22 07:00:00,587.6799470880308,9.069510081401631,0.5172617342159209,-1.4167189036483272
2024-12-22 08:00:00,587.7574834782105,12.419930520871276,2.98272402523396,-4.340138024315762
2024-12-22 09:00:00,587.8346287865292,9.136143783217335,0.7659969768047111,-1.5467695465511602
2024-12-22 10:00:00,587.9113700953475,8.435280394278266,-2.0213566646953782,-1.5652938249303425
2024-12-22 11:00:00,587.987695411952,8.560183015884263,-5.199540953752439,-1.2583374740837787
2024-12-22 12:00:00,588.0635935155391,8.017551194205339,-9.379420951970623,-3.0317237577738805
2024-12-22 13:00:00,588.1390537822091,6.737161166176406,-11.163648170420231,-2.1625667779652775
2024-12-22 14:00:00,588.2140660509351,6.827057083653131,-8.149141961185215,-1.7819811734030193
2024-12-22 15:00:00,588.2886200187711,6.082229252653065,-7.935165569326608,-1.27568370209757
2024-12-22 16:00:00,588.3627050974021,6.08823156746314,-0.3606755215623131,-1.4202611433030825
2024-12-22 17:00:00,588.4363108993725,-1.4051793928000507,1.690863932089385,-10.651995438661839
2024-12-22 18:00:00,588.5094270092558,-1.2459698875081813,1.3137479610380232,-9.067205082785703
2024-12-22 19:00:00,588.5820431643282,-1.1992064857168998,1.3795403667516433,-9.152377045362835
2024-12-22 20:00:00,588.6541492222669,-1.6961656978927522,1.193313883687495,-9.94129740806169
2024-12-22 21:00:00,588.7257355022954,-1.924082598909422,0.704638180397404,-6.846291083783392
2024-12-22 22:00:00,588.7967931323124,-0.8689265103073467,1.4642272709437356,-6.512093892948713
2024-12-22 23:00:00,588.8673141701586,-2.5999929887634607,5.724427532766038,-5.741748714161201
2024-12-23 00:00:00,588.9372912606508,-1.457210099980557,1.787710136997233,-6.987791297667536
2024-12-23 01:00:00,589.0067176309635,-1.1355051668904252,0.8590544022619082,-6.750266866335012
2024-12-23 02:00:00,589.0755870243097,-1.5596159593005723,3.120451418737549,-7.996422483746686
2024-12-23 03:00:00,589.1438933697997,-1.415026043247849,4.228915834090118,-6.397783160641976
2024-12-23 04:00:00,589.2116305292809,-0.49922091328096485,6.496405552515458,-6.818815168515456
2024-12-23 05:00:00,589.2787924649381,0.012846752836594533,6.116773100170864,-7.988412317945585
2024-12-23 06:00:00,589.3453734379041,1.0704493827546457,4.014598525391832,-3.7104213460505138
2024-12-23 07:00:00,589.4113679355282,1.5345113190862776,1.3064217203495396,-4.1923009749641755
2024-12-23 08:00:00,589.476770711217,1.918381416952343,3.5536707245902854,-2.0588228527595858
2024-12-23 09:00:00,589.5415775720007,0.12827790971164177,0.9834803767212841,-4.18333585843364
2024-12-23 10:00:00,589.6057859295828,0.5243579170427211,-1.8260214812423747,-6.844122365383097
2024-12-23 11:00:00,589.669393918652,0.35554739513202094,-5.32862704017377,-6.656314273610318
2024-12-23 12:00:00,589.7324000622152,-0.9765683465752772,-9.41792120247278,-4.937910513167138
2024-12-23 13:00:00,589.7948036584833,-1.6612123566776518,-11.260508319819337,-5.573082981986371
2024-12-23 14:00:00,589.8566049098387,-0.5896599738867963,-8.206428023965255,-7.250516911986697
2024-12-23 15:00:00,589.917804877951,-1.0084957395395122,-7.947972519680897,-7.241336618730489
2024-12-23 16:00:00,589.9784050106259,0.8289874086304962,-0.3065098556584229,-6.490882563597986
2024-12-23 17:00:00,590.0384067035692,1.518104405154645,1.5262451777388764,-7.232756286462725
2024-12-23 18:00:00,590.0978106560968,0.9475820431441662,0.8043702618686004,-5.899762961109514
2024-12-23 19:00:00,590.1566167153765,0.9952986101047827,0.9082742182034269,-5.910189543684749
2024-12-23 20:00:00,590.214824064109,1.7496853511323707,0.6296073273794569,-5.644116742620788
2024-12-23 21:00:00,590.2724309983413,1.8309876361333863,-0.14529143097521752,-6.118127203499418
2024-12-23 22:00:00,590.329435022332,0.27381526855845095,0.8341143085465476,-4.397364599436964
2024-12-23 23:00:00,590.3858333141122,1.75279181666167,5.092193287449847,-4.790818418223696
2024-12-24 00:00:00,590.4416230383396,1.9863091251392007,1.4164791857953392,-5.694411349274118
2024-12-24 01:00:00,590.49680127764,1.948729221855956,0.5345714142302718,-5.140101913726191
2024-12-24 02:00:00,590.5513651792576,0.8907557294971866,3.189909726149124,-4.192030634903852
2024-12-24 03:00:00,590.6053119320396,1.9953043707386087,4.3507603975084645,-3.3913767002867905
2024-12-24 04:00:00,590.6586386905417,2.099666208277199,6.836648735072614,-3.664953633891548
2024-12-24 05:00:00,590.7113426614095,3.270669046066132,6.7201069121038515,-5.702118619579467
2024-12-24 06:00:00,590.7634208753294,0.9123955711100962,4.963122328209427,-5.418938774648944
2024-12-24 07:00:00,590.8148698625039,0.6952976860029594,2.137657588227093,-5.057825136733923
2024-12-24 08:00:00,590.8656853285163,0.36441818687490013,4.506564733018933,-4.936668248410076
2024-12-24 09:00:00,590.9158621227655,0.682180700855497,1.5709794609967593,-6.02902228461773
2024-12-24 10:00:00,590.9653941075942,-0.7702414286438852,-1.4856805741997228,-6.789472104750673
2024-12-24 11:00:00,591.0142741544635,1.0468083798367616,-5.078883907169678,-5.972198627130534
2024-12-24 12:00:00,591.062494017266,-1.699406123623362,-9.391810180088207,-3.061277713554479
2024-12-24 13:00:00,591.1100444749281,-0.5552197479006509,-11.291577459312402,-2.4532472677151236
2024-12-24 14:00:00,591.156916118268,0.28752482642130417,-8.078530648489565,-3.535910296199657
2024-12-24 15:00:00,591.2030991472064,0.013476808064865509,-7.943394826860865,-3.443181128410378
2024-12-24 16:00:00,591.2485832914605,0.48303894431455774,-0.21948155047724724,-4.212140685297831
2024-12-24 17:00:00,591.2933579229483,-1.655249976301775,1.3253179253094363,-1.0034258719559865
2024-12-24 18:00:00,591.3374125920498,-4.727022160181491,0.10422654544706471,1.065383022684574
2024-12-24 19:00:00,591.3807376666721,-4.701984867305896,0.24805550558574066,0.7831916950480898
2024-12-24 20:00:00,591.4233250083564,-4.768181950738722,-0.03278865401020692,-0.14235440360738777
2024-12-24 21:00:00,591.4651679166903,-4.207047528146063,-1.0277838788588773,0.16966349031446787
2024-12-24 22:00:00,591.5062603161683,-0.5772217751950848,0.3319137492286443,-2.02095229020193
2024-12-24 23:00:00,591.5465964890683,-0.6512729879656263,4.474966597633737,-1.3902900987363924
2024-12-25 00:00:00,591.5861714225778,-0.9934932073654181,0.8461564294894447,-0.4488346447018798
2024-12-25 01:00:00,591.6249803770003,-0.907795603239606,-0.06330715521723064,0.2461223814565629
2024-12-25 02:00:00,591.6630186386127,-0.9270314645823419,3.3726295436818794,0.061383282287716764
2024-12-25 03:00:00,591.7002817689723,-1.0161086728380724,4.252217211177481,1.3636096926881913
2024-12-25 04:00:00,591.7367664531757,0.12008636395432859,6.951426401445988,0.7417207814238223
2024-12-25 05:00:00,591.7724697503166,-0.02283539446227678,6.975495670894838,-1.2551300267491066
2024-12-25 06:00:00,591.8073891424389,-1.4990881033696724,5.687485559540303,-1.0457865986094161
2024-12-25 07:00:00,591.8415232514925,-1.3529188064482014,2.8296702802234033,-0.4282747252677225
2024-12-25 08:00:00,591.8748730450894,-2.859343442935142,5.681788761718061,-1.4073183638723477
2024-12-25 09:00:00,591.9074426197731,-1.7755578964722645,2.4929845697475264,-0.1248692930482685
2024-12-25 10:00:00,591.9392383933864,-1.1660429950424032,-0.9116052267427411,-3.101590171601233
2024-12-25 11:00:00,591.9702688293826,-2.9783781806046363,-4.4552782913589475,-2.4766123574190617
2024-12-25 12:00:00,592.0005444315452,-1.8312179755080251,-9.205388713272246,-0.8739377427649739
2024-12-25 13:00:00,592.0300773127917,-1.0021256182552634,-11.167901745881124,-0.3500499486553932
2024-12-25 14:00:00,592.05888087858,-1.5856002137908263,-7.790785098020055,-2.2524955667691793
2024-12-25 15:00:00,592.0869697896587,-0.5597433124049758,-7.872840000884152,-1.6143864763696831
2024-12-25 16:00:00,592.1143599300838,-0.6297619556997915,-0.16287034269533013,-2.0817276316886475
2024-12-25 17:00:00,592.1410682196469,1.1551231046450994,0.9824175938315105,2.8213910818765444
2024-12-25 18:00:00,592.1671124110898,1.651253748685349,-0.6137548833323738,4.415388723557294
2024-12-25 19:00:00,592.1925109495036,1.6155325301334642,-0.44056534486955,4.152521865232583
2024-12-25 20:00:00,592.2172828697829,0.31812879639289804,-0.7122945755430133,3.3068829093672107
2024-12-25 21:00:00,592.2414476269093,0.07823583306844739,-1.9500591108523966,3.78037565087456
2024-12-25 22:00:00,592.2650250089055,-0.9694200843972567,-0.13884544411687738,3.2232405196086726
2024-12-25 23:00:00,592.2880347794184,-0.9326249057156701,3.9191918052580474,2.255398321039268
2024-12-26 00:00:00,592.3104970245611,1.8253353344404104,0.15223170568809005,4.621935935310377
2024-12-26 01:00:00,592.3324321486024,1.8640605037480782,-0.8358407558281364,4.539348103477619
2024-12-26 02:00:00,592.3538607120786,-0.1289756627384122,3.4592148144805526,3.405900136179321
2024-12-26 03:00:00,592.3748032040896,2.025869175934872,3.9929572751115585,4.026370344863916
2024-12-26 04:00:00,592.387328262367,1.5368992980031635,6.829469837254385,3.2863026023754958
2024-12-26 05:00:00,592.3993756797692,1.4375789552024116,6.756603281971442,2.9064420830569926
2024-12-26 06:00:00,592.4109859491825,0.9073022043477295,6.061266443972333,3.1904454024974576
2024-12-26 07:00:00,592.4222011149623,0.3840827251938208,3.220540603337717,3.8431755565062407
2024-12-26 08:00:00,592.4330631352292,-0.3546636947262414,6.9835996829849885,3.25800087651217
2024-12-26 09:00:00,592.443612750181,-1.1228421776679625,3.664461045344961,1.5347683821419376
2024-12-26 10:00:00,592.4538887421937,0.7361861403043122,0.15940493342172873,3.1405201840802714
2024-12-26 11:00:00,592.463927456327,-0.1614562327783915,-3.511229801408177,3.498758577859433
2024-12-26 12:00:00,592.4737624523875,2.8097977769368754,-8.593094772773165,5.529534543448808
2024-12-26 13:00:00,592.4834243823402,2.277752012631481,-10.66683470265563,5.305658307683839
2024-12-26 14:00:00,592.492940892174,1.6483106810201207,-7.201960786172394,5.110709212978282
2024-12-26 15:00:00,592.5023367156837,2.628830002493487,-7.556272425463454,5.555105707286396
2024-12-26 16:00:00,592.5116338441763,1.4018800873698183,-0.025418057593142182,4.491904126046996
2024-12-26 17:00:00,592.5208516890831,2.2986943135800857,0.42182154375047215,6.488632453586349
2024-12-26 18:00:00,592.5300073059353,1.889824941896336,-1.2834494014179607,6.493617153586399
2024-12-26 19:00:00,592.5391155772239,2.098369352540658,-1.1018310747666196,6.784346145002162
2024-12-26 20:00:00,592.548189415933,2.275233677534743,-1.3868045224293502,6.753381428961543
2024-12-26 21:00:00,592.5572399520261,1.9935072055600358,-2.851309162732712,6.440562005146621
2024-12-26 22:00:00,592.5662767084023,1.7229079534124594,-0.5213801645157455,5.802195502701068
2024-12-26 23:00:00,592.57530777887,1.927956562165491,3.4186143168447365,4.278121342119847
2024-12-27 00:00:00,592.5843399909871,2.7640393453050365,-0.9102068520301928,5.021827515738069
2024-12-27 01:00:00,592.5933790350863,2.9966784918447047,-1.9620212101820347,5.101963683250988
2024-12-27 02:00:00,592.6024295652749,3.550448105587293,3.161011553201573,4.476110775936284
2024-12-27 03:00:00,592.6114953019593,2.152458513527563,3.3315215156915303,4.534524668821655
2024-12-27 04:00:00,592.6205791330137,1.2217844553939585,6.26131243254788,3.896323979044373
2024-12-27 05:00:00,592.6296832454367,0.12225585865428457,6.514035948347443,4.294024947561506
2024-12-27 06:00:00,592.6388092494487,1.7632333695496527,6.301986990885169,6.665970390116448
2024-12-27 07:00:00,592.6479582741281,1.9118801622279307,3.4738431698268237,6.336318393817151
2024-12-27 08:00:00,592.6571309841742,2.281236002964988,8.649102134599543,6.042530878261373
2024-12-27 09:00:00,592.6663276166745,2.8176305681737404,5.008827859185922,4.987213955965883
2024-12-27 10:00:00,592.67554801732,2.1819341480789944,1.5737942816904993,6.798723552910505
2024-12-27 11:00:00,592.6847916751179,2.695499914048355,-2.5103366267492166,5.740045037582952
2024-12-27 12:00:00,592.6940577715955,2.5374343188921102,-7.689407135266179,6.137915044778563
2024-12-27 13:00:00,592.7033452094503,2.916639319416504,-9.918912669215993,5.438928140349146
2024-12-27 14:00:00,592.7126526427511,4.14852713027858,-6.315262201270871,6.004082428241162
2024-12-27 15:00:00,592.7219784936559,3.4856565895734093,-7.0036832313853905,5.9860481481561525
2024-12-27 16:00:00,592.7313209586823,3.5276584029886635,0.38346968302515566,6.3575509553038385
2024-12-27 17:00:00,592.7406780381564,2.36178598055767,-0.5074258908769814,7.014961872162995
2024-12-27 18:00:00,592.7500475649913,0.5335247866216832,-2.143064925089674,6.369492573476706
2024-12-27 19:00:00,592.7594272565709,0.4862255058584424,-1.986699904181889,6.661047141752572
2024-12-27 20:00:00,592.7688147785121,1.3272635184846422,-2.2905221824133424,6.084443885416586
2024-12-27 21:00:00,592.7782077607097,2.8877770193198558,-3.9750742829279733,7.099089502898375
2024-12-27 22:00:00,592.7876037757622,4.684554677895562,-0.549741029385401,6.637582575727475
2024-12-27 23:00:00,592.7970003026727,5.8817841047970205,2.746554137615701,6.404661454914583
2024-12-28 00:00:00,592.8063947031044,1.0422965369072017,-2.101534953983351,5.912843713971745
2024-12-28 01:00:00,592.8157842387578,0.8585734406756274,-3.210354293702392,6.175996614268888
2024-12-28 02:00:00,592.8251661500528,2.4560591455249323,2.8672115264867726,8.751563177935417
2024-12-28 03:00:00,592.8345376736083,-0.35217731346449455,2.62921596729626,10.068423672559957
2024-12-28 04:00:00,592.8438960275896,1.459863066152252,5.616801773676615,11.079439132581523
2024-12-28 05:00:00,592.8532384604408,1.2666345897547444,6.282409786096944,9.40771716370738
2024-12-28 06:00:00,592.8625622260474,0.9485996300946908,6.533671006230578,8.195167137627177
2024-12-28 07:00:00,592.871864581443,1.5232170608651359,3.7137773677665806,6.871140989925283
2024-12-28 08:00:00,592.8811427944471,1.4371682801092902,10.42825010415947,6.883438821284148
2024-12-28 09:00:00,592.8903941339995,0.417237960446073,6.375568223885953,7.626799681668418
2024-12-28 10:00:00,592.8996158769735,0.10373942136482128,3.009253000261447,9.357391701400221
2024-12-28 11:00:00,592.9088053352775,2.212242699269609,-1.4947514376796922,6.873703403132596
2024-12-28 12:00:00,592.9179598570797,0.5461856101835565,-6.735108171954461,0.9209627046912119
2024-12-28 13:00:00,592.9270767912293,0.2733118047875678,-9.119478393187096,1.0290897971702768
2024-12-28 14:00:00,592.9361535146737,0.18722670264094177,-5.357740768019943,-2.185639449294588
2024-12-28 15:00:00,592.945187448543,0.07202869321588423,-6.378367161994821,0.08115102023586465
2024-12-28 16:00:00,592.9541760618512,0.5354211169720884,0.8692051264285806,1.0311976947481223
2024-12-28 17:00:00,592.9631168712634,1.285707865882614,-1.4570646847466946,-6.941760052399303
2024-12-28 18:00:00,592.9720074255337,1.5397871451391438,-3.0655456969312365,-5.666248873741518
2024-12-28 19:00:00,592.980845284677,1.8465580690073011,-2.938161599109376,-5.919241754574959
2024-12-28 20:00:00,592.9896280089786,1.4642637274615709,-3.2627053790939047,-6.401186357346343
2024-12-28 21:00:00,592.9983531534594,1.0211837638862562,-5.158940447653528,-3.740596469692109
2024-12-28 22:00:00,593.0070182782613,0.21438032430035037,-0.42850471912706856,-6.492893883434555
2024-12-28 23:00:00,593.0156209646999,0.6938844698594266,2.0537931295397134,-7.123298564099038
2024-12-29 00:00:00,593.0241588338857,1.3627437408848664,-3.3408518050135285,-2.7960507697571853
2024-12-29 01:00:00,593.032629535161,1.1229969961848383,-4.504229567424324,-1.7213969639216193
2024-12-29 02:00:00,593.0410307295566,0.8488792813893724,2.550984581880578,0.3091054071734507
2024-12-29 03:00:00,593.049360092955,4.1655752251278955,1.8835712861796308,3.051493395737459
2024-12-29 04:00:00,593.057615307729,3.581021405905176,4.945412212800831,2.955951073564906
2024-12-29 05:00:00,593.0657940067834,0.3970668716117416,6.062564458979055,1.6145746626257267
2024-12-29 06:00:00,593.0738937827058,0.8255908217771548,6.779663323434217,-0.20914792791708725
2024-12-29 07:00:00,593.0819122518617,1.7270137072650869,3.9788534166467553,-1.307779375773483
2024-12-29 08:00:00,593.0898470540259,1.8458510842688156,12.30048806469964,-4.436186202994343
2024-12-29 09:00:00,593.0976958288878,3.081698999286232,7.788990353522528,-1.1683851816966224
2024-12-29 10:00:00,593.105456202111,1.8585701895891589,4.481905760711081,-1.1359321524113657
2024-12-29 11:00:00,593.1131257673333,1.093585025662378,-0.4261783331494148,-0.9405324598461255
2024-12-29 12:00:00,593.1207021077017,-1.0225879830179565,-5.785928625764278,-2.9221854989194465
2024-12-29 13:00:00,593.128182832253,-1.33254852407822,-8.32961569890292,-2.0260186092717793
2024-12-29 14:00:00,593.1355656311056,-1.4810090207021176,-4.393794733657973,-1.5507618767454516
2024-12-29 15:00:00,593.1428482947033,-2.355318217678132,-5.7719849149547215,-0.965545162070464
2024-12-29 16:00:00,593.1500287220157,-2.3138314565602514,1.3702996620600738,-0.9564969275155442
2024-12-29 17:00:00,593.157104937814,-0.6320146673905356,-2.4568272681882535,-11.078263002235165
2024-12-29 18:00:00,593.1640750848728,0.5515547774311926,-4.009669901385607,-9.675959960918483
2024-12-29 19:00:00,593.1709373761897,0.21280870049599798,-3.9166408656982226,-9.817105210987496
2024-12-29 20:00:00,593.1776900566385,1.2035197944570655,-4.251790647413264,-10.679419203682277
2024-12-29 21:00:00,593.1843313978333,0.7197978383924237,-6.371731403946121,-7.432397832279536
2024-12-29 22:00:00,593.1908596768991,-0.6085934293713535,-0.315718254758084,-6.956547992769733
2024-12-29 23:00:00,593.1972731910531,0.6746555543692239,1.3819318643724159,-6.043860609794662
2024-12-30 00:00:00,593.2035702844527,0.43942515568971885,-4.604877083241752,-7.68811835690063
2024-12-30 01:00:00,593.2097493249242,0.018953896429138695,-5.822860696487099,-7.445842524866251
2024-12-30 02:00:00,593.2158087032973,-2.1235292938761177,2.1972734379859746,-8.989552847407126
2024-12-30 03:00:00,593.2217468584408,-2.3743598943204915,1.119195709588982,-7.216582673709354
2024-12-30 04:00:00,593.2275623329941,-2.3116412713043246,4.269711746988928,-7.565632808678782
2024-12-30 05:00:00,593.2332537903773,-1.7929423386347025,5.8741468261634315,-9.134458277905978
2024-12-30 06:00:00,593.2388200103392,-4.386482211884868,7.033403875952864,-4.365741674407226
2024-12-30 07:00:00,593.2442598868074,-4.793820328839047,4.255622916188714,-4.916062474157157
2024-12-30 08:00:00,593.2495724719939,-9.635330691357694,14.249737782349076,-2.3739795629852467
2024-12-30 09:00:00,593.2547569803039,-4.154802260510223,9.242329282834612,-4.842284002628295
2024-12-30 10:00:00,593.25981275832,-3.7615543439746943,5.991666984110888,-7.829925398456219
2024-12-30 11:00:00,593.2647393042893,-5.030333377652937,0.6627750684781308,-7.577180995114396
2024-12-30 12:00:00,593.2695362721402,-3.173162554165856,-4.839042745530673,-5.937330972443542
2024-12-30 13:00:00,593.2742034767588,-2.7480439973819557,-7.539969163071874,-6.646190316304882
2024-12-30 14:00:00,593.2787408700694,-2.8286948433574253,-3.421715419091762,-8.258330607620174
2024-12-30 15:00:00,593.2831485255707,-1.7817085790235296,-5.172637963337425,-8.17880198320968
2024-12-30 16:00:00,593.2874266300198,-2.5712074544161396,1.8867530591220463,-7.262972234725713
2024-12-30 17:00:00,593.2915754639878,-5.063839487162909,-3.5085163249990003,-8.219219651825872
2024-12-30 18:00:00,593.2955954223738,-5.357441916417542,-4.9606999140857555,-6.637453591870496
2024-12-30 19:00:00,593.2994870565997,-5.517091498654281,-4.91099475030758,-6.651400807637792
2024-12-30 20:00:00,593.3032510854486,-6.5928217464655745,-5.249337651431395,-6.221091687551659
2024-12-30 21:00:00,593.3068883942011,-7.446230943706155,-7.616955114397465,-6.783702336097451
2024-12-30 22:00:00,593.3104000320675,-14.087156145847416,-0.19503490813358,-4.75820897808648
2024-12-30 23:00:00,593.3137871782383,-8.641695142700883,0.7190301897291079,-5.361122225266532
2024-12-31 00:00:00,593.3170510565039,-7.57044691665044,-5.887661847505987,-6.298942292347522
2024-12-31 01:00:00,593.3201930005623,-7.2890130566603375,-7.16107843899799,-5.5801015049040545
2024-12-31 02:00:00,593.3232144924256,-13.406789524613941,1.807370626341321,-4.583795594152977
2024-12-31 03:00:00,593.3261171429629,-16.154229987945087,0.33956722178607907,-3.631454376803811
2024-12-31 04:00:00,593.3289025809946,-15.601942580581067,3.5823051839911844,-3.9892651844046596
2024-12-31 05:00:00,593.3315724279362,-15.918400196571838,5.730770926621749,-6.143943157986113
2024-12-31 06:00:00,593.3341282962823,-18.144711587267807,7.275295585505727,-5.864712294520233
2024-12-31 07:00:00,593.3365717903309,-18.898338893627624,4.515414788410583,-5.523647685113932
2024-12-31 08:00:00,593.3389045060832,-20.89610185927029,16.254842931218032,-5.297645578030945
2024-12-31 09:00:00,593.341128030326,-18.146753700790555,10.70993017148232,-6.5643045010178245
2024-12-31 10:00:00,593.3432439419727,-21.490580235821994,7.518218558151518,-7.51088226430216
2024-12-31 11:00:00,593.3452538110416,-21.765339895498528,1.7309380611667882,-6.410851976709886
2024-12-31 12:00:00,593.3471591982247,-22.58399542937309,-3.8743307681055716,-3.208833000746102
2024-12-31 13:00:00,593.3489616562642,-20.74347640052963,-6.723077014509623,-2.562408241224976
2024-12-31 14:00:00,593.3506627283942,-20.95568961526874,-2.4204725415276744,-3.704500571597755
2024-12-31 15:00:00,593.3522639499462,-18.86621804704066,-4.540006064312745,-3.616039838592804
2024-12-31 16:00:00,593.3537668460804,-16.431485863046873,2.4393531673346076,-4.551634150368169
2024-12-31 17:00:00,593.3551729342649,0.9610553914410502,-4.60376181866438,-1.4424665070416423
2024-12-31 18:00:00,593.3564837143887,3.0322723634895965,-5.925791746719526,1.0070356688412827
2024-12-31 19:00:00,593.3577006218264,3.0048185406507173,-5.929198030659521,0.7266788681824103
2024-12-31 20:00:00,593.3588249591771,2.4229437261864177,-6.278378823564421,-0.24338986179917385
2024-12-31 21:00:00,593.3598578834909,2.912545421134496,-8.922345745567217,0.2199424409418826
2024-12-31 22:00:00,593.360800418024,-3.8509092088934267,-0.05571599102049486,-2.6741752181101
2024-12-31 23:00:00,593.3616534927132,-1.0654795665541315,0.015429328343514737,-1.9116032545026105
